timestamp,zone_id,occupancy
2026-01-14 23:00:00,Z001,4.0
2026-01-14 23:30:00,Z001,4.0
2026-01-15 00:00:00,Z001,4.0
2026-01-15 00:30:00,Z001,3.0
2026-01-15 01:00:00,Z001,1.0
2026-01-15 01:30:00,Z001,0.0
2026-01-15 02:00:00,Z001,0.0
2026-01-15 02:30:00,Z001,0.0
2026-01-15 03:00:00,Z001,0.0
2026-01-15 03:30:00,Z001,1.0
2026-01-15 04:00:00,Z001,1.0
2026-01-15 04:30:00,Z001,1.0
2026-01-15 05:00:00,Z001,1.0
2026-01-15 05:30:00,Z001,3.0
2026-01-15 06:00:00,Z001,3.0
2026-01-15 06:30:00,Z001,5.0
2026-01-15 07:00:00,Z001,8.0
2026-01-15 07:30:00,Z001,6.0
2026-01-15 08:00:00,Z001,7.0
2026-01-15 08:30:00,Z001,13.0
2026-01-15 09:00:00,Z001,14.0
2026-01-15 09:30:00,Z001,19.0
2026-01-15 10:00:00,Z001,18.0
2026-01-15 10:30:00,Z001,17.0
2026-01-15 11:00:00,Z001,14.0
2026-01-15 11:30:00,Z001,8.0
2026-01-15 12:00:00,Z001,13.0
2026-01-15 12:30:00,Z001,18.0
2026-01-15 13:00:00,Z001,15.0
2026-01-15 13:30:00,Z001,16.0
2026-01-15 14:00:00,Z001,17.0
2026-01-15 14:30:00,Z001,14.0
2026-01-15 15:00:00,Z001,13.0
2026-01-15 15:30:00,Z001,9.0
2026-01-15 16:00:00,Z001,6.0
2026-01-15 16:30:00,Z001,5.0
2026-01-15 17:00:00,Z001,4.0
2026-01-15 17:30:00,Z001,11.0
2026-01-15 18:00:00,Z001,19.0
2026-01-15 18:30:00,Z001,20.0
2026-01-15 19:00:00,Z001,29.0
2026-01-15 19:30:00,Z001,21.0
2026-01-15 20:00:00,Z001,22.0
2026-01-15 20:30:00,Z001,15.0
2026-01-15 21:00:00,Z001,8.0
2026-01-15 21:30:00,Z001,6.0
2026-01-15 22:00:00,Z001,7.0
2026-01-15 22:30:00,Z001,6.0
2026-01-15 23:00:00,Z001,8.0
2026-01-15 23:30:00,Z001,8.0
2026-01-16 00:00:00,Z001,7.0
2026-01-16 00:30:00,Z001,5.0
2026-01-16 01:00:00,Z001,3.0
2026-01-16 01:30:00,Z001,2.0
2026-01-16 02:00:00,Z001,1.0
2026-01-16 02:30:00,Z001,0.0
2026-01-16 03:00:00,Z001,1.0
2026-01-16 03:30:00,Z001,1.0
2026-01-16 04:00:00,Z001,1.0
2026-01-16 04:30:00,Z001,2.0
2026-01-16 05:00:00,Z001,1.0
2026-01-16 05:30:00,Z001,2.0
2026-01-16 06:00:00,Z001,1.0
2026-01-16 06:30:00,Z001,1.0
2026-01-16 07:00:00,Z001,1.0
2026-01-16 07:30:00,Z001,4.0
2026-01-16 08:00:00,Z001,6.0
2026-01-16 08:30:00,Z001,12.0
2026-01-16 09:00:00,Z001,14.0
2026-01-16 09:30:00,Z001,17.0
2026-01-16 10:00:00,Z001,6.0
2026-01-16 10:30:00,Z001,14.0
2026-01-16 11:00:00,Z001,17.0
2026-01-16 11:30:00,Z001,13.0
2026-01-16 12:00:00,Z001,10.0
2026-01-16 12:30:00,Z001,13.0
2026-01-16 13:00:00,Z001,16.0
2026-01-16 13:30:00,Z001,21.0
2026-01-16 14:00:00,Z001,18.0
2026-01-16 14:30:00,Z001,12.0
2026-01-16 15:00:00,Z001,9.0
2026-01-16 15:30:00,Z001,6.0
2026-01-16 16:00:00,Z001,7.0
2026-01-16 16:30:00,Z001,3.0
2026-01-16 17:00:00,Z001,1.0
2026-01-16 17:30:00,Z001,13.0
2026-01-16 18:00:00,Z001,14.0
2026-01-16 18:30:00,Z001,21.0
2026-01-16 19:00:00,Z001,22.0
2026-01-16 19:30:00,Z001,19.0
2026-01-16 20:00:00,Z001,21.0
2026-01-16 20:30:00,Z001,13.0
2026-01-16 21:00:00,Z001,11.0
2026-01-16 21:30:00,Z001,7.0
2026-01-16 22:00:00,Z001,7.0
2026-01-16 22:30:00,Z001,7.0
2026-01-16 23:00:00,Z001,6.0
2026-01-16 23:30:00,Z001,7.0
2026-01-17 00:00:00,Z001,3.0
2026-01-17 00:30:00,Z001,2.0
2026-01-17 01:00:00,Z001,0.0
2026-01-17 01:30:00,Z001,0.0
2026-01-17 02:00:00,Z001,0.0
2026-01-17 02:30:00,Z001,0.0
2026-01-17 03:00:00,Z001,0.0
2026-01-17 03:30:00,Z001,0.0
2026-01-17 04:00:00,Z001,0.0
2026-01-17 04:30:00,Z001,1.0
2026-01-17 05:00:00,Z001,1.0
2026-01-17 05:30:00,Z001,8.0
2026-01-17 06:00:00,Z001,9.0
2026-01-17 06:30:00,Z001,8.0
2026-01-17 07:00:00,Z001,5.0
2026-01-17 07:30:00,Z001,6.0
2026-01-17 08:00:00,Z001,7.0
2026-01-17 08:30:00,Z001,15.0
2026-01-17 09:00:00,Z001,24.0
2026-01-17 09:30:00,Z001,25.0
2026-01-17 10:00:00,Z001,31.0
2026-01-17 10:30:00,Z001,21.0
2026-01-17 11:00:00,Z001,18.0
2026-01-17 11:30:00,Z001,10.0
2026-01-17 12:00:00,Z001,8.0
2026-01-17 12:30:00,Z001,15.0
2026-01-17 13:00:00,Z001,17.0
2026-01-17 13:30:00,Z001,17.0
2026-01-17 14:00:00,Z001,19.0
2026-01-17 14:30:00,Z001,13.0
2026-01-17 15:00:00,Z001,9.0
2026-01-17 15:30:00,Z001,11.0
2026-01-17 16:00:00,Z001,8.0
2026-01-17 16:30:00,Z001,9.0
2026-01-17 17:00:00,Z001,6.0
2026-01-17 17:30:00,Z001,13.0
2026-01-17 18:00:00,Z001,19.0
2026-01-17 18:30:00,Z001,20.0
2026-01-17 19:00:00,Z001,24.0
2026-01-17 19:30:00,Z001,24.0
2026-01-17 20:00:00,Z001,34.0
2026-01-17 20:30:00,Z001,20.0
2026-01-17 21:00:00,Z001,12.0
2026-01-17 21:30:00,Z001,6.0
2026-01-17 22:00:00,Z001,8.0
2026-01-17 22:30:00,Z001,8.0
2026-01-17 23:00:00,Z001,5.0
2026-01-17 23:30:00,Z001,5.0
2026-01-18 00:00:00,Z001,4.0
2026-01-18 00:30:00,Z001,3.0
2026-01-18 01:00:00,Z001,3.0
2026-01-18 01:30:00,Z001,0.0
2026-01-18 02:00:00,Z001,0.0
2026-01-18 02:30:00,Z001,0.0
2026-01-18 03:00:00,Z001,0.0
2026-01-18 03:30:00,Z001,0.0
2026-01-18 04:00:00,Z001,0.0
2026-01-18 04:30:00,Z001,0.0
2026-01-18 05:00:00,Z001,0.0
2026-01-18 05:30:00,Z001,1.0
2026-01-18 06:00:00,Z001,3.0
2026-01-18 06:30:00,Z001,3.0
2026-01-18 07:00:00,Z001,3.0
2026-01-18 07:30:00,Z001,3.0
2026-01-18 08:00:00,Z001,4.0
2026-01-18 08:30:00,Z001,5.0
2026-01-18 09:00:00,Z001,8.0
2026-01-18 09:30:00,Z001,15.0
2026-01-18 10:00:00,Z001,16.0
2026-01-18 10:30:00,Z001,16.0
2026-01-18 11:00:00,Z001,15.0
2026-01-18 11:30:00,Z001,9.0
2026-01-18 12:00:00,Z001,4.0
2026-01-18 12:30:00,Z001,6.0
2026-01-18 13:00:00,Z001,10.0
2026-01-18 13:30:00,Z001,17.0
2026-01-18 14:00:00,Z001,18.0
2026-01-18 14:30:00,Z001,16.0
2026-01-18 15:00:00,Z001,12.0
2026-01-18 15:30:00,Z001,5.0
2026-01-18 16:00:00,Z001,3.0
2026-01-18 16:30:00,Z001,3.0
2026-01-18 17:00:00,Z001,2.0
2026-01-18 17:30:00,Z001,13.0
2026-01-18 18:00:00,Z001,16.0
2026-01-18 18:30:00,Z001,21.0
2026-01-18 19:00:00,Z001,20.0
2026-01-18 19:30:00,Z001,19.0
2026-01-18 20:00:00,Z001,22.0
2026-01-18 20:30:00,Z001,19.0
2026-01-18 21:00:00,Z001,9.0
2026-01-18 21:30:00,Z001,6.0
2026-01-18 22:00:00,Z001,6.0
2026-01-18 22:30:00,Z001,5.0
2026-01-18 23:00:00,Z001,2.0
2026-01-18 23:30:00,Z001,3.0
2026-01-19 00:00:00,Z001,4.0
2026-01-19 00:30:00,Z001,3.0
2026-01-19 01:00:00,Z001,2.0
2026-01-19 01:30:00,Z001,2.0
2026-01-19 02:00:00,Z001,2.0
2026-01-19 02:30:00,Z001,1.0
2026-01-19 03:00:00,Z001,1.0
2026-01-19 03:30:00,Z001,0.0
2026-01-19 04:00:00,Z001,0.0
2026-01-19 04:30:00,Z001,0.0
2026-01-19 05:00:00,Z001,0.0
2026-01-19 05:30:00,Z001,1.0
2026-01-19 06:00:00,Z001,4.0
2026-01-19 06:30:00,Z001,9.0
2026-01-19 07:00:00,Z001,4.0
2026-01-19 07:30:00,Z001,6.0
2026-01-19 08:00:00,Z001,3.0
2026-01-19 08:30:00,Z001,14.0
2026-01-19 09:00:00,Z001,19.0
2026-01-19 09:30:00,Z001,16.0
2026-01-19 10:00:00,Z001,13.0
2026-01-19 10:30:00,Z001,8.0
2026-01-19 11:00:00,Z001,9.0
2026-01-19 11:30:00,Z001,11.0
2026-01-19 12:00:00,Z001,9.0
2026-01-19 12:30:00,Z001,17.0
2026-01-19 13:00:00,Z001,19.0
2026-01-19 13:30:00,Z001,19.0
2026-01-19 14:00:00,Z001,14.0
2026-01-19 14:30:00,Z001,9.0
2026-01-19 15:00:00,Z001,6.0
2026-01-19 15:30:00,Z001,10.0
2026-01-19 16:00:00,Z001,12.0
2026-01-19 16:30:00,Z001,11.0
2026-01-19 17:00:00,Z001,8.0
2026-01-19 17:30:00,Z001,14.0
2026-01-19 18:00:00,Z001,18.0
2026-01-19 18:30:00,Z001,22.0
2026-01-19 19:00:00,Z001,33.0
2026-01-19 19:30:00,Z001,31.0
2026-01-19 20:00:00,Z001,25.0
2026-01-19 20:30:00,Z001,15.0
2026-01-19 21:00:00,Z001,9.0
2026-01-19 21:30:00,Z001,8.0
2026-01-19 22:00:00,Z001,6.0
2026-01-19 22:30:00,Z001,10.0
2026-01-19 23:00:00,Z001,6.0
2026-01-19 23:30:00,Z001,8.0
2026-01-20 00:00:00,Z001,7.0
2026-01-20 00:30:00,Z001,3.0
2026-01-20 01:00:00,Z001,1.0
2026-01-20 01:30:00,Z001,1.0
2026-01-20 02:00:00,Z001,2.0
2026-01-20 02:30:00,Z001,1.0
2026-01-20 03:00:00,Z001,0.0
2026-01-20 03:30:00,Z001,0.0
2026-01-20 04:00:00,Z001,0.0
2026-01-20 04:30:00,Z001,2.0
2026-01-20 05:00:00,Z001,2.0
2026-01-20 05:30:00,Z001,2.0
2026-01-20 06:00:00,Z001,3.0
2026-01-20 06:30:00,Z001,4.0
2026-01-20 07:00:00,Z001,6.0
2026-01-20 07:30:00,Z001,6.0
2026-01-20 08:00:00,Z001,7.0
2026-01-20 08:30:00,Z001,15.0
2026-01-20 09:00:00,Z001,16.0
2026-01-20 09:30:00,Z001,21.0
2026-01-20 10:00:00,Z001,22.0
2026-01-20 10:30:00,Z001,13.0
2026-01-20 11:00:00,Z001,16.0
2026-01-20 11:30:00,Z001,11.0
2026-01-20 12:00:00,Z001,9.0
2026-01-20 12:30:00,Z001,13.0
2026-01-20 13:00:00,Z001,16.0
2026-01-20 13:30:00,Z001,22.0
2026-01-20 14:00:00,Z001,23.0
2026-01-20 14:30:00,Z001,18.0
2026-01-20 15:00:00,Z001,10.0
2026-01-20 15:30:00,Z001,6.0
2026-01-20 16:00:00,Z001,2.0
2026-01-20 16:30:00,Z001,5.0
2026-01-20 17:00:00,Z001,4.0
2026-01-20 17:30:00,Z001,11.0
2026-01-20 18:00:00,Z001,17.0
2026-01-20 18:30:00,Z001,21.0
2026-01-20 19:00:00,Z001,27.0
2026-01-20 19:30:00,Z001,27.0
2026-01-20 20:00:00,Z001,17.0
2026-01-20 20:30:00,Z001,12.0
2026-01-20 21:00:00,Z001,11.0
2026-01-20 21:30:00,Z001,9.0
2026-01-20 22:00:00,Z001,11.0
2026-01-20 22:30:00,Z001,8.0
2026-01-20 23:00:00,Z001,10.0
2026-01-20 23:30:00,Z001,10.0
2026-01-21 00:00:00,Z001,7.0
2026-01-21 00:30:00,Z001,5.0
2026-01-21 01:00:00,Z001,3.0
2026-01-21 01:30:00,Z001,1.0
2026-01-21 02:00:00,Z001,0.0
2026-01-21 02:30:00,Z001,1.0
2026-01-21 03:00:00,Z001,0.0
2026-01-21 03:30:00,Z001,1.0
2026-01-21 04:00:00,Z001,1.0
2026-01-21 04:30:00,Z001,1.0
2026-01-21 05:00:00,Z001,0.0
2026-01-21 05:30:00,Z001,5.0
2026-01-21 06:00:00,Z001,9.0
2026-01-21 06:30:00,Z001,8.0
2026-01-21 07:00:00,Z001,7.0
2026-01-21 07:30:00,Z001,8.0
2026-01-21 08:00:00,Z001,10.0
2026-01-21 08:30:00,Z001,13.0
2026-01-21 09:00:00,Z001,14.0
2026-01-21 09:30:00,Z001,13.0
2026-01-21 10:00:00,Z001,12.0
2026-01-21 10:30:00,Z001,14.0
2026-01-21 11:00:00,Z001,15.0
2026-01-21 11:30:00,Z001,11.0
2026-01-21 12:00:00,Z001,8.0
2026-01-21 12:30:00,Z001,14.0
2026-01-21 13:00:00,Z001,18.0
2026-01-21 13:30:00,Z001,16.0
2026-01-21 14:00:00,Z001,24.0
2026-01-21 14:30:00,Z001,18.0
2026-01-21 15:00:00,Z001,11.0
2026-01-21 15:30:00,Z001,8.0
2026-01-21 16:00:00,Z001,6.0
2026-01-21 16:30:00,Z001,6.0
2026-01-21 17:00:00,Z001,11.0
2026-01-21 17:30:00,Z001,11.0
2026-01-21 18:00:00,Z001,16.0
2026-01-21 18:30:00,Z001,21.0
2026-01-21 19:00:00,Z001,17.0
2026-01-21 19:30:00,Z001,19.0
2026-01-21 20:00:00,Z001,30.0
2026-01-21 20:30:00,Z001,19.0
2026-01-21 21:00:00,Z001,8.0
2026-01-21 21:30:00,Z001,5.0
2026-01-21 22:00:00,Z001,2.0
2026-01-21 22:30:00,Z001,5.0
2026-01-21 23:00:00,Z001,10.0
2026-01-14 23:00:00,Z002,20.0
2026-01-14 23:30:00,Z002,19.0
2026-01-15 00:00:00,Z002,20.0
2026-01-15 00:30:00,Z002,14.0
2026-01-15 01:00:00,Z002,8.0
2026-01-15 01:30:00,Z002,4.0
2026-01-15 02:00:00,Z002,3.0
2026-01-15 02:30:00,Z002,2.0
2026-01-15 03:00:00,Z002,4.0
2026-01-15 03:30:00,Z002,2.0
2026-01-15 04:00:00,Z002,2.0
2026-01-15 04:30:00,Z002,2.0
2026-01-15 05:00:00,Z002,1.0
2026-01-15 05:30:00,Z002,4.0
2026-01-15 06:00:00,Z002,10.0
2026-01-15 06:30:00,Z002,13.0
2026-01-15 07:00:00,Z002,15.0
2026-01-15 07:30:00,Z002,19.0
2026-01-15 08:00:00,Z002,16.0
2026-01-15 08:30:00,Z002,30.0
2026-01-15 09:00:00,Z002,33.0
2026-01-15 09:30:00,Z002,37.0
2026-01-15 10:00:00,Z002,45.0
2026-01-15 10:30:00,Z002,47.0
2026-01-15 11:00:00,Z002,37.0
2026-01-15 11:30:00,Z002,27.0
2026-01-15 12:00:00,Z002,22.0
2026-01-15 12:30:00,Z002,35.0
2026-01-15 13:00:00,Z002,39.0
2026-01-15 13:30:00,Z002,50.0
2026-01-15 14:00:00,Z002,53.0
2026-01-15 14:30:00,Z002,43.0
2026-01-15 15:00:00,Z002,21.0
2026-01-15 15:30:00,Z002,14.0
2026-01-15 16:00:00,Z002,13.0
2026-01-15 16:30:00,Z002,11.0
2026-01-15 17:00:00,Z002,10.0
2026-01-15 17:30:00,Z002,33.0
2026-01-15 18:00:00,Z002,52.0
2026-01-15 18:30:00,Z002,57.0
2026-01-15 19:00:00,Z002,57.0
2026-01-15 19:30:00,Z002,57.0
2026-01-15 20:00:00,Z002,53.0
2026-01-15 20:30:00,Z002,38.0
2026-01-15 21:00:00,Z002,28.0
2026-01-15 21:30:00,Z002,21.0
2026-01-15 22:00:00,Z002,17.0
2026-01-15 22:30:00,Z002,15.0
2026-01-15 23:00:00,Z002,15.0
2026-01-15 23:30:00,Z002,17.0
2026-01-16 00:00:00,Z002,22.0
2026-01-16 00:30:00,Z002,16.0
2026-01-16 01:00:00,Z002,10.0
2026-01-16 01:30:00,Z002,9.0
2026-01-16 02:00:00,Z002,8.0
2026-01-16 02:30:00,Z002,6.0
2026-01-16 03:00:00,Z002,6.0
2026-01-16 03:30:00,Z002,3.0
2026-01-16 04:00:00,Z002,2.0
2026-01-16 04:30:00,Z002,2.0
2026-01-16 05:00:00,Z002,3.0
2026-01-16 05:30:00,Z002,7.0
2026-01-16 06:00:00,Z002,11.0
2026-01-16 06:30:00,Z002,12.0
2026-01-16 07:00:00,Z002,12.0
2026-01-16 07:30:00,Z002,12.0
2026-01-16 08:00:00,Z002,14.0
2026-01-16 08:30:00,Z002,30.0
2026-01-16 09:00:00,Z002,39.0
2026-01-16 09:30:00,Z002,40.0
2026-01-16 10:00:00,Z002,46.0
2026-01-16 10:30:00,Z002,45.0
2026-01-16 11:00:00,Z002,47.0
2026-01-16 11:30:00,Z002,32.0
2026-01-16 12:00:00,Z002,32.0
2026-01-16 12:30:00,Z002,37.0
2026-01-16 13:00:00,Z002,37.0
2026-01-16 13:30:00,Z002,41.0
2026-01-16 14:00:00,Z002,42.0
2026-01-16 14:30:00,Z002,36.0
2026-01-16 15:00:00,Z002,27.0
2026-01-16 15:30:00,Z002,23.0
2026-01-16 16:00:00,Z002,14.0
2026-01-16 16:30:00,Z002,13.0
2026-01-16 17:00:00,Z002,17.0
2026-01-16 17:30:00,Z002,23.0
2026-01-16 18:00:00,Z002,50.0
2026-01-16 18:30:00,Z002,55.0
2026-01-16 19:00:00,Z002,58.0
2026-01-16 19:30:00,Z002,66.0
2026-01-16 20:00:00,Z002,67.0
2026-01-16 20:30:00,Z002,52.0
2026-01-16 21:00:00,Z002,46.0
2026-01-16 21:30:00,Z002,34.0
2026-01-16 22:00:00,Z002,23.0
2026-01-16 22:30:00,Z002,17.0
2026-01-16 23:00:00,Z002,13.0
2026-01-16 23:30:00,Z002,10.0
2026-01-17 00:00:00,Z002,8.0
2026-01-17 00:30:00,Z002,2.0
2026-01-17 01:00:00,Z002,1.0
2026-01-17 01:30:00,Z002,1.0
2026-01-17 02:00:00,Z002,0.0
2026-01-17 02:30:00,Z002,0.0
2026-01-17 03:00:00,Z002,1.0
2026-01-17 03:30:00,Z002,2.0
2026-01-17 04:00:00,Z002,3.0
2026-01-17 04:30:00,Z002,4.0
2026-01-17 05:00:00,Z002,3.0
2026-01-17 05:30:00,Z002,6.0
2026-01-17 06:00:00,Z002,9.0
2026-01-17 06:30:00,Z002,14.0
2026-01-17 07:00:00,Z002,17.0
2026-01-17 07:30:00,Z002,15.0
2026-01-17 08:00:00,Z002,16.0
2026-01-17 08:30:00,Z002,17.0
2026-01-17 09:00:00,Z002,33.0
2026-01-17 09:30:00,Z002,35.0
2026-01-17 10:00:00,Z002,38.0
2026-01-17 10:30:00,Z002,43.0
2026-01-17 11:00:00,Z002,47.0
2026-01-17 11:30:00,Z002,38.0
2026-01-17 12:00:00,Z002,32.0
2026-01-17 12:30:00,Z002,43.0
2026-01-17 13:00:00,Z002,47.0
2026-01-17 13:30:00,Z002,55.0
2026-01-17 14:00:00,Z002,53.0
2026-01-17 14:30:00,Z002,38.0
2026-01-17 15:00:00,Z002,23.0
2026-01-17 15:30:00,Z002,23.0
2026-01-17 16:00:00,Z002,23.0
2026-01-17 16:30:00,Z002,20.0
2026-01-17 17:00:00,Z002,20.0
2026-01-17 17:30:00,Z002,43.0
2026-01-17 18:00:00,Z002,55.0
2026-01-17 18:30:00,Z002,62.0
2026-01-17 19:00:00,Z002,64.0
2026-01-17 19:30:00,Z002,61.0
2026-01-17 20:00:00,Z002,65.0
2026-01-17 20:30:00,Z002,53.0
2026-01-17 21:00:00,Z002,36.0
2026-01-17 21:30:00,Z002,25.0
2026-01-17 22:00:00,Z002,16.0
2026-01-17 22:30:00,Z002,14.0
2026-01-17 23:00:00,Z002,22.0
2026-01-17 23:30:00,Z002,25.0
2026-01-18 00:00:00,Z002,22.0
2026-01-18 00:30:00,Z002,13.0
2026-01-18 01:00:00,Z002,7.0
2026-01-18 01:30:00,Z002,4.0
2026-01-18 02:00:00,Z002,2.0
2026-01-18 02:30:00,Z002,1.0
2026-01-18 03:00:00,Z002,0.0
2026-01-18 03:30:00,Z002,0.0
2026-01-18 04:00:00,Z002,1.0
2026-01-18 04:30:00,Z002,1.0
2026-01-18 05:00:00,Z002,0.0
2026-01-18 05:30:00,Z002,6.0
2026-01-18 06:00:00,Z002,12.0
2026-01-18 06:30:00,Z002,18.0
2026-01-18 07:00:00,Z002,16.0
2026-01-18 07:30:00,Z002,13.0
2026-01-18 08:00:00,Z002,18.0
2026-01-18 08:30:00,Z002,25.0
2026-01-18 09:00:00,Z002,33.0
2026-01-18 09:30:00,Z002,44.0
2026-01-18 10:00:00,Z002,44.0
2026-01-18 10:30:00,Z002,47.0
2026-01-18 11:00:00,Z002,45.0
2026-01-18 11:30:00,Z002,30.0
2026-01-18 12:00:00,Z002,26.0
2026-01-18 12:30:00,Z002,26.0
2026-01-18 13:00:00,Z002,37.0
2026-01-18 13:30:00,Z002,46.0
2026-01-18 14:00:00,Z002,51.0
2026-01-18 14:30:00,Z002,43.0
2026-01-18 15:00:00,Z002,28.0
2026-01-18 15:30:00,Z002,20.0
2026-01-18 16:00:00,Z002,18.0
2026-01-18 16:30:00,Z002,21.0
2026-01-18 17:00:00,Z002,21.0
2026-01-18 17:30:00,Z002,30.0
2026-01-18 18:00:00,Z002,40.0
2026-01-18 18:30:00,Z002,53.0
2026-01-18 19:00:00,Z002,57.0
2026-01-18 19:30:00,Z002,58.0
2026-01-18 20:00:00,Z002,59.0
2026-01-18 20:30:00,Z002,50.0
2026-01-18 21:00:00,Z002,36.0
2026-01-18 21:30:00,Z002,31.0
2026-01-18 22:00:00,Z002,25.0
2026-01-18 22:30:00,Z002,21.0
2026-01-18 23:00:00,Z002,17.0
2026-01-18 23:30:00,Z002,19.0
2026-01-19 00:00:00,Z002,19.0
2026-01-19 00:30:00,Z002,13.0
2026-01-19 01:00:00,Z002,8.0
2026-01-19 01:30:00,Z002,5.0
2026-01-19 02:00:00,Z002,4.0
2026-01-19 02:30:00,Z002,5.0
2026-01-19 03:00:00,Z002,3.0
2026-01-19 03:30:00,Z002,2.0
2026-01-19 04:00:00,Z002,2.0
2026-01-19 04:30:00,Z002,2.0
2026-01-19 05:00:00,Z002,2.0
2026-01-19 05:30:00,Z002,2.0
2026-01-19 06:00:00,Z002,7.0
2026-01-19 06:30:00,Z002,9.0
2026-01-19 07:00:00,Z002,10.0
2026-01-19 07:30:00,Z002,11.0
2026-01-19 08:00:00,Z002,16.0
2026-01-19 08:30:00,Z002,32.0
2026-01-19 09:00:00,Z002,41.0
2026-01-19 09:30:00,Z002,42.0
2026-01-19 10:00:00,Z002,40.0
2026-01-19 10:30:00,Z002,39.0
2026-01-19 11:00:00,Z002,40.0
2026-01-19 11:30:00,Z002,23.0
2026-01-19 12:00:00,Z002,20.0
2026-01-19 12:30:00,Z002,31.0
2026-01-19 13:00:00,Z002,37.0
2026-01-19 13:30:00,Z002,41.0
2026-01-19 14:00:00,Z002,56.0
2026-01-19 14:30:00,Z002,41.0
2026-01-19 15:00:00,Z002,30.0
2026-01-19 15:30:00,Z002,27.0
2026-01-19 16:00:00,Z002,26.0
2026-01-19 16:30:00,Z002,21.0
2026-01-19 17:00:00,Z002,18.0
2026-01-19 17:30:00,Z002,28.0
2026-01-19 18:00:00,Z002,41.0
2026-01-19 18:30:00,Z002,52.0
2026-01-19 19:00:00,Z002,63.0
2026-01-19 19:30:00,Z002,67.0
2026-01-19 20:00:00,Z002,64.0
2026-01-19 20:30:00,Z002,51.0
2026-01-19 21:00:00,Z002,31.0
2026-01-19 21:30:00,Z002,21.0
2026-01-19 22:00:00,Z002,16.0
2026-01-19 22:30:00,Z002,16.0
2026-01-19 23:00:00,Z002,14.0
2026-01-19 23:30:00,Z002,15.0
2026-01-20 00:00:00,Z002,17.0
2026-01-20 00:30:00,Z002,11.0
2026-01-20 01:00:00,Z002,6.0
2026-01-20 01:30:00,Z002,4.0
2026-01-20 02:00:00,Z002,1.0
2026-01-20 02:30:00,Z002,1.0
2026-01-20 03:00:00,Z002,1.0
2026-01-20 03:30:00,Z002,0.0
2026-01-20 04:00:00,Z002,0.0
2026-01-20 04:30:00,Z002,0.0
2026-01-20 05:00:00,Z002,1.0
2026-01-20 05:30:00,Z002,6.0
2026-01-20 06:00:00,Z002,6.0
2026-01-20 06:30:00,Z002,13.0
2026-01-20 07:00:00,Z002,15.0
2026-01-20 07:30:00,Z002,21.0
2026-01-20 08:00:00,Z002,17.0
2026-01-20 08:30:00,Z002,26.0
2026-01-20 09:00:00,Z002,33.0
2026-01-20 09:30:00,Z002,36.0
2026-01-20 10:00:00,Z002,40.0
2026-01-20 10:30:00,Z002,43.0
2026-01-20 11:00:00,Z002,38.0
2026-01-20 11:30:00,Z002,33.0
2026-01-20 12:00:00,Z002,29.0
2026-01-20 12:30:00,Z002,34.0
2026-01-20 13:00:00,Z002,40.0
2026-01-20 13:30:00,Z002,48.0
2026-01-20 14:00:00,Z002,47.0
2026-01-20 14:30:00,Z002,35.0
2026-01-20 15:00:00,Z002,28.0
2026-01-20 15:30:00,Z002,22.0
2026-01-20 16:00:00,Z002,21.0
2026-01-20 16:30:00,Z002,25.0
2026-01-20 17:00:00,Z002,17.0
2026-01-20 17:30:00,Z002,20.0
2026-01-20 18:00:00,Z002,31.0
2026-01-20 18:30:00,Z002,42.0
2026-01-20 19:00:00,Z002,54.0
2026-01-20 19:30:00,Z002,56.0
2026-01-20 20:00:00,Z002,63.0
2026-01-20 20:30:00,Z002,43.0
2026-01-20 21:00:00,Z002,33.0
2026-01-20 21:30:00,Z002,25.0
2026-01-20 22:00:00,Z002,20.0
2026-01-20 22:30:00,Z002,18.0
2026-01-20 23:00:00,Z002,17.0
2026-01-20 23:30:00,Z002,13.0
2026-01-21 00:00:00,Z002,15.0
2026-01-21 00:30:00,Z002,13.0
2026-01-21 01:00:00,Z002,7.0
2026-01-21 01:30:00,Z002,3.0
2026-01-21 02:00:00,Z002,3.0
2026-01-21 02:30:00,Z002,1.0
2026-01-21 03:00:00,Z002,0.0
2026-01-21 03:30:00,Z002,0.0
2026-01-21 04:00:00,Z002,1.0
2026-01-21 04:30:00,Z002,0.0
2026-01-21 05:00:00,Z002,1.0
2026-01-21 05:30:00,Z002,7.0
2026-01-21 06:00:00,Z002,10.0
2026-01-21 06:30:00,Z002,10.0
2026-01-21 07:00:00,Z002,12.0
2026-01-21 07:30:00,Z002,14.0
2026-01-21 08:00:00,Z002,20.0
2026-01-21 08:30:00,Z002,32.0
2026-01-21 09:00:00,Z002,40.0
2026-01-21 09:30:00,Z002,44.0
2026-01-21 10:00:00,Z002,53.0
2026-01-21 10:30:00,Z002,48.0
2026-01-21 11:00:00,Z002,51.0
2026-01-21 11:30:00,Z002,39.0
2026-01-21 12:00:00,Z002,32.0
2026-01-21 12:30:00,Z002,28.0
2026-01-21 13:00:00,Z002,40.0
2026-01-21 13:30:00,Z002,41.0
2026-01-21 14:00:00,Z002,35.0
2026-01-21 14:30:00,Z002,24.0
2026-01-21 15:00:00,Z002,16.0
2026-01-21 15:30:00,Z002,13.0
2026-01-21 16:00:00,Z002,16.0
2026-01-21 16:30:00,Z002,11.0
2026-01-21 17:00:00,Z002,14.0
2026-01-21 17:30:00,Z002,31.0
2026-01-21 18:00:00,Z002,38.0
2026-01-21 18:30:00,Z002,48.0
2026-01-21 19:00:00,Z002,56.0
2026-01-21 19:30:00,Z002,49.0
2026-01-21 20:00:00,Z002,52.0
2026-01-21 20:30:00,Z002,40.0
2026-01-21 21:00:00,Z002,35.0
2026-01-21 21:30:00,Z002,23.0
2026-01-21 22:00:00,Z002,19.0
2026-01-21 22:30:00,Z002,11.0
2026-01-21 23:00:00,Z002,10.0
2026-01-14 23:00:00,Z003,28.0
2026-01-14 23:30:00,Z003,26.0
2026-01-15 00:00:00,Z003,16.0
2026-01-15 00:30:00,Z003,13.0
2026-01-15 01:00:00,Z003,12.0
2026-01-15 01:30:00,Z003,6.0
2026-01-15 02:00:00,Z003,5.0
2026-01-15 02:30:00,Z003,2.0
2026-01-15 03:00:00,Z003,1.0
2026-01-15 03:30:00,Z003,1.0
2026-01-15 04:00:00,Z003,1.0
2026-01-15 04:30:00,Z003,1.0
2026-01-15 05:00:00,Z003,2.0
2026-01-15 05:30:00,Z003,4.0
2026-01-15 06:00:00,Z003,7.0
2026-01-15 06:30:00,Z003,13.0
2026-01-15 07:00:00,Z003,16.0
2026-01-15 07:30:00,Z003,18.0
2026-01-15 08:00:00,Z003,19.0
2026-01-15 08:30:00,Z003,32.0
2026-01-15 09:00:00,Z003,42.0
2026-01-15 09:30:00,Z003,46.0
2026-01-15 10:00:00,Z003,54.0
2026-01-15 10:30:00,Z003,58.0
2026-01-15 11:00:00,Z003,64.0
2026-01-15 11:30:00,Z003,57.0
2026-01-15 12:00:00,Z003,43.0
2026-01-15 12:30:00,Z003,48.0
2026-01-15 13:00:00,Z003,57.0
2026-01-15 13:30:00,Z003,56.0
2026-01-15 14:00:00,Z003,54.0
2026-01-15 14:30:00,Z003,38.0
2026-01-15 15:00:00,Z003,33.0
2026-01-15 15:30:00,Z003,31.0
2026-01-15 16:00:00,Z003,26.0
2026-01-15 16:30:00,Z003,22.0
2026-01-15 17:00:00,Z003,19.0
2026-01-15 17:30:00,Z003,32.0
2026-01-15 18:00:00,Z003,50.0
2026-01-15 18:30:00,Z003,57.0
2026-01-15 19:00:00,Z003,67.0
2026-01-15 19:30:00,Z003,69.0
2026-01-15 20:00:00,Z003,71.0
2026-01-15 20:30:00,Z003,62.0
2026-01-15 21:00:00,Z003,53.0
2026-01-15 21:30:00,Z003,42.0
2026-01-15 22:00:00,Z003,29.0
2026-01-15 22:30:00,Z003,23.0
2026-01-15 23:00:00,Z003,24.0
2026-01-15 23:30:00,Z003,22.0
2026-01-16 00:00:00,Z003,15.0
2026-01-16 00:30:00,Z003,12.0
2026-01-16 01:00:00,Z003,7.0
2026-01-16 01:30:00,Z003,5.0
2026-01-16 02:00:00,Z003,4.0
2026-01-16 02:30:00,Z003,3.0
2026-01-16 03:00:00,Z003,1.0
2026-01-16 03:30:00,Z003,1.0
2026-01-16 04:00:00,Z003,1.0
2026-01-16 04:30:00,Z003,0.0
2026-01-16 05:00:00,Z003,0.0
2026-01-16 05:30:00,Z003,4.0
2026-01-16 06:00:00,Z003,8.0
2026-01-16 06:30:00,Z003,12.0
2026-01-16 07:00:00,Z003,14.0
2026-01-16 07:30:00,Z003,15.0
2026-01-16 08:00:00,Z003,15.0
2026-01-16 08:30:00,Z003,27.0
2026-01-16 09:00:00,Z003,31.0
2026-01-16 09:30:00,Z003,41.0
2026-01-16 10:00:00,Z003,52.0
2026-01-16 10:30:00,Z003,61.0
2026-01-16 11:00:00,Z003,57.0
2026-01-16 11:30:00,Z003,43.0
2026-01-16 12:00:00,Z003,36.0
2026-01-16 12:30:00,Z003,39.0
2026-01-16 13:00:00,Z003,50.0
2026-01-16 13:30:00,Z003,52.0
2026-01-16 14:00:00,Z003,55.0
2026-01-16 14:30:00,Z003,46.0
2026-01-16 15:00:00,Z003,34.0
2026-01-16 15:30:00,Z003,20.0
2026-01-16 16:00:00,Z003,13.0
2026-01-16 16:30:00,Z003,14.0
2026-01-16 17:00:00,Z003,11.0
2026-01-16 17:30:00,Z003,18.0
2026-01-16 18:00:00,Z003,29.0
2026-01-16 18:30:00,Z003,52.0
2026-01-16 19:00:00,Z003,65.0
2026-01-16 19:30:00,Z003,71.0
2026-01-16 20:00:00,Z003,79.0
2026-01-16 20:30:00,Z003,64.0
2026-01-16 21:00:00,Z003,57.0
2026-01-16 21:30:00,Z003,37.0
2026-01-16 22:00:00,Z003,32.0
2026-01-16 22:30:00,Z003,32.0
2026-01-16 23:00:00,Z003,28.0
2026-01-16 23:30:00,Z003,24.0
2026-01-17 00:00:00,Z003,19.0
2026-01-17 00:30:00,Z003,15.0
2026-01-17 01:00:00,Z003,10.0
2026-01-17 01:30:00,Z003,8.0
2026-01-17 02:00:00,Z003,6.0
2026-01-17 02:30:00,Z003,3.0
2026-01-17 03:00:00,Z003,2.0
2026-01-17 03:30:00,Z003,1.0
2026-01-17 04:00:00,Z003,3.0
2026-01-17 04:30:00,Z003,3.0
2026-01-17 05:00:00,Z003,1.0
2026-01-17 05:30:00,Z003,5.0
2026-01-17 06:00:00,Z003,10.0
2026-01-17 06:30:00,Z003,12.0
2026-01-17 07:00:00,Z003,15.0
2026-01-17 07:30:00,Z003,17.0
2026-01-17 08:00:00,Z003,18.0
2026-01-17 08:30:00,Z003,35.0
2026-01-17 09:00:00,Z003,49.0
2026-01-17 09:30:00,Z003,59.0
2026-01-17 10:00:00,Z003,71.0
2026-01-17 10:30:00,Z003,67.0
2026-01-17 11:00:00,Z003,71.0
2026-01-17 11:30:00,Z003,54.0
2026-01-17 12:00:00,Z003,44.0
2026-01-17 12:30:00,Z003,49.0
2026-01-17 13:00:00,Z003,53.0
2026-01-17 13:30:00,Z003,56.0
2026-01-17 14:00:00,Z003,54.0
2026-01-17 14:30:00,Z003,51.0
2026-01-17 15:00:00,Z003,45.0
2026-01-17 15:30:00,Z003,33.0
2026-01-17 16:00:00,Z003,28.0
2026-01-17 16:30:00,Z003,24.0
2026-01-17 17:00:00,Z003,21.0
2026-01-17 17:30:00,Z003,35.0
2026-01-17 18:00:00,Z003,42.0
2026-01-17 18:30:00,Z003,54.0
2026-01-17 19:00:00,Z003,66.0
2026-01-17 19:30:00,Z003,72.0
2026-01-17 20:00:00,Z003,72.0
2026-01-17 20:30:00,Z003,64.0
2026-01-17 21:00:00,Z003,46.0
2026-01-17 21:30:00,Z003,37.0
2026-01-17 22:00:00,Z003,27.0
2026-01-17 22:30:00,Z003,26.0
2026-01-17 23:00:00,Z003,26.0
2026-01-17 23:30:00,Z003,31.0
2026-01-18 00:00:00,Z003,29.0
2026-01-18 00:30:00,Z003,24.0
2026-01-18 01:00:00,Z003,19.0
2026-01-18 01:30:00,Z003,14.0
2026-01-18 02:00:00,Z003,8.0
2026-01-18 02:30:00,Z003,6.0
2026-01-18 03:00:00,Z003,3.0
2026-01-18 03:30:00,Z003,2.0
2026-01-18 04:00:00,Z003,2.0
2026-01-18 04:30:00,Z003,2.0
2026-01-18 05:00:00,Z003,1.0
2026-01-18 05:30:00,Z003,5.0
2026-01-18 06:00:00,Z003,10.0
2026-01-18 06:30:00,Z003,15.0
2026-01-18 07:00:00,Z003,15.0
2026-01-18 07:30:00,Z003,18.0
2026-01-18 08:00:00,Z003,18.0
2026-01-18 08:30:00,Z003,28.0
2026-01-18 09:00:00,Z003,28.0
2026-01-18 09:30:00,Z003,38.0
2026-01-18 10:00:00,Z003,48.0
2026-01-18 10:30:00,Z003,52.0
2026-01-18 11:00:00,Z003,55.0
2026-01-18 11:30:00,Z003,43.0
2026-01-18 12:00:00,Z003,43.0
2026-01-18 12:30:00,Z003,47.0
2026-01-18 13:00:00,Z003,52.0
2026-01-18 13:30:00,Z003,56.0
2026-01-18 14:00:00,Z003,58.0
2026-01-18 14:30:00,Z003,48.0
2026-01-18 15:00:00,Z003,35.0
2026-01-18 15:30:00,Z003,31.0
2026-01-18 16:00:00,Z003,28.0
2026-01-18 16:30:00,Z003,23.0
2026-01-18 17:00:00,Z003,12.0
2026-01-18 17:30:00,Z003,24.0
2026-01-18 18:00:00,Z003,41.0
2026-01-18 18:30:00,Z003,52.0
2026-01-18 19:00:00,Z003,64.0
2026-01-18 19:30:00,Z003,74.0
2026-01-18 20:00:00,Z003,74.0
2026-01-18 20:30:00,Z003,58.0
2026-01-18 21:00:00,Z003,47.0
2026-01-18 21:30:00,Z003,35.0
2026-01-18 22:00:00,Z003,29.0
2026-01-18 22:30:00,Z003,20.0
2026-01-18 23:00:00,Z003,27.0
2026-01-18 23:30:00,Z003,23.0
2026-01-19 00:00:00,Z003,24.0
2026-01-19 00:30:00,Z003,16.0
2026-01-19 01:00:00,Z003,9.0
2026-01-19 01:30:00,Z003,6.0
2026-01-19 02:00:00,Z003,6.0
2026-01-19 02:30:00,Z003,5.0
2026-01-19 03:00:00,Z003,6.0
2026-01-19 03:30:00,Z003,6.0
2026-01-19 04:00:00,Z003,6.0
2026-01-19 04:30:00,Z003,5.0
2026-01-19 05:00:00,Z003,3.0
2026-01-19 05:30:00,Z003,8.0
2026-01-19 06:00:00,Z003,11.0
2026-01-19 06:30:00,Z003,14.0
2026-01-19 07:00:00,Z003,18.0
2026-01-19 07:30:00,Z003,19.0
2026-01-19 08:00:00,Z003,18.0
2026-01-19 08:30:00,Z003,24.0
2026-01-19 09:00:00,Z003,38.0
2026-01-19 09:30:00,Z003,49.0
2026-01-19 10:00:00,Z003,47.0
2026-01-19 10:30:00,Z003,58.0
2026-01-19 11:00:00,Z003,68.0
2026-01-19 11:30:00,Z003,59.0
2026-01-19 12:00:00,Z003,48.0
2026-01-19 12:30:00,Z003,44.0
2026-01-19 13:00:00,Z003,41.0
2026-01-19 13:30:00,Z003,47.0
2026-01-19 14:00:00,Z003,59.0
2026-01-19 14:30:00,Z003,45.0
2026-01-19 15:00:00,Z003,37.0
2026-01-19 15:30:00,Z003,34.0
2026-01-19 16:00:00,Z003,29.0
2026-01-19 16:30:00,Z003,26.0
2026-01-19 17:00:00,Z003,27.0
2026-01-19 17:30:00,Z003,45.0
2026-01-19 18:00:00,Z003,49.0
2026-01-19 18:30:00,Z003,61.0
2026-01-19 19:00:00,Z003,60.0
2026-01-19 19:30:00,Z003,61.0
2026-01-19 20:00:00,Z003,69.0
2026-01-19 20:30:00,Z003,64.0
2026-01-19 21:00:00,Z003,46.0
2026-01-19 21:30:00,Z003,35.0
2026-01-19 22:00:00,Z003,29.0
2026-01-19 22:30:00,Z003,23.0
2026-01-19 23:00:00,Z003,18.0
2026-01-19 23:30:00,Z003,20.0
2026-01-20 00:00:00,Z003,20.0
2026-01-20 00:30:00,Z003,12.0
2026-01-20 01:00:00,Z003,8.0
2026-01-20 01:30:00,Z003,3.0
2026-01-20 02:00:00,Z003,1.0
2026-01-20 02:30:00,Z003,2.0
2026-01-20 03:00:00,Z003,1.0
2026-01-20 03:30:00,Z003,1.0
2026-01-20 04:00:00,Z003,0.0
2026-01-20 04:30:00,Z003,1.0
2026-01-20 05:00:00,Z003,2.0
2026-01-20 05:30:00,Z003,8.0
2026-01-20 06:00:00,Z003,13.0
2026-01-20 06:30:00,Z003,15.0
2026-01-20 07:00:00,Z003,17.0
2026-01-20 07:30:00,Z003,20.0
2026-01-20 08:00:00,Z003,20.0
2026-01-20 08:30:00,Z003,31.0
2026-01-20 09:00:00,Z003,39.0
2026-01-20 09:30:00,Z003,43.0
2026-01-20 10:00:00,Z003,47.0
2026-01-20 10:30:00,Z003,49.0
2026-01-20 11:00:00,Z003,53.0
2026-01-20 11:30:00,Z003,45.0
2026-01-20 12:00:00,Z003,38.0
2026-01-20 12:30:00,Z003,33.0
2026-01-20 13:00:00,Z003,42.0
2026-01-20 13:30:00,Z003,51.0
2026-01-20 14:00:00,Z003,52.0
2026-01-20 14:30:00,Z003,48.0
2026-01-20 15:00:00,Z003,37.0
2026-01-20 15:30:00,Z003,32.0
2026-01-20 16:00:00,Z003,24.0
2026-01-20 16:30:00,Z003,18.0
2026-01-20 17:00:00,Z003,12.0
2026-01-20 17:30:00,Z003,22.0
2026-01-20 18:00:00,Z003,36.0
2026-01-20 18:30:00,Z003,57.0
2026-01-20 19:00:00,Z003,60.0
2026-01-20 19:30:00,Z003,60.0
2026-01-20 20:00:00,Z003,65.0
2026-01-20 20:30:00,Z003,65.0
2026-01-20 21:00:00,Z003,50.0
2026-01-20 21:30:00,Z003,44.0
2026-01-20 22:00:00,Z003,38.0
2026-01-20 22:30:00,Z003,23.0
2026-01-20 23:00:00,Z003,19.0
2026-01-20 23:30:00,Z003,14.0
2026-01-21 00:00:00,Z003,8.0
2026-01-21 00:30:00,Z003,5.0
2026-01-21 01:00:00,Z003,4.0
2026-01-21 01:30:00,Z003,6.0
2026-01-21 02:00:00,Z003,6.0
2026-01-21 02:30:00,Z003,5.0
2026-01-21 03:00:00,Z003,5.0
2026-01-21 03:30:00,Z003,3.0
2026-01-21 04:00:00,Z003,4.0
2026-01-21 04:30:00,Z003,4.0
2026-01-21 05:00:00,Z003,3.0
2026-01-21 05:30:00,Z003,8.0
2026-01-21 06:00:00,Z003,16.0
2026-01-21 06:30:00,Z003,21.0
2026-01-21 07:00:00,Z003,18.0
2026-01-21 07:30:00,Z003,23.0
2026-01-21 08:00:00,Z003,18.0
2026-01-21 08:30:00,Z003,34.0
2026-01-21 09:00:00,Z003,41.0
2026-01-21 09:30:00,Z003,52.0
2026-01-21 10:00:00,Z003,59.0
2026-01-21 10:30:00,Z003,70.0
2026-01-21 11:00:00,Z003,70.0
2026-01-21 11:30:00,Z003,66.0
2026-01-21 12:00:00,Z003,59.0
2026-01-21 12:30:00,Z003,57.0
2026-01-21 13:00:00,Z003,65.0
2026-01-21 13:30:00,Z003,65.0
2026-01-21 14:00:00,Z003,66.0
2026-01-21 14:30:00,Z003,61.0
2026-01-21 15:00:00,Z003,48.0
2026-01-21 15:30:00,Z003,41.0
2026-01-21 16:00:00,Z003,33.0
2026-01-21 16:30:00,Z003,32.0
2026-01-21 17:00:00,Z003,24.0
2026-01-21 17:30:00,Z003,40.0
2026-01-21 18:00:00,Z003,50.0
2026-01-21 18:30:00,Z003,60.0
2026-01-21 19:00:00,Z003,78.0
2026-01-21 19:30:00,Z003,83.0
2026-01-21 20:00:00,Z003,93.0
2026-01-21 20:30:00,Z003,79.0
2026-01-21 21:00:00,Z003,66.0
2026-01-21 21:30:00,Z003,53.0
2026-01-21 22:00:00,Z003,44.0
2026-01-21 22:30:00,Z003,30.0
2026-01-21 23:00:00,Z003,20.0
2026-01-14 23:00:00,Z004,17.0
2026-01-14 23:30:00,Z004,9.0
2026-01-15 00:00:00,Z004,10.0
2026-01-15 00:30:00,Z004,7.0
2026-01-15 01:00:00,Z004,4.0
2026-01-15 01:30:00,Z004,4.0
2026-01-15 02:00:00,Z004,4.0
2026-01-15 02:30:00,Z004,4.0
2026-01-15 03:00:00,Z004,1.0
2026-01-15 03:30:00,Z004,0.0
2026-01-15 04:00:00,Z004,1.0
2026-01-15 04:30:00,Z004,2.0
2026-01-15 05:00:00,Z004,3.0
2026-01-15 05:30:00,Z004,10.0
2026-01-15 06:00:00,Z004,9.0
2026-01-15 06:30:00,Z004,14.0
2026-01-15 07:00:00,Z004,19.0
2026-01-15 07:30:00,Z004,18.0
2026-01-15 08:00:00,Z004,14.0
2026-01-15 08:30:00,Z004,27.0
2026-01-15 09:00:00,Z004,39.0
2026-01-15 09:30:00,Z004,56.0
2026-01-15 10:00:00,Z004,55.0
2026-01-15 10:30:00,Z004,49.0
2026-01-15 11:00:00,Z004,46.0
2026-01-15 11:30:00,Z004,38.0
2026-01-15 12:00:00,Z004,22.0
2026-01-15 12:30:00,Z004,29.0
2026-01-15 13:00:00,Z004,38.0
2026-01-15 13:30:00,Z004,46.0
2026-01-15 14:00:00,Z004,46.0
2026-01-15 14:30:00,Z004,32.0
2026-01-15 15:00:00,Z004,24.0
2026-01-15 15:30:00,Z004,27.0
2026-01-15 16:00:00,Z004,17.0
2026-01-15 16:30:00,Z004,15.0
2026-01-15 17:00:00,Z004,10.0
2026-01-15 17:30:00,Z004,31.0
2026-01-15 18:00:00,Z004,44.0
2026-01-15 18:30:00,Z004,51.0
2026-01-15 19:00:00,Z004,50.0
2026-01-15 19:30:00,Z004,56.0
2026-01-15 20:00:00,Z004,61.0
2026-01-15 20:30:00,Z004,39.0
2026-01-15 21:00:00,Z004,29.0
2026-01-15 21:30:00,Z004,16.0
2026-01-15 22:00:00,Z004,14.0
2026-01-15 22:30:00,Z004,16.0
2026-01-15 23:00:00,Z004,13.0
2026-01-15 23:30:00,Z004,16.0
2026-01-16 00:00:00,Z004,14.0
2026-01-16 00:30:00,Z004,9.0
2026-01-16 01:00:00,Z004,4.0
2026-01-16 01:30:00,Z004,5.0
2026-01-16 02:00:00,Z004,2.0
2026-01-16 02:30:00,Z004,1.0
2026-01-16 03:00:00,Z004,2.0
2026-01-16 03:30:00,Z004,3.0
2026-01-16 04:00:00,Z004,1.0
2026-01-16 04:30:00,Z004,0.0
2026-01-16 05:00:00,Z004,2.0
2026-01-16 05:30:00,Z004,7.0
2026-01-16 06:00:00,Z004,14.0
2026-01-16 06:30:00,Z004,20.0
2026-01-16 07:00:00,Z004,19.0
2026-01-16 07:30:00,Z004,18.0
2026-01-16 08:00:00,Z004,17.0
2026-01-16 08:30:00,Z004,29.0
2026-01-16 09:00:00,Z004,38.0
2026-01-16 09:30:00,Z004,42.0
2026-01-16 10:00:00,Z004,41.0
2026-01-16 10:30:00,Z004,37.0
2026-01-16 11:00:00,Z004,36.0
2026-01-16 11:30:00,Z004,30.0
2026-01-16 12:00:00,Z004,22.0
2026-01-16 12:30:00,Z004,40.0
2026-01-16 13:00:00,Z004,52.0
2026-01-16 13:30:00,Z004,49.0
2026-01-16 14:00:00,Z004,48.0
2026-01-16 14:30:00,Z004,38.0
2026-01-16 15:00:00,Z004,30.0
2026-01-16 15:30:00,Z004,24.0
2026-01-16 16:00:00,Z004,15.0
2026-01-16 16:30:00,Z004,15.0
2026-01-16 17:00:00,Z004,14.0
2026-01-16 17:30:00,Z004,35.0
2026-01-16 18:00:00,Z004,46.0
2026-01-16 18:30:00,Z004,63.0
2026-01-16 19:00:00,Z004,62.0
2026-01-16 19:30:00,Z004,50.0
2026-01-16 20:00:00,Z004,56.0
2026-01-16 20:30:00,Z004,42.0
2026-01-16 21:00:00,Z004,25.0
2026-01-16 21:30:00,Z004,15.0
2026-01-16 22:00:00,Z004,10.0
2026-01-16 22:30:00,Z004,12.0
2026-01-16 23:00:00,Z004,9.0
2026-01-16 23:30:00,Z004,9.0
2026-01-17 00:00:00,Z004,15.0
2026-01-17 00:30:00,Z004,8.0
2026-01-17 01:00:00,Z004,2.0
2026-01-17 01:30:00,Z004,1.0
2026-01-17 02:00:00,Z004,1.0
2026-01-17 02:30:00,Z004,4.0
2026-01-17 03:00:00,Z004,4.0
2026-01-17 03:30:00,Z004,3.0
2026-01-17 04:00:00,Z004,3.0
2026-01-17 04:30:00,Z004,2.0
2026-01-17 05:00:00,Z004,1.0
2026-01-17 05:30:00,Z004,9.0
2026-01-17 06:00:00,Z004,12.0
2026-01-17 06:30:00,Z004,19.0
2026-01-17 07:00:00,Z004,22.0
2026-01-17 07:30:00,Z004,19.0
2026-01-17 08:00:00,Z004,24.0
2026-01-17 08:30:00,Z004,26.0
2026-01-17 09:00:00,Z004,31.0
2026-01-17 09:30:00,Z004,37.0
2026-01-17 10:00:00,Z004,35.0
2026-01-17 10:30:00,Z004,35.0
2026-01-17 11:00:00,Z004,44.0
2026-01-17 11:30:00,Z004,39.0
2026-01-17 12:00:00,Z004,28.0
2026-01-17 12:30:00,Z004,30.0
2026-01-17 13:00:00,Z004,37.0
2026-01-17 13:30:00,Z004,51.0
2026-01-17 14:00:00,Z004,55.0
2026-01-17 14:30:00,Z004,36.0
2026-01-17 15:00:00,Z004,30.0
2026-01-17 15:30:00,Z004,19.0
2026-01-17 16:00:00,Z004,22.0
2026-01-17 16:30:00,Z004,18.0
2026-01-17 17:00:00,Z004,16.0
2026-01-17 17:30:00,Z004,39.0
2026-01-17 18:00:00,Z004,58.0
2026-01-17 18:30:00,Z004,57.0
2026-01-17 19:00:00,Z004,49.0
2026-01-17 19:30:00,Z004,60.0
2026-01-17 20:00:00,Z004,66.0
2026-01-17 20:30:00,Z004,46.0
2026-01-17 21:00:00,Z004,31.0
2026-01-17 21:30:00,Z004,23.0
2026-01-17 22:00:00,Z004,18.0
2026-01-17 22:30:00,Z004,19.0
2026-01-17 23:00:00,Z004,15.0
2026-01-17 23:30:00,Z004,14.0
2026-01-18 00:00:00,Z004,17.0
2026-01-18 00:30:00,Z004,13.0
2026-01-18 01:00:00,Z004,9.0
2026-01-18 01:30:00,Z004,6.0
2026-01-18 02:00:00,Z004,3.0
2026-01-18 02:30:00,Z004,3.0
2026-01-18 03:00:00,Z004,3.0
2026-01-18 03:30:00,Z004,4.0
2026-01-18 04:00:00,Z004,4.0
2026-01-18 04:30:00,Z004,3.0
2026-01-18 05:00:00,Z004,2.0
2026-01-18 05:30:00,Z004,9.0
2026-01-18 06:00:00,Z004,12.0
2026-01-18 06:30:00,Z004,12.0
2026-01-18 07:00:00,Z004,16.0
2026-01-18 07:30:00,Z004,11.0
2026-01-18 08:00:00,Z004,9.0
2026-01-18 08:30:00,Z004,26.0
2026-01-18 09:00:00,Z004,39.0
2026-01-18 09:30:00,Z004,37.0
2026-01-18 10:00:00,Z004,42.0
2026-01-18 10:30:00,Z004,27.0
2026-01-18 11:00:00,Z004,31.0
2026-01-18 11:30:00,Z004,24.0
2026-01-18 12:00:00,Z004,21.0
2026-01-18 12:30:00,Z004,29.0
2026-01-18 13:00:00,Z004,39.0
2026-01-18 13:30:00,Z004,47.0
2026-01-18 14:00:00,Z004,54.0
2026-01-18 14:30:00,Z004,42.0
2026-01-18 15:00:00,Z004,32.0
2026-01-18 15:30:00,Z004,19.0
2026-01-18 16:00:00,Z004,19.0
2026-01-18 16:30:00,Z004,17.0
2026-01-18 17:00:00,Z004,18.0
2026-01-18 17:30:00,Z004,37.0
2026-01-18 18:00:00,Z004,50.0
2026-01-18 18:30:00,Z004,56.0
2026-01-18 19:00:00,Z004,64.0
2026-01-18 19:30:00,Z004,65.0
2026-01-18 20:00:00,Z004,61.0
2026-01-18 20:30:00,Z004,37.0
2026-01-18 21:00:00,Z004,30.0
2026-01-18 21:30:00,Z004,24.0
2026-01-18 22:00:00,Z004,16.0
2026-01-18 22:30:00,Z004,16.0
2026-01-18 23:00:00,Z004,12.0
2026-01-18 23:30:00,Z004,13.0
2026-01-19 00:00:00,Z004,10.0
2026-01-19 00:30:00,Z004,5.0
2026-01-19 01:00:00,Z004,4.0
2026-01-19 01:30:00,Z004,2.0
2026-01-19 02:00:00,Z004,1.0
2026-01-19 02:30:00,Z004,2.0
2026-01-19 03:00:00,Z004,1.0
2026-01-19 03:30:00,Z004,1.0
2026-01-19 04:00:00,Z004,1.0
2026-01-19 04:30:00,Z004,1.0
2026-01-19 05:00:00,Z004,1.0
2026-01-19 05:30:00,Z004,6.0
2026-01-19 06:00:00,Z004,8.0
2026-01-19 06:30:00,Z004,8.0
2026-01-19 07:00:00,Z004,12.0
2026-01-19 07:30:00,Z004,14.0
2026-01-19 08:00:00,Z004,12.0
2026-01-19 08:30:00,Z004,31.0
2026-01-19 09:00:00,Z004,40.0
2026-01-19 09:30:00,Z004,48.0
2026-01-19 10:00:00,Z004,45.0
2026-01-19 10:30:00,Z004,42.0
2026-01-19 11:00:00,Z004,42.0
2026-01-19 11:30:00,Z004,31.0
2026-01-19 12:00:00,Z004,25.0
2026-01-19 12:30:00,Z004,31.0
2026-01-19 13:00:00,Z004,43.0
2026-01-19 13:30:00,Z004,40.0
2026-01-19 14:00:00,Z004,50.0
2026-01-19 14:30:00,Z004,42.0
2026-01-19 15:00:00,Z004,28.0
2026-01-19 15:30:00,Z004,19.0
2026-01-19 16:00:00,Z004,16.0
2026-01-19 16:30:00,Z004,18.0
2026-01-19 17:00:00,Z004,20.0
2026-01-19 17:30:00,Z004,33.0
2026-01-19 18:00:00,Z004,43.0
2026-01-19 18:30:00,Z004,51.0
2026-01-19 19:00:00,Z004,53.0
2026-01-19 19:30:00,Z004,63.0
2026-01-19 20:00:00,Z004,67.0
2026-01-19 20:30:00,Z004,50.0
2026-01-19 21:00:00,Z004,24.0
2026-01-19 21:30:00,Z004,15.0
2026-01-19 22:00:00,Z004,16.0
2026-01-19 22:30:00,Z004,17.0
2026-01-19 23:00:00,Z004,24.0
2026-01-19 23:30:00,Z004,23.0
2026-01-20 00:00:00,Z004,14.0
2026-01-20 00:30:00,Z004,7.0
2026-01-20 01:00:00,Z004,4.0
2026-01-20 01:30:00,Z004,5.0
2026-01-20 02:00:00,Z004,7.0
2026-01-20 02:30:00,Z004,5.0
2026-01-20 03:00:00,Z004,3.0
2026-01-20 03:30:00,Z004,2.0
2026-01-20 04:00:00,Z004,2.0
2026-01-20 04:30:00,Z004,2.0
2026-01-20 05:00:00,Z004,0.0
2026-01-20 05:30:00,Z004,3.0
2026-01-20 06:00:00,Z004,14.0
2026-01-20 06:30:00,Z004,17.0
2026-01-20 07:00:00,Z004,14.0
2026-01-20 07:30:00,Z004,6.0
2026-01-20 08:00:00,Z004,9.0
2026-01-20 08:30:00,Z004,23.0
2026-01-20 09:00:00,Z004,38.0
2026-01-20 09:30:00,Z004,40.0
2026-01-20 10:00:00,Z004,47.0
2026-01-20 10:30:00,Z004,43.0
2026-01-20 11:00:00,Z004,38.0
2026-01-20 11:30:00,Z004,29.0
2026-01-20 12:00:00,Z004,21.0
2026-01-20 12:30:00,Z004,28.0
2026-01-20 13:00:00,Z004,39.0
2026-01-20 13:30:00,Z004,49.0
2026-01-20 14:00:00,Z004,50.0
2026-01-20 14:30:00,Z004,41.0
2026-01-20 15:00:00,Z004,29.0
2026-01-20 15:30:00,Z004,21.0
2026-01-20 16:00:00,Z004,16.0
2026-01-20 16:30:00,Z004,13.0
2026-01-20 17:00:00,Z004,16.0
2026-01-20 17:30:00,Z004,28.0
2026-01-20 18:00:00,Z004,46.0
2026-01-20 18:30:00,Z004,59.0
2026-01-20 19:00:00,Z004,62.0
2026-01-20 19:30:00,Z004,55.0
2026-01-20 20:00:00,Z004,60.0
2026-01-20 20:30:00,Z004,44.0
2026-01-20 21:00:00,Z004,35.0
2026-01-20 21:30:00,Z004,26.0
2026-01-20 22:00:00,Z004,19.0
2026-01-20 22:30:00,Z004,15.0
2026-01-20 23:00:00,Z004,13.0
2026-01-20 23:30:00,Z004,12.0
2026-01-21 00:00:00,Z004,17.0
2026-01-21 00:30:00,Z004,10.0
2026-01-21 01:00:00,Z004,9.0
2026-01-21 01:30:00,Z004,8.0
2026-01-21 02:00:00,Z004,8.0
2026-01-21 02:30:00,Z004,6.0
2026-01-21 03:00:00,Z004,4.0
2026-01-21 03:30:00,Z004,2.0
2026-01-21 04:00:00,Z004,1.0
2026-01-21 04:30:00,Z004,1.0
2026-01-21 05:00:00,Z004,1.0
2026-01-21 05:30:00,Z004,4.0
2026-01-21 06:00:00,Z004,9.0
2026-01-21 06:30:00,Z004,9.0
2026-01-21 07:00:00,Z004,13.0
2026-01-21 07:30:00,Z004,14.0
2026-01-21 08:00:00,Z004,14.0
2026-01-21 08:30:00,Z004,32.0
2026-01-21 09:00:00,Z004,38.0
2026-01-21 09:30:00,Z004,45.0
2026-01-21 10:00:00,Z004,53.0
2026-01-21 10:30:00,Z004,49.0
2026-01-21 11:00:00,Z004,42.0
2026-01-21 11:30:00,Z004,38.0
2026-01-21 12:00:00,Z004,31.0
2026-01-21 12:30:00,Z004,34.0
2026-01-21 13:00:00,Z004,46.0
2026-01-21 13:30:00,Z004,49.0
2026-01-21 14:00:00,Z004,56.0
2026-01-21 14:30:00,Z004,29.0
2026-01-21 15:00:00,Z004,15.0
2026-01-21 15:30:00,Z004,10.0
2026-01-21 16:00:00,Z004,19.0
2026-01-21 16:30:00,Z004,19.0
2026-01-21 17:00:00,Z004,15.0
2026-01-21 17:30:00,Z004,37.0
2026-01-21 18:00:00,Z004,45.0
2026-01-21 18:30:00,Z004,49.0
2026-01-21 19:00:00,Z004,52.0
2026-01-21 19:30:00,Z004,50.0
2026-01-21 20:00:00,Z004,52.0
2026-01-21 20:30:00,Z004,37.0
2026-01-21 21:00:00,Z004,23.0
2026-01-21 21:30:00,Z004,13.0
2026-01-21 22:00:00,Z004,15.0
2026-01-21 22:30:00,Z004,12.0
2026-01-21 23:00:00,Z004,22.0
2026-01-14 23:00:00,Z005,14.0
2026-01-14 23:30:00,Z005,13.0
2026-01-15 00:00:00,Z005,11.0
2026-01-15 00:30:00,Z005,7.0
2026-01-15 01:00:00,Z005,3.0
2026-01-15 01:30:00,Z005,2.0
2026-01-15 02:00:00,Z005,0.0
2026-01-15 02:30:00,Z005,2.0
2026-01-15 03:00:00,Z005,3.0
2026-01-15 03:30:00,Z005,3.0
2026-01-15 04:00:00,Z005,2.0
2026-01-15 04:30:00,Z005,1.0
2026-01-15 05:00:00,Z005,1.0
2026-01-15 05:30:00,Z005,8.0
2026-01-15 06:00:00,Z005,14.0
2026-01-15 06:30:00,Z005,15.0
2026-01-15 07:00:00,Z005,11.0
2026-01-15 07:30:00,Z005,12.0
2026-01-15 08:00:00,Z005,11.0
2026-01-15 08:30:00,Z005,29.0
2026-01-15 09:00:00,Z005,39.0
2026-01-15 09:30:00,Z005,50.0
2026-01-15 10:00:00,Z005,42.0
2026-01-15 10:30:00,Z005,44.0
2026-01-15 11:00:00,Z005,43.0
2026-01-15 11:30:00,Z005,25.0
2026-01-15 12:00:00,Z005,14.0
2026-01-15 12:30:00,Z005,26.0
2026-01-15 13:00:00,Z005,43.0
2026-01-15 13:30:00,Z005,43.0
2026-01-15 14:00:00,Z005,43.0
2026-01-15 14:30:00,Z005,20.0
2026-01-15 15:00:00,Z005,13.0
2026-01-15 15:30:00,Z005,14.0
2026-01-15 16:00:00,Z005,11.0
2026-01-15 16:30:00,Z005,12.0
2026-01-15 17:00:00,Z005,17.0
2026-01-15 17:30:00,Z005,42.0
2026-01-15 18:00:00,Z005,68.0
2026-01-15 18:30:00,Z005,68.0
2026-01-15 19:00:00,Z005,71.0
2026-01-15 19:30:00,Z005,70.0
2026-01-15 20:00:00,Z005,65.0
2026-01-15 20:30:00,Z005,37.0
2026-01-15 21:00:00,Z005,19.0
2026-01-15 21:30:00,Z005,19.0
2026-01-15 22:00:00,Z005,22.0
2026-01-15 22:30:00,Z005,17.0
2026-01-15 23:00:00,Z005,14.0
2026-01-15 23:30:00,Z005,18.0
2026-01-16 00:00:00,Z005,14.0
2026-01-16 00:30:00,Z005,7.0
2026-01-16 01:00:00,Z005,6.0
2026-01-16 01:30:00,Z005,2.0
2026-01-16 02:00:00,Z005,1.0
2026-01-16 02:30:00,Z005,0.0
2026-01-16 03:00:00,Z005,1.0
2026-01-16 03:30:00,Z005,2.0
2026-01-16 04:00:00,Z005,4.0
2026-01-16 04:30:00,Z005,3.0
2026-01-16 05:00:00,Z005,3.0
2026-01-16 05:30:00,Z005,4.0
2026-01-16 06:00:00,Z005,11.0
2026-01-16 06:30:00,Z005,13.0
2026-01-16 07:00:00,Z005,12.0
2026-01-16 07:30:00,Z005,14.0
2026-01-16 08:00:00,Z005,21.0
2026-01-16 08:30:00,Z005,37.0
2026-01-16 09:00:00,Z005,31.0
2026-01-16 09:30:00,Z005,40.0
2026-01-16 10:00:00,Z005,57.0
2026-01-16 10:30:00,Z005,60.0
2026-01-16 11:00:00,Z005,51.0
2026-01-16 11:30:00,Z005,34.0
2026-01-16 12:00:00,Z005,24.0
2026-01-16 12:30:00,Z005,32.0
2026-01-16 13:00:00,Z005,42.0
2026-01-16 13:30:00,Z005,53.0
2026-01-16 14:00:00,Z005,55.0
2026-01-16 14:30:00,Z005,30.0
2026-01-16 15:00:00,Z005,14.0
2026-01-16 15:30:00,Z005,13.0
2026-01-16 16:00:00,Z005,13.0
2026-01-16 16:30:00,Z005,7.0
2026-01-16 17:00:00,Z005,12.0
2026-01-16 17:30:00,Z005,60.0
2026-01-16 18:00:00,Z005,59.0
2026-01-16 18:30:00,Z005,63.0
2026-01-16 19:00:00,Z005,63.0
2026-01-16 19:30:00,Z005,57.0
2026-01-16 20:00:00,Z005,55.0
2026-01-16 20:30:00,Z005,31.0
2026-01-16 21:00:00,Z005,24.0
2026-01-16 21:30:00,Z005,21.0
2026-01-16 22:00:00,Z005,20.0
2026-01-16 22:30:00,Z005,19.0
2026-01-16 23:00:00,Z005,16.0
2026-01-16 23:30:00,Z005,7.0
2026-01-17 00:00:00,Z005,6.0
2026-01-17 00:30:00,Z005,2.0
2026-01-17 01:00:00,Z005,1.0
2026-01-17 01:30:00,Z005,3.0
2026-01-17 02:00:00,Z005,3.0
2026-01-17 02:30:00,Z005,4.0
2026-01-17 03:00:00,Z005,4.0
2026-01-17 03:30:00,Z005,1.0
2026-01-17 04:00:00,Z005,1.0
2026-01-17 04:30:00,Z005,1.0
2026-01-17 05:00:00,Z005,2.0
2026-01-17 05:30:00,Z005,11.0
2026-01-17 06:00:00,Z005,15.0
2026-01-17 06:30:00,Z005,15.0
2026-01-17 07:00:00,Z005,17.0
2026-01-17 07:30:00,Z005,15.0
2026-01-17 08:00:00,Z005,14.0
2026-01-17 08:30:00,Z005,29.0
2026-01-17 09:00:00,Z005,41.0
2026-01-17 09:30:00,Z005,45.0
2026-01-17 10:00:00,Z005,48.0
2026-01-17 10:30:00,Z005,48.0
2026-01-17 11:00:00,Z005,44.0
2026-01-17 11:30:00,Z005,28.0
2026-01-17 12:00:00,Z005,19.0
2026-01-17 12:30:00,Z005,41.0
2026-01-17 13:00:00,Z005,49.0
2026-01-17 13:30:00,Z005,48.0
2026-01-17 14:00:00,Z005,44.0
2026-01-17 14:30:00,Z005,33.0
2026-01-17 15:00:00,Z005,19.0
2026-01-17 15:30:00,Z005,20.0
2026-01-17 16:00:00,Z005,18.0
2026-01-17 16:30:00,Z005,19.0
2026-01-17 17:00:00,Z005,18.0
2026-01-17 17:30:00,Z005,45.0
2026-01-17 18:00:00,Z005,63.0
2026-01-17 18:30:00,Z005,76.0
2026-01-17 19:00:00,Z005,54.0
2026-01-17 19:30:00,Z005,58.0
2026-01-17 20:00:00,Z005,68.0
2026-01-17 20:30:00,Z005,42.0
2026-01-17 21:00:00,Z005,27.0
2026-01-17 21:30:00,Z005,15.0
2026-01-17 22:00:00,Z005,19.0
2026-01-17 22:30:00,Z005,17.0
2026-01-17 23:00:00,Z005,11.0
2026-01-17 23:30:00,Z005,13.0
2026-01-18 00:00:00,Z005,17.0
2026-01-18 00:30:00,Z005,7.0
2026-01-18 01:00:00,Z005,5.0
2026-01-18 01:30:00,Z005,1.0
2026-01-18 02:00:00,Z005,1.0
2026-01-18 02:30:00,Z005,2.0
2026-01-18 03:00:00,Z005,1.0
2026-01-18 03:30:00,Z005,1.0
2026-01-18 04:00:00,Z005,0.0
2026-01-18 04:30:00,Z005,1.0
2026-01-18 05:00:00,Z005,4.0
2026-01-18 05:30:00,Z005,5.0
2026-01-18 06:00:00,Z005,7.0
2026-01-18 06:30:00,Z005,3.0
2026-01-18 07:00:00,Z005,12.0
2026-01-18 07:30:00,Z005,15.0
2026-01-18 08:00:00,Z005,10.0
2026-01-18 08:30:00,Z005,29.0
2026-01-18 09:00:00,Z005,39.0
2026-01-18 09:30:00,Z005,45.0
2026-01-18 10:00:00,Z005,38.0
2026-01-18 10:30:00,Z005,41.0
2026-01-18 11:00:00,Z005,38.0
2026-01-18 11:30:00,Z005,23.0
2026-01-18 12:00:00,Z005,13.0
2026-01-18 12:30:00,Z005,43.0
2026-01-18 13:00:00,Z005,46.0
2026-01-18 13:30:00,Z005,46.0
2026-01-18 14:00:00,Z005,55.0
2026-01-18 14:30:00,Z005,33.0
2026-01-18 15:00:00,Z005,22.0
2026-01-18 15:30:00,Z005,18.0
2026-01-18 16:00:00,Z005,13.0
2026-01-18 16:30:00,Z005,16.0
2026-01-18 17:00:00,Z005,15.0
2026-01-18 17:30:00,Z005,31.0
2026-01-18 18:00:00,Z005,55.0
2026-01-18 18:30:00,Z005,61.0
2026-01-18 19:00:00,Z005,55.0
2026-01-18 19:30:00,Z005,61.0
2026-01-18 20:00:00,Z005,60.0
2026-01-18 20:30:00,Z005,26.0
2026-01-18 21:00:00,Z005,24.0
2026-01-18 21:30:00,Z005,18.0
2026-01-18 22:00:00,Z005,18.0
2026-01-18 22:30:00,Z005,20.0
2026-01-18 23:00:00,Z005,19.0
2026-01-18 23:30:00,Z005,15.0
2026-01-19 00:00:00,Z005,14.0
2026-01-19 00:30:00,Z005,10.0
2026-01-19 01:00:00,Z005,5.0
2026-01-19 01:30:00,Z005,1.0
2026-01-19 02:00:00,Z005,2.0
2026-01-19 02:30:00,Z005,2.0
2026-01-19 03:00:00,Z005,3.0
2026-01-19 03:30:00,Z005,4.0
2026-01-19 04:00:00,Z005,2.0
2026-01-19 04:30:00,Z005,1.0
2026-01-19 05:00:00,Z005,2.0
2026-01-19 05:30:00,Z005,11.0
2026-01-19 06:00:00,Z005,12.0
2026-01-19 06:30:00,Z005,13.0
2026-01-19 07:00:00,Z005,17.0
2026-01-19 07:30:00,Z005,14.0
2026-01-19 08:00:00,Z005,19.0
2026-01-19 08:30:00,Z005,37.0
2026-01-19 09:00:00,Z005,51.0
2026-01-19 09:30:00,Z005,46.0
2026-01-19 10:00:00,Z005,40.0
2026-01-19 10:30:00,Z005,39.0
2026-01-19 11:00:00,Z005,48.0
2026-01-19 11:30:00,Z005,25.0
2026-01-19 12:00:00,Z005,17.0
2026-01-19 12:30:00,Z005,44.0
2026-01-19 13:00:00,Z005,46.0
2026-01-19 13:30:00,Z005,45.0
2026-01-19 14:00:00,Z005,42.0
2026-01-19 14:30:00,Z005,17.0
2026-01-19 15:00:00,Z005,17.0
2026-01-19 15:30:00,Z005,12.0
2026-01-19 16:00:00,Z005,12.0
2026-01-19 16:30:00,Z005,15.0
2026-01-19 17:00:00,Z005,18.0
2026-01-19 17:30:00,Z005,25.0
2026-01-19 18:00:00,Z005,39.0
2026-01-19 18:30:00,Z005,50.0
2026-01-19 19:00:00,Z005,55.0
2026-01-19 19:30:00,Z005,64.0
2026-01-19 20:00:00,Z005,62.0
2026-01-19 20:30:00,Z005,32.0
2026-01-19 21:00:00,Z005,29.0
2026-01-19 21:30:00,Z005,21.0
2026-01-19 22:00:00,Z005,17.0
2026-01-19 22:30:00,Z005,13.0
2026-01-19 23:00:00,Z005,16.0
2026-01-19 23:30:00,Z005,15.0
2026-01-20 00:00:00,Z005,15.0
2026-01-20 00:30:00,Z005,6.0
2026-01-20 01:00:00,Z005,2.0
2026-01-20 01:30:00,Z005,2.0
2026-01-20 02:00:00,Z005,2.0
2026-01-20 02:30:00,Z005,1.0
2026-01-20 03:00:00,Z005,1.0
2026-01-20 03:30:00,Z005,1.0
2026-01-20 04:00:00,Z005,0.0
2026-01-20 04:30:00,Z005,0.0
2026-01-20 05:00:00,Z005,1.0
2026-01-20 05:30:00,Z005,10.0
2026-01-20 06:00:00,Z005,20.0
2026-01-20 06:30:00,Z005,15.0
2026-01-20 07:00:00,Z005,21.0
2026-01-20 07:30:00,Z005,21.0
2026-01-20 08:00:00,Z005,16.0
2026-01-20 08:30:00,Z005,27.0
2026-01-20 09:00:00,Z005,36.0
2026-01-20 09:30:00,Z005,41.0
2026-01-20 10:00:00,Z005,39.0
2026-01-20 10:30:00,Z005,46.0
2026-01-20 11:00:00,Z005,48.0
2026-01-20 11:30:00,Z005,27.0
2026-01-20 12:00:00,Z005,12.0
2026-01-20 12:30:00,Z005,39.0
2026-01-20 13:00:00,Z005,47.0
2026-01-20 13:30:00,Z005,49.0
2026-01-20 14:00:00,Z005,55.0
2026-01-20 14:30:00,Z005,41.0
2026-01-20 15:00:00,Z005,21.0
2026-01-20 15:30:00,Z005,19.0
2026-01-20 16:00:00,Z005,13.0
2026-01-20 16:30:00,Z005,16.0
2026-01-20 17:00:00,Z005,24.0
2026-01-20 17:30:00,Z005,36.0
2026-01-20 18:00:00,Z005,42.0
2026-01-20 18:30:00,Z005,46.0
2026-01-20 19:00:00,Z005,62.0
2026-01-20 19:30:00,Z005,59.0
2026-01-20 20:00:00,Z005,56.0
2026-01-20 20:30:00,Z005,37.0
2026-01-20 21:00:00,Z005,18.0
2026-01-20 21:30:00,Z005,13.0
2026-01-20 22:00:00,Z005,14.0
2026-01-20 22:30:00,Z005,12.0
2026-01-20 23:00:00,Z005,12.0
2026-01-20 23:30:00,Z005,14.0
2026-01-21 00:00:00,Z005,11.0
2026-01-21 00:30:00,Z005,4.0
2026-01-21 01:00:00,Z005,1.0
2026-01-21 01:30:00,Z005,2.0
2026-01-21 02:00:00,Z005,5.0
2026-01-21 02:30:00,Z005,3.0
2026-01-21 03:00:00,Z005,3.0
2026-01-21 03:30:00,Z005,3.0
2026-01-21 04:00:00,Z005,2.0
2026-01-21 04:30:00,Z005,0.0
2026-01-21 05:00:00,Z005,1.0
2026-01-21 05:30:00,Z005,6.0
2026-01-21 06:00:00,Z005,12.0
2026-01-21 06:30:00,Z005,12.0
2026-01-21 07:00:00,Z005,13.0
2026-01-21 07:30:00,Z005,17.0
2026-01-21 08:00:00,Z005,11.0
2026-01-21 08:30:00,Z005,34.0
2026-01-21 09:00:00,Z005,38.0
2026-01-21 09:30:00,Z005,42.0
2026-01-21 10:00:00,Z005,46.0
2026-01-21 10:30:00,Z005,47.0
2026-01-21 11:00:00,Z005,50.0
2026-01-21 11:30:00,Z005,27.0
2026-01-21 12:00:00,Z005,10.0
2026-01-21 12:30:00,Z005,27.0
2026-01-21 13:00:00,Z005,31.0
2026-01-21 13:30:00,Z005,43.0
2026-01-21 14:00:00,Z005,47.0
2026-01-21 14:30:00,Z005,33.0
2026-01-21 15:00:00,Z005,24.0
2026-01-21 15:30:00,Z005,15.0
2026-01-21 16:00:00,Z005,11.0
2026-01-21 16:30:00,Z005,16.0
2026-01-21 17:00:00,Z005,20.0
2026-01-21 17:30:00,Z005,46.0
2026-01-21 18:00:00,Z005,54.0
2026-01-21 18:30:00,Z005,76.0
2026-01-21 19:00:00,Z005,75.0
2026-01-21 19:30:00,Z005,61.0
2026-01-21 20:00:00,Z005,59.0
2026-01-21 20:30:00,Z005,32.0
2026-01-21 21:00:00,Z005,23.0
2026-01-21 21:30:00,Z005,24.0
2026-01-21 22:00:00,Z005,17.0
2026-01-21 22:30:00,Z005,10.0
2026-01-21 23:00:00,Z005,9.0
2026-01-14 23:00:00,Z006,30.0
2026-01-14 23:30:00,Z006,34.0
2026-01-15 00:00:00,Z006,36.0
2026-01-15 00:30:00,Z006,20.0
2026-01-15 01:00:00,Z006,10.0
2026-01-15 01:30:00,Z006,5.0
2026-01-15 02:00:00,Z006,3.0
2026-01-15 02:30:00,Z006,2.0
2026-01-15 03:00:00,Z006,2.0
2026-01-15 03:30:00,Z006,0.0
2026-01-15 04:00:00,Z006,1.0
2026-01-15 04:30:00,Z006,2.0
2026-01-15 05:00:00,Z006,3.0
2026-01-15 05:30:00,Z006,9.0
2026-01-15 06:00:00,Z006,14.0
2026-01-15 06:30:00,Z006,25.0
2026-01-15 07:00:00,Z006,27.0
2026-01-15 07:30:00,Z006,23.0
2026-01-15 08:00:00,Z006,21.0
2026-01-15 08:30:00,Z006,45.0
2026-01-15 09:00:00,Z006,70.0
2026-01-15 09:30:00,Z006,87.0
2026-01-15 10:00:00,Z006,77.0
2026-01-15 10:30:00,Z006,78.0
2026-01-15 11:00:00,Z006,85.0
2026-01-15 11:30:00,Z006,69.0
2026-01-15 12:00:00,Z006,46.0
2026-01-15 12:30:00,Z006,57.0
2026-01-15 13:00:00,Z006,78.0
2026-01-15 13:30:00,Z006,95.0
2026-01-15 14:00:00,Z006,87.0
2026-01-15 14:30:00,Z006,62.0
2026-01-15 15:00:00,Z006,42.0
2026-01-15 15:30:00,Z006,32.0
2026-01-15 16:00:00,Z006,32.0
2026-01-15 16:30:00,Z006,21.0
2026-01-15 17:00:00,Z006,22.0
2026-01-15 17:30:00,Z006,53.0
2026-01-15 18:00:00,Z006,80.0
2026-01-15 18:30:00,Z006,92.0
2026-01-15 19:00:00,Z006,102.0
2026-01-15 19:30:00,Z006,112.0
2026-01-15 20:00:00,Z006,112.0
2026-01-15 20:30:00,Z006,81.0
2026-01-15 21:00:00,Z006,49.0
2026-01-15 21:30:00,Z006,36.0
2026-01-15 22:00:00,Z006,28.0
2026-01-15 22:30:00,Z006,24.0
2026-01-15 23:00:00,Z006,29.0
2026-01-15 23:30:00,Z006,27.0
2026-01-16 00:00:00,Z006,23.0
2026-01-16 00:30:00,Z006,13.0
2026-01-16 01:00:00,Z006,6.0
2026-01-16 01:30:00,Z006,2.0
2026-01-16 02:00:00,Z006,3.0
2026-01-16 02:30:00,Z006,3.0
2026-01-16 03:00:00,Z006,3.0
2026-01-16 03:30:00,Z006,1.0
2026-01-16 04:00:00,Z006,1.0
2026-01-16 04:30:00,Z006,1.0
2026-01-16 05:00:00,Z006,3.0
2026-01-16 05:30:00,Z006,12.0
2026-01-16 06:00:00,Z006,18.0
2026-01-16 06:30:00,Z006,20.0
2026-01-16 07:00:00,Z006,18.0
2026-01-16 07:30:00,Z006,19.0
2026-01-16 08:00:00,Z006,26.0
2026-01-16 08:30:00,Z006,60.0
2026-01-16 09:00:00,Z006,88.0
2026-01-16 09:30:00,Z006,86.0
2026-01-16 10:00:00,Z006,74.0
2026-01-16 10:30:00,Z006,70.0
2026-01-16 11:00:00,Z006,70.0
2026-01-16 11:30:00,Z006,50.0
2026-01-16 12:00:00,Z006,39.0
2026-01-16 12:30:00,Z006,71.0
2026-01-16 13:00:00,Z006,81.0
2026-01-16 13:30:00,Z006,91.0
2026-01-16 14:00:00,Z006,86.0
2026-01-16 14:30:00,Z006,61.0
2026-01-16 15:00:00,Z006,40.0
2026-01-16 15:30:00,Z006,30.0
2026-01-16 16:00:00,Z006,32.0
2026-01-16 16:30:00,Z006,31.0
2026-01-16 17:00:00,Z006,31.0
2026-01-16 17:30:00,Z006,49.0
2026-01-16 18:00:00,Z006,71.0
2026-01-16 18:30:00,Z006,101.0
2026-01-16 19:00:00,Z006,113.0
2026-01-16 19:30:00,Z006,100.0
2026-01-16 20:00:00,Z006,88.0
2026-01-16 20:30:00,Z006,65.0
2026-01-16 21:00:00,Z006,47.0
2026-01-16 21:30:00,Z006,26.0
2026-01-16 22:00:00,Z006,28.0
2026-01-16 22:30:00,Z006,25.0
2026-01-16 23:00:00,Z006,29.0
2026-01-16 23:30:00,Z006,33.0
2026-01-17 00:00:00,Z006,37.0
2026-01-17 00:30:00,Z006,25.0
2026-01-17 01:00:00,Z006,17.0
2026-01-17 01:30:00,Z006,10.0
2026-01-17 02:00:00,Z006,9.0
2026-01-17 02:30:00,Z006,7.0
2026-01-17 03:00:00,Z006,2.0
2026-01-17 03:30:00,Z006,2.0
2026-01-17 04:00:00,Z006,4.0
2026-01-17 04:30:00,Z006,3.0
2026-01-17 05:00:00,Z006,3.0
2026-01-17 05:30:00,Z006,13.0
2026-01-17 06:00:00,Z006,15.0
2026-01-17 06:30:00,Z006,23.0
2026-01-17 07:00:00,Z006,28.0
2026-01-17 07:30:00,Z006,28.0
2026-01-17 08:00:00,Z006,32.0
2026-01-17 08:30:00,Z006,49.0
2026-01-17 09:00:00,Z006,64.0
2026-01-17 09:30:00,Z006,80.0
2026-01-17 10:00:00,Z006,90.0
2026-01-17 10:30:00,Z006,99.0
2026-01-17 11:00:00,Z006,95.0
2026-01-17 11:30:00,Z006,58.0
2026-01-17 12:00:00,Z006,34.0
2026-01-17 12:30:00,Z006,56.0
2026-01-17 13:00:00,Z006,80.0
2026-01-17 13:30:00,Z006,94.0
2026-01-17 14:00:00,Z006,93.0
2026-01-17 14:30:00,Z006,60.0
2026-01-17 15:00:00,Z006,42.0
2026-01-17 15:30:00,Z006,35.0
2026-01-17 16:00:00,Z006,28.0
2026-01-17 16:30:00,Z006,34.0
2026-01-17 17:00:00,Z006,29.0
2026-01-17 17:30:00,Z006,61.0
2026-01-17 18:00:00,Z006,84.0
2026-01-17 18:30:00,Z006,89.0
2026-01-17 19:00:00,Z006,92.0
2026-01-17 19:30:00,Z006,85.0
2026-01-17 20:00:00,Z006,92.0
2026-01-17 20:30:00,Z006,59.0
2026-01-17 21:00:00,Z006,43.0
2026-01-17 21:30:00,Z006,31.0
2026-01-17 22:00:00,Z006,28.0
2026-01-17 22:30:00,Z006,24.0
2026-01-17 23:00:00,Z006,19.0
2026-01-17 23:30:00,Z006,23.0
2026-01-18 00:00:00,Z006,30.0
2026-01-18 00:30:00,Z006,12.0
2026-01-18 01:00:00,Z006,7.0
2026-01-18 01:30:00,Z006,4.0
2026-01-18 02:00:00,Z006,3.0
2026-01-18 02:30:00,Z006,3.0
2026-01-18 03:00:00,Z006,2.0
2026-01-18 03:30:00,Z006,2.0
2026-01-18 04:00:00,Z006,2.0
2026-01-18 04:30:00,Z006,1.0
2026-01-18 05:00:00,Z006,2.0
2026-01-18 05:30:00,Z006,10.0
2026-01-18 06:00:00,Z006,15.0
2026-01-18 06:30:00,Z006,21.0
2026-01-18 07:00:00,Z006,25.0
2026-01-18 07:30:00,Z006,27.0
2026-01-18 08:00:00,Z006,30.0
2026-01-18 08:30:00,Z006,53.0
2026-01-18 09:00:00,Z006,67.0
2026-01-18 09:30:00,Z006,80.0
2026-01-18 10:00:00,Z006,87.0
2026-01-18 10:30:00,Z006,73.0
2026-01-18 11:00:00,Z006,67.0
2026-01-18 11:30:00,Z006,58.0
2026-01-18 12:00:00,Z006,39.0
2026-01-18 12:30:00,Z006,60.0
2026-01-18 13:00:00,Z006,67.0
2026-01-18 13:30:00,Z006,82.0
2026-01-18 14:00:00,Z006,97.0
2026-01-18 14:30:00,Z006,68.0
2026-01-18 15:00:00,Z006,46.0
2026-01-18 15:30:00,Z006,38.0
2026-01-18 16:00:00,Z006,41.0
2026-01-18 16:30:00,Z006,29.0
2026-01-18 17:00:00,Z006,35.0
2026-01-18 17:30:00,Z006,60.0
2026-01-18 18:00:00,Z006,66.0
2026-01-18 18:30:00,Z006,84.0
2026-01-18 19:00:00,Z006,84.0
2026-01-18 19:30:00,Z006,106.0
2026-01-18 20:00:00,Z006,112.0
2026-01-18 20:30:00,Z006,76.0
2026-01-18 21:00:00,Z006,52.0
2026-01-18 21:30:00,Z006,37.0
2026-01-18 22:00:00,Z006,24.0
2026-01-18 22:30:00,Z006,24.0
2026-01-18 23:00:00,Z006,25.0
2026-01-18 23:30:00,Z006,26.0
2026-01-19 00:00:00,Z006,28.0
2026-01-19 00:30:00,Z006,23.0
2026-01-19 01:00:00,Z006,15.0
2026-01-19 01:30:00,Z006,11.0
2026-01-19 02:00:00,Z006,5.0
2026-01-19 02:30:00,Z006,3.0
2026-01-19 03:00:00,Z006,5.0
2026-01-19 03:30:00,Z006,7.0
2026-01-19 04:00:00,Z006,6.0
2026-01-19 04:30:00,Z006,3.0
2026-01-19 05:00:00,Z006,4.0
2026-01-19 05:30:00,Z006,8.0
2026-01-19 06:00:00,Z006,15.0
2026-01-19 06:30:00,Z006,22.0
2026-01-19 07:00:00,Z006,26.0
2026-01-19 07:30:00,Z006,24.0
2026-01-19 08:00:00,Z006,25.0
2026-01-19 08:30:00,Z006,40.0
2026-01-19 09:00:00,Z006,56.0
2026-01-19 09:30:00,Z006,69.0
2026-01-19 10:00:00,Z006,77.0
2026-01-19 10:30:00,Z006,70.0
2026-01-19 11:00:00,Z006,66.0
2026-01-19 11:30:00,Z006,45.0
2026-01-19 12:00:00,Z006,34.0
2026-01-19 12:30:00,Z006,44.0
2026-01-19 13:00:00,Z006,61.0
2026-01-19 13:30:00,Z006,66.0
2026-01-19 14:00:00,Z006,82.0
2026-01-19 14:30:00,Z006,66.0
2026-01-19 15:00:00,Z006,41.0
2026-01-19 15:30:00,Z006,32.0
2026-01-19 16:00:00,Z006,29.0
2026-01-19 16:30:00,Z006,34.0
2026-01-19 17:00:00,Z006,28.0
2026-01-19 17:30:00,Z006,58.0
2026-01-19 18:00:00,Z006,88.0
2026-01-19 18:30:00,Z006,92.0
2026-01-19 19:00:00,Z006,100.0
2026-01-19 19:30:00,Z006,91.0
2026-01-19 20:00:00,Z006,94.0
2026-01-19 20:30:00,Z006,70.0
2026-01-19 21:00:00,Z006,49.0
2026-01-19 21:30:00,Z006,28.0
2026-01-19 22:00:00,Z006,24.0
2026-01-19 22:30:00,Z006,20.0
2026-01-19 23:00:00,Z006,19.0
2026-01-19 23:30:00,Z006,19.0
2026-01-20 00:00:00,Z006,25.0
2026-01-20 00:30:00,Z006,16.0
2026-01-20 01:00:00,Z006,9.0
2026-01-20 01:30:00,Z006,5.0
2026-01-20 02:00:00,Z006,4.0
2026-01-20 02:30:00,Z006,2.0
2026-01-20 03:00:00,Z006,0.0
2026-01-20 03:30:00,Z006,0.0
2026-01-20 04:00:00,Z006,3.0
2026-01-20 04:30:00,Z006,5.0
2026-01-20 05:00:00,Z006,4.0
2026-01-20 05:30:00,Z006,9.0
2026-01-20 06:00:00,Z006,19.0
2026-01-20 06:30:00,Z006,22.0
2026-01-20 07:00:00,Z006,18.0
2026-01-20 07:30:00,Z006,19.0
2026-01-20 08:00:00,Z006,27.0
2026-01-20 08:30:00,Z006,51.0
2026-01-20 09:00:00,Z006,45.0
2026-01-20 09:30:00,Z006,54.0
2026-01-20 10:00:00,Z006,63.0
2026-01-20 10:30:00,Z006,50.0
2026-01-20 11:00:00,Z006,52.0
2026-01-20 11:30:00,Z006,42.0
2026-01-20 12:00:00,Z006,41.0
2026-01-20 12:30:00,Z006,56.0
2026-01-20 13:00:00,Z006,85.0
2026-01-20 13:30:00,Z006,105.0
2026-01-20 14:00:00,Z006,121.0
2026-01-20 14:30:00,Z006,73.0
2026-01-20 15:00:00,Z006,46.0
2026-01-20 15:30:00,Z006,34.0
2026-01-20 16:00:00,Z006,20.0
2026-01-20 16:30:00,Z006,22.0
2026-01-20 17:00:00,Z006,23.0
2026-01-20 17:30:00,Z006,53.0
2026-01-20 18:00:00,Z006,68.0
2026-01-20 18:30:00,Z006,83.0
2026-01-20 19:00:00,Z006,85.0
2026-01-20 19:30:00,Z006,92.0
2026-01-20 20:00:00,Z006,104.0
2026-01-20 20:30:00,Z006,74.0
2026-01-20 21:00:00,Z006,54.0
2026-01-20 21:30:00,Z006,38.0
2026-01-20 22:00:00,Z006,34.0
2026-01-20 22:30:00,Z006,33.0
2026-01-20 23:00:00,Z006,32.0
2026-01-20 23:30:00,Z006,25.0
2026-01-21 00:00:00,Z006,35.0
2026-01-21 00:30:00,Z006,25.0
2026-01-21 01:00:00,Z006,12.0
2026-01-21 01:30:00,Z006,7.0
2026-01-21 02:00:00,Z006,5.0
2026-01-21 02:30:00,Z006,4.0
2026-01-21 03:00:00,Z006,4.0
2026-01-21 03:30:00,Z006,2.0
2026-01-21 04:00:00,Z006,2.0
2026-01-21 04:30:00,Z006,0.0
2026-01-21 05:00:00,Z006,1.0
2026-01-21 05:30:00,Z006,9.0
2026-01-21 06:00:00,Z006,15.0
2026-01-21 06:30:00,Z006,21.0
2026-01-21 07:00:00,Z006,22.0
2026-01-21 07:30:00,Z006,26.0
2026-01-21 08:00:00,Z006,24.0
2026-01-21 08:30:00,Z006,33.0
2026-01-21 09:00:00,Z006,57.0
2026-01-21 09:30:00,Z006,69.0
2026-01-21 10:00:00,Z006,73.0
2026-01-21 10:30:00,Z006,81.0
2026-01-21 11:00:00,Z006,87.0
2026-01-21 11:30:00,Z006,65.0
2026-01-21 12:00:00,Z006,56.0
2026-01-21 12:30:00,Z006,59.0
2026-01-21 13:00:00,Z006,76.0
2026-01-21 13:30:00,Z006,80.0
2026-01-21 14:00:00,Z006,75.0
2026-01-21 14:30:00,Z006,57.0
2026-01-21 15:00:00,Z006,32.0
2026-01-21 15:30:00,Z006,22.0
2026-01-21 16:00:00,Z006,21.0
2026-01-21 16:30:00,Z006,23.0
2026-01-21 17:00:00,Z006,23.0
2026-01-21 17:30:00,Z006,62.0
2026-01-21 18:00:00,Z006,81.0
2026-01-21 18:30:00,Z006,89.0
2026-01-21 19:00:00,Z006,95.0
2026-01-21 19:30:00,Z006,94.0
2026-01-21 20:00:00,Z006,108.0
2026-01-21 20:30:00,Z006,78.0
2026-01-21 21:00:00,Z006,47.0
2026-01-21 21:30:00,Z006,26.0
2026-01-21 22:00:00,Z006,23.0
2026-01-21 22:30:00,Z006,24.0
2026-01-21 23:00:00,Z006,24.0
2026-01-14 23:00:00,Z007,10.0
2026-01-14 23:30:00,Z007,13.0
2026-01-15 00:00:00,Z007,8.0
2026-01-15 00:30:00,Z007,2.0
2026-01-15 01:00:00,Z007,2.0
2026-01-15 01:30:00,Z007,0.0
2026-01-15 02:00:00,Z007,0.0
2026-01-15 02:30:00,Z007,0.0
2026-01-15 03:00:00,Z007,0.0
2026-01-15 03:30:00,Z007,0.0
2026-01-15 04:00:00,Z007,0.0
2026-01-15 04:30:00,Z007,0.0
2026-01-15 05:00:00,Z007,0.0
2026-01-15 05:30:00,Z007,2.0
2026-01-15 06:00:00,Z007,7.0
2026-01-15 06:30:00,Z007,9.0
2026-01-15 07:00:00,Z007,9.0
2026-01-15 07:30:00,Z007,6.0
2026-01-15 08:00:00,Z007,6.0
2026-01-15 08:30:00,Z007,12.0
2026-01-15 09:00:00,Z007,18.0
2026-01-15 09:30:00,Z007,20.0
2026-01-15 10:00:00,Z007,13.0
2026-01-15 10:30:00,Z007,12.0
2026-01-15 11:00:00,Z007,14.0
2026-01-15 11:30:00,Z007,13.0
2026-01-15 12:00:00,Z007,10.0
2026-01-15 12:30:00,Z007,14.0
2026-01-15 13:00:00,Z007,20.0
2026-01-15 13:30:00,Z007,23.0
2026-01-15 14:00:00,Z007,25.0
2026-01-15 14:30:00,Z007,20.0
2026-01-15 15:00:00,Z007,18.0
2026-01-15 15:30:00,Z007,16.0
2026-01-15 16:00:00,Z007,14.0
2026-01-15 16:30:00,Z007,9.0
2026-01-15 17:00:00,Z007,6.0
2026-01-15 17:30:00,Z007,10.0
2026-01-15 18:00:00,Z007,15.0
2026-01-15 18:30:00,Z007,15.0
2026-01-15 19:00:00,Z007,22.0
2026-01-15 19:30:00,Z007,28.0
2026-01-15 20:00:00,Z007,29.0
2026-01-15 20:30:00,Z007,18.0
2026-01-15 21:00:00,Z007,7.0
2026-01-15 21:30:00,Z007,11.0
2026-01-15 22:00:00,Z007,11.0
2026-01-15 22:30:00,Z007,11.0
2026-01-15 23:00:00,Z007,9.0
2026-01-15 23:30:00,Z007,6.0
2026-01-16 00:00:00,Z007,7.0
2026-01-16 00:30:00,Z007,3.0
2026-01-16 01:00:00,Z007,2.0
2026-01-16 01:30:00,Z007,0.0
2026-01-16 02:00:00,Z007,0.0
2026-01-16 02:30:00,Z007,1.0
2026-01-16 03:00:00,Z007,1.0
2026-01-16 03:30:00,Z007,2.0
2026-01-16 04:00:00,Z007,2.0
2026-01-16 04:30:00,Z007,2.0
2026-01-16 05:00:00,Z007,4.0
2026-01-16 05:30:00,Z007,6.0
2026-01-16 06:00:00,Z007,3.0
2026-01-16 06:30:00,Z007,2.0
2026-01-16 07:00:00,Z007,4.0
2026-01-16 07:30:00,Z007,3.0
2026-01-16 08:00:00,Z007,4.0
2026-01-16 08:30:00,Z007,9.0
2026-01-16 09:00:00,Z007,20.0
2026-01-16 09:30:00,Z007,20.0
2026-01-16 10:00:00,Z007,16.0
2026-01-16 10:30:00,Z007,17.0
2026-01-16 11:00:00,Z007,18.0
2026-01-16 11:30:00,Z007,18.0
2026-01-16 12:00:00,Z007,12.0
2026-01-16 12:30:00,Z007,20.0
2026-01-16 13:00:00,Z007,22.0
2026-01-16 13:30:00,Z007,20.0
2026-01-16 14:00:00,Z007,20.0
2026-01-16 14:30:00,Z007,14.0
2026-01-16 15:00:00,Z007,7.0
2026-01-16 15:30:00,Z007,7.0
2026-01-16 16:00:00,Z007,3.0
2026-01-16 16:30:00,Z007,4.0
2026-01-16 17:00:00,Z007,3.0
2026-01-16 17:30:00,Z007,8.0
2026-01-16 18:00:00,Z007,15.0
2026-01-16 18:30:00,Z007,29.0
2026-01-16 19:00:00,Z007,28.0
2026-01-16 19:30:00,Z007,24.0
2026-01-16 20:00:00,Z007,16.0
2026-01-16 20:30:00,Z007,10.0
2026-01-16 21:00:00,Z007,6.0
2026-01-16 21:30:00,Z007,7.0
2026-01-16 22:00:00,Z007,8.0
2026-01-16 22:30:00,Z007,4.0
2026-01-16 23:00:00,Z007,1.0
2026-01-16 23:30:00,Z007,3.0
2026-01-17 00:00:00,Z007,5.0
2026-01-17 00:30:00,Z007,6.0
2026-01-17 01:00:00,Z007,3.0
2026-01-17 01:30:00,Z007,4.0
2026-01-17 02:00:00,Z007,3.0
2026-01-17 02:30:00,Z007,3.0
2026-01-17 03:00:00,Z007,2.0
2026-01-17 03:30:00,Z007,2.0
2026-01-17 04:00:00,Z007,0.0
2026-01-17 04:30:00,Z007,1.0
2026-01-17 05:00:00,Z007,1.0
2026-01-17 05:30:00,Z007,3.0
2026-01-17 06:00:00,Z007,5.0
2026-01-17 06:30:00,Z007,8.0
2026-01-17 07:00:00,Z007,6.0
2026-01-17 07:30:00,Z007,7.0
2026-01-17 08:00:00,Z007,6.0
2026-01-17 08:30:00,Z007,12.0
2026-01-17 09:00:00,Z007,17.0
2026-01-17 09:30:00,Z007,13.0
2026-01-17 10:00:00,Z007,18.0
2026-01-17 10:30:00,Z007,13.0
2026-01-17 11:00:00,Z007,14.0
2026-01-17 11:30:00,Z007,10.0
2026-01-17 12:00:00,Z007,8.0
2026-01-17 12:30:00,Z007,11.0
2026-01-17 13:00:00,Z007,11.0
2026-01-17 13:30:00,Z007,15.0
2026-01-17 14:00:00,Z007,20.0
2026-01-17 14:30:00,Z007,20.0
2026-01-17 15:00:00,Z007,11.0
2026-01-17 15:30:00,Z007,11.0
2026-01-17 16:00:00,Z007,4.0
2026-01-17 16:30:00,Z007,6.0
2026-01-17 17:00:00,Z007,8.0
2026-01-17 17:30:00,Z007,19.0
2026-01-17 18:00:00,Z007,27.0
2026-01-17 18:30:00,Z007,24.0
2026-01-17 19:00:00,Z007,27.0
2026-01-17 19:30:00,Z007,25.0
2026-01-17 20:00:00,Z007,38.0
2026-01-17 20:30:00,Z007,27.0
2026-01-17 21:00:00,Z007,17.0
2026-01-17 21:30:00,Z007,9.0
2026-01-17 22:00:00,Z007,8.0
2026-01-17 22:30:00,Z007,6.0
2026-01-17 23:00:00,Z007,10.0
2026-01-17 23:30:00,Z007,9.0
2026-01-18 00:00:00,Z007,10.0
2026-01-18 00:30:00,Z007,6.0
2026-01-18 01:00:00,Z007,3.0
2026-01-18 01:30:00,Z007,3.0
2026-01-18 02:00:00,Z007,1.0
2026-01-18 02:30:00,Z007,0.0
2026-01-18 03:00:00,Z007,0.0
2026-01-18 03:30:00,Z007,0.0
2026-01-18 04:00:00,Z007,0.0
2026-01-18 04:30:00,Z007,2.0
2026-01-18 05:00:00,Z007,2.0
2026-01-18 05:30:00,Z007,3.0
2026-01-18 06:00:00,Z007,6.0
2026-01-18 06:30:00,Z007,6.0
2026-01-18 07:00:00,Z007,4.0
2026-01-18 07:30:00,Z007,6.0
2026-01-18 08:00:00,Z007,11.0
2026-01-18 08:30:00,Z007,22.0
2026-01-18 09:00:00,Z007,22.0
2026-01-18 09:30:00,Z007,18.0
2026-01-18 10:00:00,Z007,21.0
2026-01-18 10:30:00,Z007,21.0
2026-01-18 11:00:00,Z007,21.0
2026-01-18 11:30:00,Z007,15.0
2026-01-18 12:00:00,Z007,14.0
2026-01-18 12:30:00,Z007,25.0
2026-01-18 13:00:00,Z007,22.0
2026-01-18 13:30:00,Z007,17.0
2026-01-18 14:00:00,Z007,21.0
2026-01-18 14:30:00,Z007,14.0
2026-01-18 15:00:00,Z007,7.0
2026-01-18 15:30:00,Z007,5.0
2026-01-18 16:00:00,Z007,3.0
2026-01-18 16:30:00,Z007,4.0
2026-01-18 17:00:00,Z007,5.0
2026-01-18 17:30:00,Z007,11.0
2026-01-18 18:00:00,Z007,19.0
2026-01-18 18:30:00,Z007,22.0
2026-01-18 19:00:00,Z007,25.0
2026-01-18 19:30:00,Z007,23.0
2026-01-18 20:00:00,Z007,26.0
2026-01-18 20:30:00,Z007,20.0
2026-01-18 21:00:00,Z007,14.0
2026-01-18 21:30:00,Z007,9.0
2026-01-18 22:00:00,Z007,6.0
2026-01-18 22:30:00,Z007,5.0
2026-01-18 23:00:00,Z007,8.0
2026-01-18 23:30:00,Z007,7.0
2026-01-19 00:00:00,Z007,9.0
2026-01-19 00:30:00,Z007,6.0
2026-01-19 01:00:00,Z007,5.0
2026-01-19 01:30:00,Z007,3.0
2026-01-19 02:00:00,Z007,1.0
2026-01-19 02:30:00,Z007,1.0
2026-01-19 03:00:00,Z007,2.0
2026-01-19 03:30:00,Z007,3.0
2026-01-19 04:00:00,Z007,3.0
2026-01-19 04:30:00,Z007,2.0
2026-01-19 05:00:00,Z007,1.0
2026-01-19 05:30:00,Z007,3.0
2026-01-19 06:00:00,Z007,4.0
2026-01-19 06:30:00,Z007,4.0
2026-01-19 07:00:00,Z007,3.0
2026-01-19 07:30:00,Z007,5.0
2026-01-19 08:00:00,Z007,9.0
2026-01-19 08:30:00,Z007,17.0
2026-01-19 09:00:00,Z007,19.0
2026-01-19 09:30:00,Z007,18.0
2026-01-19 10:00:00,Z007,12.0
2026-01-19 10:30:00,Z007,19.0
2026-01-19 11:00:00,Z007,20.0
2026-01-19 11:30:00,Z007,14.0
2026-01-19 12:00:00,Z007,13.0
2026-01-19 12:30:00,Z007,13.0
2026-01-19 13:00:00,Z007,18.0
2026-01-19 13:30:00,Z007,22.0
2026-01-19 14:00:00,Z007,25.0
2026-01-19 14:30:00,Z007,18.0
2026-01-19 15:00:00,Z007,11.0
2026-01-19 15:30:00,Z007,8.0
2026-01-19 16:00:00,Z007,8.0
2026-01-19 16:30:00,Z007,7.0
2026-01-19 17:00:00,Z007,11.0
2026-01-19 17:30:00,Z007,12.0
2026-01-19 18:00:00,Z007,14.0
2026-01-19 18:30:00,Z007,24.0
2026-01-19 19:00:00,Z007,24.0
2026-01-19 19:30:00,Z007,24.0
2026-01-19 20:00:00,Z007,25.0
2026-01-19 20:30:00,Z007,21.0
2026-01-19 21:00:00,Z007,17.0
2026-01-19 21:30:00,Z007,16.0
2026-01-19 22:00:00,Z007,11.0
2026-01-19 22:30:00,Z007,10.0
2026-01-19 23:00:00,Z007,11.0
2026-01-19 23:30:00,Z007,7.0
2026-01-20 00:00:00,Z007,7.0
2026-01-20 00:30:00,Z007,6.0
2026-01-20 01:00:00,Z007,1.0
2026-01-20 01:30:00,Z007,0.0
2026-01-20 02:00:00,Z007,1.0
2026-01-20 02:30:00,Z007,1.0
2026-01-20 03:00:00,Z007,1.0
2026-01-20 03:30:00,Z007,0.0
2026-01-20 04:00:00,Z007,1.0
2026-01-20 04:30:00,Z007,2.0
2026-01-20 05:00:00,Z007,3.0
2026-01-20 05:30:00,Z007,3.0
2026-01-20 06:00:00,Z007,6.0
2026-01-20 06:30:00,Z007,6.0
2026-01-20 07:00:00,Z007,9.0
2026-01-20 07:30:00,Z007,12.0
2026-01-20 08:00:00,Z007,11.0
2026-01-20 08:30:00,Z007,15.0
2026-01-20 09:00:00,Z007,13.0
2026-01-20 09:30:00,Z007,15.0
2026-01-20 10:00:00,Z007,22.0
2026-01-20 10:30:00,Z007,17.0
2026-01-20 11:00:00,Z007,19.0
2026-01-20 11:30:00,Z007,16.0
2026-01-20 12:00:00,Z007,11.0
2026-01-20 12:30:00,Z007,10.0
2026-01-20 13:00:00,Z007,17.0
2026-01-20 13:30:00,Z007,23.0
2026-01-20 14:00:00,Z007,29.0
2026-01-20 14:30:00,Z007,23.0
2026-01-20 15:00:00,Z007,12.0
2026-01-20 15:30:00,Z007,7.0
2026-01-20 16:00:00,Z007,9.0
2026-01-20 16:30:00,Z007,5.0
2026-01-20 17:00:00,Z007,5.0
2026-01-20 17:30:00,Z007,10.0
2026-01-20 18:00:00,Z007,16.0
2026-01-20 18:30:00,Z007,25.0
2026-01-20 19:00:00,Z007,26.0
2026-01-20 19:30:00,Z007,32.0
2026-01-20 20:00:00,Z007,31.0
2026-01-20 20:30:00,Z007,24.0
2026-01-20 21:00:00,Z007,17.0
2026-01-20 21:30:00,Z007,8.0
2026-01-20 22:00:00,Z007,11.0
2026-01-20 22:30:00,Z007,7.0
2026-01-20 23:00:00,Z007,6.0
2026-01-20 23:30:00,Z007,3.0
2026-01-21 00:00:00,Z007,5.0
2026-01-21 00:30:00,Z007,5.0
2026-01-21 01:00:00,Z007,5.0
2026-01-21 01:30:00,Z007,2.0
2026-01-21 02:00:00,Z007,2.0
2026-01-21 02:30:00,Z007,0.0
2026-01-21 03:00:00,Z007,0.0
2026-01-21 03:30:00,Z007,0.0
2026-01-21 04:00:00,Z007,1.0
2026-01-21 04:30:00,Z007,1.0
2026-01-21 05:00:00,Z007,3.0
2026-01-21 05:30:00,Z007,6.0
2026-01-21 06:00:00,Z007,3.0
2026-01-21 06:30:00,Z007,0.0
2026-01-21 07:00:00,Z007,5.0
2026-01-21 07:30:00,Z007,7.0
2026-01-21 08:00:00,Z007,6.0
2026-01-21 08:30:00,Z007,14.0
2026-01-21 09:00:00,Z007,21.0
2026-01-21 09:30:00,Z007,17.0
2026-01-21 10:00:00,Z007,15.0
2026-01-21 10:30:00,Z007,12.0
2026-01-21 11:00:00,Z007,17.0
2026-01-21 11:30:00,Z007,9.0
2026-01-21 12:00:00,Z007,8.0
2026-01-21 12:30:00,Z007,17.0
2026-01-21 13:00:00,Z007,15.0
2026-01-21 13:30:00,Z007,20.0
2026-01-21 14:00:00,Z007,20.0
2026-01-21 14:30:00,Z007,15.0
2026-01-21 15:00:00,Z007,13.0
2026-01-21 15:30:00,Z007,8.0
2026-01-21 16:00:00,Z007,8.0
2026-01-21 16:30:00,Z007,4.0
2026-01-21 17:00:00,Z007,8.0
2026-01-21 17:30:00,Z007,14.0
2026-01-21 18:00:00,Z007,18.0
2026-01-21 18:30:00,Z007,22.0
2026-01-21 19:00:00,Z007,24.0
2026-01-21 19:30:00,Z007,27.0
2026-01-21 20:00:00,Z007,23.0
2026-01-21 20:30:00,Z007,16.0
2026-01-21 21:00:00,Z007,11.0
2026-01-21 21:30:00,Z007,11.0
2026-01-21 22:00:00,Z007,6.0
2026-01-21 22:30:00,Z007,8.0
2026-01-21 23:00:00,Z007,9.0
2026-01-14 23:00:00,Z008,14.0
2026-01-14 23:30:00,Z008,13.0
2026-01-15 00:00:00,Z008,13.0
2026-01-15 00:30:00,Z008,11.0
2026-01-15 01:00:00,Z008,8.0
2026-01-15 01:30:00,Z008,5.0
2026-01-15 02:00:00,Z008,4.0
2026-01-15 02:30:00,Z008,3.0
2026-01-15 03:00:00,Z008,3.0
2026-01-15 03:30:00,Z008,3.0
2026-01-15 04:00:00,Z008,2.0
2026-01-15 04:30:00,Z008,2.0
2026-01-15 05:00:00,Z008,2.0
2026-01-15 05:30:00,Z008,8.0
2026-01-15 06:00:00,Z008,14.0
2026-01-15 06:30:00,Z008,15.0
2026-01-15 07:00:00,Z008,16.0
2026-01-15 07:30:00,Z008,19.0
2026-01-15 08:00:00,Z008,18.0
2026-01-15 08:30:00,Z008,35.0
2026-01-15 09:00:00,Z008,49.0
2026-01-15 09:30:00,Z008,54.0
2026-01-15 10:00:00,Z008,63.0
2026-01-15 10:30:00,Z008,63.0
2026-01-15 11:00:00,Z008,63.0
2026-01-15 11:30:00,Z008,50.0
2026-01-15 12:00:00,Z008,43.0
2026-01-15 12:30:00,Z008,42.0
2026-01-15 13:00:00,Z008,66.0
2026-01-15 13:30:00,Z008,73.0
2026-01-15 14:00:00,Z008,84.0
2026-01-15 14:30:00,Z008,66.0
2026-01-15 15:00:00,Z008,42.0
2026-01-15 15:30:00,Z008,30.0
2026-01-15 16:00:00,Z008,22.0
2026-01-15 16:30:00,Z008,22.0
2026-01-15 17:00:00,Z008,19.0
2026-01-15 17:30:00,Z008,38.0
2026-01-15 18:00:00,Z008,57.0
2026-01-15 18:30:00,Z008,77.0
2026-01-15 19:00:00,Z008,86.0
2026-01-15 19:30:00,Z008,85.0
2026-01-15 20:00:00,Z008,90.0
2026-01-15 20:30:00,Z008,65.0
2026-01-15 21:00:00,Z008,57.0
2026-01-15 21:30:00,Z008,36.0
2026-01-15 22:00:00,Z008,21.0
2026-01-15 22:30:00,Z008,19.0
2026-01-15 23:00:00,Z008,17.0
2026-01-15 23:30:00,Z008,11.0
2026-01-16 00:00:00,Z008,15.0
2026-01-16 00:30:00,Z008,11.0
2026-01-16 01:00:00,Z008,10.0
2026-01-16 01:30:00,Z008,7.0
2026-01-16 02:00:00,Z008,4.0
2026-01-16 02:30:00,Z008,6.0
2026-01-16 03:00:00,Z008,7.0
2026-01-16 03:30:00,Z008,6.0
2026-01-16 04:00:00,Z008,4.0
2026-01-16 04:30:00,Z008,5.0
2026-01-16 05:00:00,Z008,6.0
2026-01-16 05:30:00,Z008,10.0
2026-01-16 06:00:00,Z008,10.0
2026-01-16 06:30:00,Z008,11.0
2026-01-16 07:00:00,Z008,15.0
2026-01-16 07:30:00,Z008,19.0
2026-01-16 08:00:00,Z008,20.0
2026-01-16 08:30:00,Z008,29.0
2026-01-16 09:00:00,Z008,43.0
2026-01-16 09:30:00,Z008,48.0
2026-01-16 10:00:00,Z008,46.0
2026-01-16 10:30:00,Z008,47.0
2026-01-16 11:00:00,Z008,41.0
2026-01-16 11:30:00,Z008,30.0
2026-01-16 12:00:00,Z008,30.0
2026-01-16 12:30:00,Z008,39.0
2026-01-16 13:00:00,Z008,54.0
2026-01-16 13:30:00,Z008,61.0
2026-01-16 14:00:00,Z008,57.0
2026-01-16 14:30:00,Z008,49.0
2026-01-16 15:00:00,Z008,41.0
2026-01-16 15:30:00,Z008,34.0
2026-01-16 16:00:00,Z008,30.0
2026-01-16 16:30:00,Z008,25.0
2026-01-16 17:00:00,Z008,22.0
2026-01-16 17:30:00,Z008,33.0
2026-01-16 18:00:00,Z008,42.0
2026-01-16 18:30:00,Z008,49.0
2026-01-16 19:00:00,Z008,55.0
2026-01-16 19:30:00,Z008,62.0
2026-01-16 20:00:00,Z008,84.0
2026-01-16 20:30:00,Z008,64.0
2026-01-16 21:00:00,Z008,55.0
2026-01-16 21:30:00,Z008,45.0
2026-01-16 22:00:00,Z008,41.0
2026-01-16 22:30:00,Z008,31.0
2026-01-16 23:00:00,Z008,23.0
2026-01-16 23:30:00,Z008,22.0
2026-01-17 00:00:00,Z008,24.0
2026-01-17 00:30:00,Z008,18.0
2026-01-17 01:00:00,Z008,13.0
2026-01-17 01:30:00,Z008,8.0
2026-01-17 02:00:00,Z008,7.0
2026-01-17 02:30:00,Z008,5.0
2026-01-17 03:00:00,Z008,1.0
2026-01-17 03:30:00,Z008,1.0
2026-01-17 04:00:00,Z008,0.0
2026-01-17 04:30:00,Z008,0.0
2026-01-17 05:00:00,Z008,1.0
2026-01-17 05:30:00,Z008,2.0
2026-01-17 06:00:00,Z008,3.0
2026-01-17 06:30:00,Z008,7.0
2026-01-17 07:00:00,Z008,9.0
2026-01-17 07:30:00,Z008,12.0
2026-01-17 08:00:00,Z008,12.0
2026-01-17 08:30:00,Z008,28.0
2026-01-17 09:00:00,Z008,40.0
2026-01-17 09:30:00,Z008,48.0
2026-01-17 10:00:00,Z008,51.0
2026-01-17 10:30:00,Z008,52.0
2026-01-17 11:00:00,Z008,49.0
2026-01-17 11:30:00,Z008,42.0
2026-01-17 12:00:00,Z008,36.0
2026-01-17 12:30:00,Z008,32.0
2026-01-17 13:00:00,Z008,38.0
2026-01-17 13:30:00,Z008,51.0
2026-01-17 14:00:00,Z008,60.0
2026-01-17 14:30:00,Z008,44.0
2026-01-17 15:00:00,Z008,40.0
2026-01-17 15:30:00,Z008,30.0
2026-01-17 16:00:00,Z008,21.0
2026-01-17 16:30:00,Z008,17.0
2026-01-17 17:00:00,Z008,16.0
2026-01-17 17:30:00,Z008,34.0
2026-01-17 18:00:00,Z008,46.0
2026-01-17 18:30:00,Z008,59.0
2026-01-17 19:00:00,Z008,66.0
2026-01-17 19:30:00,Z008,79.0
2026-01-17 20:00:00,Z008,82.0
2026-01-17 20:30:00,Z008,71.0
2026-01-17 21:00:00,Z008,59.0
2026-01-17 21:30:00,Z008,41.0
2026-01-17 22:00:00,Z008,34.0
2026-01-17 22:30:00,Z008,22.0
2026-01-17 23:00:00,Z008,16.0
2026-01-17 23:30:00,Z008,19.0
2026-01-18 00:00:00,Z008,14.0
2026-01-18 00:30:00,Z008,11.0
2026-01-18 01:00:00,Z008,5.0
2026-01-18 01:30:00,Z008,4.0
2026-01-18 02:00:00,Z008,4.0
2026-01-18 02:30:00,Z008,4.0
2026-01-18 03:00:00,Z008,3.0
2026-01-18 03:30:00,Z008,1.0
2026-01-18 04:00:00,Z008,1.0
2026-01-18 04:30:00,Z008,1.0
2026-01-18 05:00:00,Z008,1.0
2026-01-18 05:30:00,Z008,8.0
2026-01-18 06:00:00,Z008,12.0
2026-01-18 06:30:00,Z008,14.0
2026-01-18 07:00:00,Z008,22.0
2026-01-18 07:30:00,Z008,22.0
2026-01-18 08:00:00,Z008,25.0
2026-01-18 08:30:00,Z008,32.0
2026-01-18 09:00:00,Z008,39.0
2026-01-18 09:30:00,Z008,48.0
2026-01-18 10:00:00,Z008,51.0
2026-01-18 10:30:00,Z008,53.0
2026-01-18 11:00:00,Z008,57.0
2026-01-18 11:30:00,Z008,50.0
2026-01-18 12:00:00,Z008,36.0
2026-01-18 12:30:00,Z008,36.0
2026-01-18 13:00:00,Z008,40.0
2026-01-18 13:30:00,Z008,40.0
2026-01-18 14:00:00,Z008,45.0
2026-01-18 14:30:00,Z008,38.0
2026-01-18 15:00:00,Z008,33.0
2026-01-18 15:30:00,Z008,22.0
2026-01-18 16:00:00,Z008,20.0
2026-01-18 16:30:00,Z008,19.0
2026-01-18 17:00:00,Z008,24.0
2026-01-18 17:30:00,Z008,42.0
2026-01-18 18:00:00,Z008,56.0
2026-01-18 18:30:00,Z008,62.0
2026-01-18 19:00:00,Z008,66.0
2026-01-18 19:30:00,Z008,67.0
2026-01-18 20:00:00,Z008,65.0
2026-01-18 20:30:00,Z008,52.0
2026-01-18 21:00:00,Z008,38.0
2026-01-18 21:30:00,Z008,35.0
2026-01-18 22:00:00,Z008,26.0
2026-01-18 22:30:00,Z008,22.0
2026-01-18 23:00:00,Z008,20.0
2026-01-18 23:30:00,Z008,16.0
2026-01-19 00:00:00,Z008,14.0
2026-01-19 00:30:00,Z008,10.0
2026-01-19 01:00:00,Z008,6.0
2026-01-19 01:30:00,Z008,4.0
2026-01-19 02:00:00,Z008,1.0
2026-01-19 02:30:00,Z008,1.0
2026-01-19 03:00:00,Z008,1.0
2026-01-19 03:30:00,Z008,1.0
2026-01-19 04:00:00,Z008,3.0
2026-01-19 04:30:00,Z008,4.0
2026-01-19 05:00:00,Z008,4.0
2026-01-19 05:30:00,Z008,9.0
2026-01-19 06:00:00,Z008,13.0
2026-01-19 06:30:00,Z008,13.0
2026-01-19 07:00:00,Z008,16.0
2026-01-19 07:30:00,Z008,18.0
2026-01-19 08:00:00,Z008,20.0
2026-01-19 08:30:00,Z008,33.0
2026-01-19 09:00:00,Z008,45.0
2026-01-19 09:30:00,Z008,59.0
2026-01-19 10:00:00,Z008,59.0
2026-01-19 10:30:00,Z008,64.0
2026-01-19 11:00:00,Z008,75.0
2026-01-19 11:30:00,Z008,65.0
2026-01-19 12:00:00,Z008,54.0
2026-01-19 12:30:00,Z008,61.0
2026-01-19 13:00:00,Z008,56.0
2026-01-19 13:30:00,Z008,56.0
2026-01-19 14:00:00,Z008,55.0
2026-01-19 14:30:00,Z008,45.0
2026-01-19 15:00:00,Z008,35.0
2026-01-19 15:30:00,Z008,28.0
2026-01-19 16:00:00,Z008,28.0
2026-01-19 16:30:00,Z008,24.0
2026-01-19 17:00:00,Z008,21.0
2026-01-19 17:30:00,Z008,33.0
2026-01-19 18:00:00,Z008,45.0
2026-01-19 18:30:00,Z008,50.0
2026-01-19 19:00:00,Z008,65.0
2026-01-19 19:30:00,Z008,73.0
2026-01-19 20:00:00,Z008,68.0
2026-01-19 20:30:00,Z008,56.0
2026-01-19 21:00:00,Z008,48.0
2026-01-19 21:30:00,Z008,35.0
2026-01-19 22:00:00,Z008,34.0
2026-01-19 22:30:00,Z008,26.0
2026-01-19 23:00:00,Z008,20.0
2026-01-19 23:30:00,Z008,17.0
2026-01-20 00:00:00,Z008,21.0
2026-01-20 00:30:00,Z008,19.0
2026-01-20 01:00:00,Z008,13.0
2026-01-20 01:30:00,Z008,10.0
2026-01-20 02:00:00,Z008,7.0
2026-01-20 02:30:00,Z008,6.0
2026-01-20 03:00:00,Z008,2.0
2026-01-20 03:30:00,Z008,2.0
2026-01-20 04:00:00,Z008,1.0
2026-01-20 04:30:00,Z008,2.0
2026-01-20 05:00:00,Z008,2.0
2026-01-20 05:30:00,Z008,5.0
2026-01-20 06:00:00,Z008,10.0
2026-01-20 06:30:00,Z008,13.0
2026-01-20 07:00:00,Z008,18.0
2026-01-20 07:30:00,Z008,19.0
2026-01-20 08:00:00,Z008,16.0
2026-01-20 08:30:00,Z008,30.0
2026-01-20 09:00:00,Z008,41.0
2026-01-20 09:30:00,Z008,52.0
2026-01-20 10:00:00,Z008,57.0
2026-01-20 10:30:00,Z008,58.0
2026-01-20 11:00:00,Z008,56.0
2026-01-20 11:30:00,Z008,53.0
2026-01-20 12:00:00,Z008,40.0
2026-01-20 12:30:00,Z008,43.0
2026-01-20 13:00:00,Z008,46.0
2026-01-20 13:30:00,Z008,51.0
2026-01-20 14:00:00,Z008,62.0
2026-01-20 14:30:00,Z008,54.0
2026-01-20 15:00:00,Z008,48.0
2026-01-20 15:30:00,Z008,35.0
2026-01-20 16:00:00,Z008,24.0
2026-01-20 16:30:00,Z008,27.0
2026-01-20 17:00:00,Z008,29.0
2026-01-20 17:30:00,Z008,44.0
2026-01-20 18:00:00,Z008,58.0
2026-01-20 18:30:00,Z008,56.0
2026-01-20 19:00:00,Z008,56.0
2026-01-20 19:30:00,Z008,65.0
2026-01-20 20:00:00,Z008,60.0
2026-01-20 20:30:00,Z008,48.0
2026-01-20 21:00:00,Z008,33.0
2026-01-20 21:30:00,Z008,23.0
2026-01-20 22:00:00,Z008,20.0
2026-01-20 22:30:00,Z008,16.0
2026-01-20 23:00:00,Z008,17.0
2026-01-20 23:30:00,Z008,12.0
2026-01-21 00:00:00,Z008,13.0
2026-01-21 00:30:00,Z008,11.0
2026-01-21 01:00:00,Z008,9.0
2026-01-21 01:30:00,Z008,5.0
2026-01-21 02:00:00,Z008,0.0
2026-01-21 02:30:00,Z008,3.0
2026-01-21 03:00:00,Z008,3.0
2026-01-21 03:30:00,Z008,4.0
2026-01-21 04:00:00,Z008,3.0
2026-01-21 04:30:00,Z008,1.0
2026-01-21 05:00:00,Z008,2.0
2026-01-21 05:30:00,Z008,12.0
2026-01-21 06:00:00,Z008,18.0
2026-01-21 06:30:00,Z008,18.0
2026-01-21 07:00:00,Z008,20.0
2026-01-21 07:30:00,Z008,24.0
2026-01-21 08:00:00,Z008,25.0
2026-01-21 08:30:00,Z008,39.0
2026-01-21 09:00:00,Z008,47.0
2026-01-21 09:30:00,Z008,58.0
2026-01-21 10:00:00,Z008,60.0
2026-01-21 10:30:00,Z008,63.0
2026-01-21 11:00:00,Z008,60.0
2026-01-21 11:30:00,Z008,49.0
2026-01-21 12:00:00,Z008,43.0
2026-01-21 12:30:00,Z008,55.0
2026-01-21 13:00:00,Z008,61.0
2026-01-21 13:30:00,Z008,49.0
2026-01-21 14:00:00,Z008,61.0
2026-01-21 14:30:00,Z008,47.0
2026-01-21 15:00:00,Z008,41.0
2026-01-21 15:30:00,Z008,31.0
2026-01-21 16:00:00,Z008,28.0
2026-01-21 16:30:00,Z008,23.0
2026-01-21 17:00:00,Z008,18.0
2026-01-21 17:30:00,Z008,25.0
2026-01-21 18:00:00,Z008,34.0
2026-01-21 18:30:00,Z008,44.0
2026-01-21 19:00:00,Z008,50.0
2026-01-21 19:30:00,Z008,56.0
2026-01-21 20:00:00,Z008,59.0
2026-01-21 20:30:00,Z008,48.0
2026-01-21 21:00:00,Z008,41.0
2026-01-21 21:30:00,Z008,35.0
2026-01-21 22:00:00,Z008,28.0
2026-01-21 22:30:00,Z008,24.0
2026-01-21 23:00:00,Z008,18.0
2026-01-14 23:00:00,Z009,13.0
2026-01-14 23:30:00,Z009,9.0
2026-01-15 00:00:00,Z009,8.0
2026-01-15 00:30:00,Z009,7.0
2026-01-15 01:00:00,Z009,6.0
2026-01-15 01:30:00,Z009,4.0
2026-01-15 02:00:00,Z009,2.0
2026-01-15 02:30:00,Z009,0.0
2026-01-15 03:00:00,Z009,0.0
2026-01-15 03:30:00,Z009,0.0
2026-01-15 04:00:00,Z009,0.0
2026-01-15 04:30:00,Z009,0.0
2026-01-15 05:00:00,Z009,0.0
2026-01-15 05:30:00,Z009,2.0
2026-01-15 06:00:00,Z009,4.0
2026-01-15 06:30:00,Z009,6.0
2026-01-15 07:00:00,Z009,8.0
2026-01-15 07:30:00,Z009,11.0
2026-01-15 08:00:00,Z009,12.0
2026-01-15 08:30:00,Z009,12.0
2026-01-15 09:00:00,Z009,18.0
2026-01-15 09:30:00,Z009,24.0
2026-01-15 10:00:00,Z009,22.0
2026-01-15 10:30:00,Z009,22.0
2026-01-15 11:00:00,Z009,25.0
2026-01-15 11:30:00,Z009,14.0
2026-01-15 12:00:00,Z009,9.0
2026-01-15 12:30:00,Z009,17.0
2026-01-15 13:00:00,Z009,20.0
2026-01-15 13:30:00,Z009,18.0
2026-01-15 14:00:00,Z009,17.0
2026-01-15 14:30:00,Z009,12.0
2026-01-15 15:00:00,Z009,14.0
2026-01-15 15:30:00,Z009,13.0
2026-01-15 16:00:00,Z009,13.0
2026-01-15 16:30:00,Z009,9.0
2026-01-15 17:00:00,Z009,9.0
2026-01-15 17:30:00,Z009,17.0
2026-01-15 18:00:00,Z009,27.0
2026-01-15 18:30:00,Z009,29.0
2026-01-15 19:00:00,Z009,31.0
2026-01-15 19:30:00,Z009,30.0
2026-01-15 20:00:00,Z009,31.0
2026-01-15 20:30:00,Z009,24.0
2026-01-15 21:00:00,Z009,13.0
2026-01-15 21:30:00,Z009,10.0
2026-01-15 22:00:00,Z009,9.0
2026-01-15 22:30:00,Z009,12.0
2026-01-15 23:00:00,Z009,11.0
2026-01-15 23:30:00,Z009,10.0
2026-01-16 00:00:00,Z009,7.0
2026-01-16 00:30:00,Z009,7.0
2026-01-16 01:00:00,Z009,6.0
2026-01-16 01:30:00,Z009,4.0
2026-01-16 02:00:00,Z009,4.0
2026-01-16 02:30:00,Z009,4.0
2026-01-16 03:00:00,Z009,3.0
2026-01-16 03:30:00,Z009,1.0
2026-01-16 04:00:00,Z009,1.0
2026-01-16 04:30:00,Z009,1.0
2026-01-16 05:00:00,Z009,0.0
2026-01-16 05:30:00,Z009,1.0
2026-01-16 06:00:00,Z009,2.0
2026-01-16 06:30:00,Z009,4.0
2026-01-16 07:00:00,Z009,4.0
2026-01-16 07:30:00,Z009,7.0
2026-01-16 08:00:00,Z009,11.0
2026-01-16 08:30:00,Z009,19.0
2026-01-16 09:00:00,Z009,20.0
2026-01-16 09:30:00,Z009,18.0
2026-01-16 10:00:00,Z009,16.0
2026-01-16 10:30:00,Z009,23.0
2026-01-16 11:00:00,Z009,24.0
2026-01-16 11:30:00,Z009,18.0
2026-01-16 12:00:00,Z009,12.0
2026-01-16 12:30:00,Z009,14.0
2026-01-16 13:00:00,Z009,19.0
2026-01-16 13:30:00,Z009,27.0
2026-01-16 14:00:00,Z009,29.0
2026-01-16 14:30:00,Z009,27.0
2026-01-16 15:00:00,Z009,23.0
2026-01-16 15:30:00,Z009,17.0
2026-01-16 16:00:00,Z009,17.0
2026-01-16 16:30:00,Z009,7.0
2026-01-16 17:00:00,Z009,6.0
2026-01-16 17:30:00,Z009,10.0
2026-01-16 18:00:00,Z009,18.0
2026-01-16 18:30:00,Z009,23.0
2026-01-16 19:00:00,Z009,20.0
2026-01-16 19:30:00,Z009,25.0
2026-01-16 20:00:00,Z009,31.0
2026-01-16 20:30:00,Z009,22.0
2026-01-16 21:00:00,Z009,19.0
2026-01-16 21:30:00,Z009,17.0
2026-01-16 22:00:00,Z009,11.0
2026-01-16 22:30:00,Z009,8.0
2026-01-16 23:00:00,Z009,6.0
2026-01-16 23:30:00,Z009,5.0
2026-01-17 00:00:00,Z009,4.0
2026-01-17 00:30:00,Z009,2.0
2026-01-17 01:00:00,Z009,1.0
2026-01-17 01:30:00,Z009,3.0
2026-01-17 02:00:00,Z009,2.0
2026-01-17 02:30:00,Z009,0.0
2026-01-17 03:00:00,Z009,0.0
2026-01-17 03:30:00,Z009,1.0
2026-01-17 04:00:00,Z009,3.0
2026-01-17 04:30:00,Z009,2.0
2026-01-17 05:00:00,Z009,2.0
2026-01-17 05:30:00,Z009,2.0
2026-01-17 06:00:00,Z009,4.0
2026-01-17 06:30:00,Z009,2.0
2026-01-17 07:00:00,Z009,6.0
2026-01-17 07:30:00,Z009,5.0
2026-01-17 08:00:00,Z009,9.0
2026-01-17 08:30:00,Z009,13.0
2026-01-17 09:00:00,Z009,20.0
2026-01-17 09:30:00,Z009,28.0
2026-01-17 10:00:00,Z009,26.0
2026-01-17 10:30:00,Z009,25.0
2026-01-17 11:00:00,Z009,23.0
2026-01-17 11:30:00,Z009,16.0
2026-01-17 12:00:00,Z009,14.0
2026-01-17 12:30:00,Z009,13.0
2026-01-17 13:00:00,Z009,21.0
2026-01-17 13:30:00,Z009,25.0
2026-01-17 14:00:00,Z009,29.0
2026-01-17 14:30:00,Z009,23.0
2026-01-17 15:00:00,Z009,15.0
2026-01-17 15:30:00,Z009,13.0
2026-01-17 16:00:00,Z009,9.0
2026-01-17 16:30:00,Z009,8.0
2026-01-17 17:00:00,Z009,5.0
2026-01-17 17:30:00,Z009,11.0
2026-01-17 18:00:00,Z009,17.0
2026-01-17 18:30:00,Z009,15.0
2026-01-17 19:00:00,Z009,29.0
2026-01-17 19:30:00,Z009,32.0
2026-01-17 20:00:00,Z009,34.0
2026-01-17 20:30:00,Z009,26.0
2026-01-17 21:00:00,Z009,14.0
2026-01-17 21:30:00,Z009,7.0
2026-01-17 22:00:00,Z009,6.0
2026-01-17 22:30:00,Z009,5.0
2026-01-17 23:00:00,Z009,6.0
2026-01-17 23:30:00,Z009,7.0
2026-01-18 00:00:00,Z009,10.0
2026-01-18 00:30:00,Z009,9.0
2026-01-18 01:00:00,Z009,9.0
2026-01-18 01:30:00,Z009,6.0
2026-01-18 02:00:00,Z009,4.0
2026-01-18 02:30:00,Z009,2.0
2026-01-18 03:00:00,Z009,1.0
2026-01-18 03:30:00,Z009,2.0
2026-01-18 04:00:00,Z009,1.0
2026-01-18 04:30:00,Z009,1.0
2026-01-18 05:00:00,Z009,1.0
2026-01-18 05:30:00,Z009,2.0
2026-01-18 06:00:00,Z009,2.0
2026-01-18 06:30:00,Z009,3.0
2026-01-18 07:00:00,Z009,5.0
2026-01-18 07:30:00,Z009,6.0
2026-01-18 08:00:00,Z009,8.0
2026-01-18 08:30:00,Z009,8.0
2026-01-18 09:00:00,Z009,10.0
2026-01-18 09:30:00,Z009,9.0
2026-01-18 10:00:00,Z009,12.0
2026-01-18 10:30:00,Z009,17.0
2026-01-18 11:00:00,Z009,24.0
2026-01-18 11:30:00,Z009,19.0
2026-01-18 12:00:00,Z009,10.0
2026-01-18 12:30:00,Z009,15.0
2026-01-18 13:00:00,Z009,18.0
2026-01-18 13:30:00,Z009,21.0
2026-01-18 14:00:00,Z009,22.0
2026-01-18 14:30:00,Z009,17.0
2026-01-18 15:00:00,Z009,15.0
2026-01-18 15:30:00,Z009,15.0
2026-01-18 16:00:00,Z009,10.0
2026-01-18 16:30:00,Z009,5.0
2026-01-18 17:00:00,Z009,4.0
2026-01-18 17:30:00,Z009,10.0
2026-01-18 18:00:00,Z009,13.0
2026-01-18 18:30:00,Z009,18.0
2026-01-18 19:00:00,Z009,24.0
2026-01-18 19:30:00,Z009,26.0
2026-01-18 20:00:00,Z009,29.0
2026-01-18 20:30:00,Z009,24.0
2026-01-18 21:00:00,Z009,18.0
2026-01-18 21:30:00,Z009,16.0
2026-01-18 22:00:00,Z009,12.0
2026-01-18 22:30:00,Z009,6.0
2026-01-18 23:00:00,Z009,7.0
2026-01-18 23:30:00,Z009,8.0
2026-01-19 00:00:00,Z009,7.0
2026-01-19 00:30:00,Z009,4.0
2026-01-19 01:00:00,Z009,3.0
2026-01-19 01:30:00,Z009,3.0
2026-01-19 02:00:00,Z009,2.0
2026-01-19 02:30:00,Z009,2.0
2026-01-19 03:00:00,Z009,1.0
2026-01-19 03:30:00,Z009,1.0
2026-01-19 04:00:00,Z009,0.0
2026-01-19 04:30:00,Z009,0.0
2026-01-19 05:00:00,Z009,0.0
2026-01-19 05:30:00,Z009,1.0
2026-01-19 06:00:00,Z009,2.0
2026-01-19 06:30:00,Z009,3.0
2026-01-19 07:00:00,Z009,6.0
2026-01-19 07:30:00,Z009,6.0
2026-01-19 08:00:00,Z009,7.0
2026-01-19 08:30:00,Z009,10.0
2026-01-19 09:00:00,Z009,21.0
2026-01-19 09:30:00,Z009,20.0
2026-01-19 10:00:00,Z009,20.0
2026-01-19 10:30:00,Z009,18.0
2026-01-19 11:00:00,Z009,16.0
2026-01-19 11:30:00,Z009,14.0
2026-01-19 12:00:00,Z009,11.0
2026-01-19 12:30:00,Z009,10.0
2026-01-19 13:00:00,Z009,15.0
2026-01-19 13:30:00,Z009,20.0
2026-01-19 14:00:00,Z009,21.0
2026-01-19 14:30:00,Z009,20.0
2026-01-19 15:00:00,Z009,18.0
2026-01-19 15:30:00,Z009,11.0
2026-01-19 16:00:00,Z009,12.0
2026-01-19 16:30:00,Z009,8.0
2026-01-19 17:00:00,Z009,6.0
2026-01-19 17:30:00,Z009,11.0
2026-01-19 18:00:00,Z009,16.0
2026-01-19 18:30:00,Z009,27.0
2026-01-19 19:00:00,Z009,27.0
2026-01-19 19:30:00,Z009,33.0
2026-01-19 20:00:00,Z009,32.0
2026-01-19 20:30:00,Z009,22.0
2026-01-19 21:00:00,Z009,17.0
2026-01-19 21:30:00,Z009,12.0
2026-01-19 22:00:00,Z009,11.0
2026-01-19 22:30:00,Z009,11.0
2026-01-19 23:00:00,Z009,10.0
2026-01-19 23:30:00,Z009,8.0
2026-01-20 00:00:00,Z009,10.0
2026-01-20 00:30:00,Z009,10.0
2026-01-20 01:00:00,Z009,7.0
2026-01-20 01:30:00,Z009,6.0
2026-01-20 02:00:00,Z009,5.0
2026-01-20 02:30:00,Z009,1.0
2026-01-20 03:00:00,Z009,1.0
2026-01-20 03:30:00,Z009,2.0
2026-01-20 04:00:00,Z009,1.0
2026-01-20 04:30:00,Z009,1.0
2026-01-20 05:00:00,Z009,2.0
2026-01-20 05:30:00,Z009,3.0
2026-01-20 06:00:00,Z009,4.0
2026-01-20 06:30:00,Z009,7.0
2026-01-20 07:00:00,Z009,5.0
2026-01-20 07:30:00,Z009,6.0
2026-01-20 08:00:00,Z009,7.0
2026-01-20 08:30:00,Z009,8.0
2026-01-20 09:00:00,Z009,13.0
2026-01-20 09:30:00,Z009,15.0
2026-01-20 10:00:00,Z009,13.0
2026-01-20 10:30:00,Z009,13.0
2026-01-20 11:00:00,Z009,22.0
2026-01-20 11:30:00,Z009,22.0
2026-01-20 12:00:00,Z009,14.0
2026-01-20 12:30:00,Z009,10.0
2026-01-20 13:00:00,Z009,16.0
2026-01-20 13:30:00,Z009,21.0
2026-01-20 14:00:00,Z009,31.0
2026-01-20 14:30:00,Z009,28.0
2026-01-20 15:00:00,Z009,26.0
2026-01-20 15:30:00,Z009,12.0
2026-01-20 16:00:00,Z009,8.0
2026-01-20 16:30:00,Z009,8.0
2026-01-20 17:00:00,Z009,7.0
2026-01-20 17:30:00,Z009,18.0
2026-01-20 18:00:00,Z009,31.0
2026-01-20 18:30:00,Z009,37.0
2026-01-20 19:00:00,Z009,37.0
2026-01-20 19:30:00,Z009,34.0
2026-01-20 20:00:00,Z009,39.0
2026-01-20 20:30:00,Z009,29.0
2026-01-20 21:00:00,Z009,21.0
2026-01-20 21:30:00,Z009,16.0
2026-01-20 22:00:00,Z009,13.0
2026-01-20 22:30:00,Z009,10.0
2026-01-20 23:00:00,Z009,10.0
2026-01-20 23:30:00,Z009,6.0
2026-01-21 00:00:00,Z009,7.0
2026-01-21 00:30:00,Z009,4.0
2026-01-21 01:00:00,Z009,4.0
2026-01-21 01:30:00,Z009,2.0
2026-01-21 02:00:00,Z009,2.0
2026-01-21 02:30:00,Z009,1.0
2026-01-21 03:00:00,Z009,1.0
2026-01-21 03:30:00,Z009,0.0
2026-01-21 04:00:00,Z009,0.0
2026-01-21 04:30:00,Z009,1.0
2026-01-21 05:00:00,Z009,1.0
2026-01-21 05:30:00,Z009,1.0
2026-01-21 06:00:00,Z009,3.0
2026-01-21 06:30:00,Z009,7.0
2026-01-21 07:00:00,Z009,7.0
2026-01-21 07:30:00,Z009,8.0
2026-01-21 08:00:00,Z009,3.0
2026-01-21 08:30:00,Z009,10.0
2026-01-21 09:00:00,Z009,21.0
2026-01-21 09:30:00,Z009,31.0
2026-01-21 10:00:00,Z009,27.0
2026-01-21 10:30:00,Z009,25.0
2026-01-21 11:00:00,Z009,19.0
2026-01-21 11:30:00,Z009,15.0
2026-01-21 12:00:00,Z009,9.0
2026-01-21 12:30:00,Z009,10.0
2026-01-21 13:00:00,Z009,14.0
2026-01-21 13:30:00,Z009,18.0
2026-01-21 14:00:00,Z009,25.0
2026-01-21 14:30:00,Z009,18.0
2026-01-21 15:00:00,Z009,16.0
2026-01-21 15:30:00,Z009,14.0
2026-01-21 16:00:00,Z009,15.0
2026-01-21 16:30:00,Z009,15.0
2026-01-21 17:00:00,Z009,10.0
2026-01-21 17:30:00,Z009,19.0
2026-01-21 18:00:00,Z009,25.0
2026-01-21 18:30:00,Z009,28.0
2026-01-21 19:00:00,Z009,32.0
2026-01-21 19:30:00,Z009,30.0
2026-01-21 20:00:00,Z009,30.0
2026-01-21 20:30:00,Z009,21.0
2026-01-21 21:00:00,Z009,16.0
2026-01-21 21:30:00,Z009,10.0
2026-01-21 22:00:00,Z009,8.0
2026-01-21 22:30:00,Z009,6.0
2026-01-21 23:00:00,Z009,7.0
2026-01-14 23:00:00,Z010,5.0
2026-01-14 23:30:00,Z010,3.0
2026-01-15 00:00:00,Z010,7.0
2026-01-15 00:30:00,Z010,6.0
2026-01-15 01:00:00,Z010,5.0
2026-01-15 01:30:00,Z010,3.0
2026-01-15 02:00:00,Z010,2.0
2026-01-15 02:30:00,Z010,2.0
2026-01-15 03:00:00,Z010,1.0
2026-01-15 03:30:00,Z010,2.0
2026-01-15 04:00:00,Z010,3.0
2026-01-15 04:30:00,Z010,1.0
2026-01-15 05:00:00,Z010,1.0
2026-01-15 05:30:00,Z010,1.0
2026-01-15 06:00:00,Z010,1.0
2026-01-15 06:30:00,Z010,4.0
2026-01-15 07:00:00,Z010,6.0
2026-01-15 07:30:00,Z010,6.0
2026-01-15 08:00:00,Z010,6.0
2026-01-15 08:30:00,Z010,8.0
2026-01-15 09:00:00,Z010,8.0
2026-01-15 09:30:00,Z010,12.0
2026-01-15 10:00:00,Z010,17.0
2026-01-15 10:30:00,Z010,16.0
2026-01-15 11:00:00,Z010,18.0
2026-01-15 11:30:00,Z010,17.0
2026-01-15 12:00:00,Z010,12.0
2026-01-15 12:30:00,Z010,15.0
2026-01-15 13:00:00,Z010,17.0
2026-01-15 13:30:00,Z010,15.0
2026-01-15 14:00:00,Z010,17.0
2026-01-15 14:30:00,Z010,14.0
2026-01-15 15:00:00,Z010,11.0
2026-01-15 15:30:00,Z010,11.0
2026-01-15 16:00:00,Z010,9.0
2026-01-15 16:30:00,Z010,8.0
2026-01-15 17:00:00,Z010,9.0
2026-01-15 17:30:00,Z010,12.0
2026-01-15 18:00:00,Z010,13.0
2026-01-15 18:30:00,Z010,16.0
2026-01-15 19:00:00,Z010,18.0
2026-01-15 19:30:00,Z010,22.0
2026-01-15 20:00:00,Z010,24.0
2026-01-15 20:30:00,Z010,21.0
2026-01-15 21:00:00,Z010,15.0
2026-01-15 21:30:00,Z010,11.0
2026-01-15 22:00:00,Z010,7.0
2026-01-15 22:30:00,Z010,3.0
2026-01-15 23:00:00,Z010,5.0
2026-01-15 23:30:00,Z010,5.0
2026-01-16 00:00:00,Z010,5.0
2026-01-16 00:30:00,Z010,3.0
2026-01-16 01:00:00,Z010,2.0
2026-01-16 01:30:00,Z010,2.0
2026-01-16 02:00:00,Z010,1.0
2026-01-16 02:30:00,Z010,2.0
2026-01-16 03:00:00,Z010,1.0
2026-01-16 03:30:00,Z010,1.0
2026-01-16 04:00:00,Z010,1.0
2026-01-16 04:30:00,Z010,1.0
2026-01-16 05:00:00,Z010,0.0
2026-01-16 05:30:00,Z010,0.0
2026-01-16 06:00:00,Z010,1.0
2026-01-16 06:30:00,Z010,3.0
2026-01-16 07:00:00,Z010,1.0
2026-01-16 07:30:00,Z010,3.0
2026-01-16 08:00:00,Z010,6.0
2026-01-16 08:30:00,Z010,12.0
2026-01-16 09:00:00,Z010,12.0
2026-01-16 09:30:00,Z010,12.0
2026-01-16 10:00:00,Z010,14.0
2026-01-16 10:30:00,Z010,13.0
2026-01-16 11:00:00,Z010,18.0
2026-01-16 11:30:00,Z010,18.0
2026-01-16 12:00:00,Z010,14.0
2026-01-16 12:30:00,Z010,17.0
2026-01-16 13:00:00,Z010,22.0
2026-01-16 13:30:00,Z010,21.0
2026-01-16 14:00:00,Z010,19.0
2026-01-16 14:30:00,Z010,16.0
2026-01-16 15:00:00,Z010,12.0
2026-01-16 15:30:00,Z010,9.0
2026-01-16 16:00:00,Z010,5.0
2026-01-16 16:30:00,Z010,10.0
2026-01-16 17:00:00,Z010,6.0
2026-01-16 17:30:00,Z010,7.0
2026-01-16 18:00:00,Z010,14.0
2026-01-16 18:30:00,Z010,17.0
2026-01-16 19:00:00,Z010,16.0
2026-01-16 19:30:00,Z010,11.0
2026-01-16 20:00:00,Z010,12.0
2026-01-16 20:30:00,Z010,10.0
2026-01-16 21:00:00,Z010,9.0
2026-01-16 21:30:00,Z010,8.0
2026-01-16 22:00:00,Z010,7.0
2026-01-16 22:30:00,Z010,8.0
2026-01-16 23:00:00,Z010,5.0
2026-01-16 23:30:00,Z010,5.0
2026-01-17 00:00:00,Z010,4.0
2026-01-17 00:30:00,Z010,2.0
2026-01-17 01:00:00,Z010,2.0
2026-01-17 01:30:00,Z010,2.0
2026-01-17 02:00:00,Z010,2.0
2026-01-17 02:30:00,Z010,3.0
2026-01-17 03:00:00,Z010,2.0
2026-01-17 03:30:00,Z010,1.0
2026-01-17 04:00:00,Z010,1.0
2026-01-17 04:30:00,Z010,0.0
2026-01-17 05:00:00,Z010,0.0
2026-01-17 05:30:00,Z010,0.0
2026-01-17 06:00:00,Z010,2.0
2026-01-17 06:30:00,Z010,2.0
2026-01-17 07:00:00,Z010,2.0
2026-01-17 07:30:00,Z010,7.0
2026-01-17 08:00:00,Z010,6.0
2026-01-17 08:30:00,Z010,9.0
2026-01-17 09:00:00,Z010,12.0
2026-01-17 09:30:00,Z010,16.0
2026-01-17 10:00:00,Z010,19.0
2026-01-17 10:30:00,Z010,13.0
2026-01-17 11:00:00,Z010,12.0
2026-01-17 11:30:00,Z010,10.0
2026-01-17 12:00:00,Z010,4.0
2026-01-17 12:30:00,Z010,10.0
2026-01-17 13:00:00,Z010,14.0
2026-01-17 13:30:00,Z010,17.0
2026-01-17 14:00:00,Z010,20.0
2026-01-17 14:30:00,Z010,18.0
2026-01-17 15:00:00,Z010,17.0
2026-01-17 15:30:00,Z010,13.0
2026-01-17 16:00:00,Z010,12.0
2026-01-17 16:30:00,Z010,12.0
2026-01-17 17:00:00,Z010,9.0
2026-01-17 17:30:00,Z010,13.0
2026-01-17 18:00:00,Z010,16.0
2026-01-17 18:30:00,Z010,21.0
2026-01-17 19:00:00,Z010,18.0
2026-01-17 19:30:00,Z010,22.0
2026-01-17 20:00:00,Z010,21.0
2026-01-17 20:30:00,Z010,15.0
2026-01-17 21:00:00,Z010,14.0
2026-01-17 21:30:00,Z010,10.0
2026-01-17 22:00:00,Z010,8.0
2026-01-17 22:30:00,Z010,6.0
2026-01-17 23:00:00,Z010,5.0
2026-01-17 23:30:00,Z010,4.0
2026-01-18 00:00:00,Z010,4.0
2026-01-18 00:30:00,Z010,3.0
2026-01-18 01:00:00,Z010,1.0
2026-01-18 01:30:00,Z010,1.0
2026-01-18 02:00:00,Z010,0.0
2026-01-18 02:30:00,Z010,0.0
2026-01-18 03:00:00,Z010,1.0
2026-01-18 03:30:00,Z010,1.0
2026-01-18 04:00:00,Z010,0.0
2026-01-18 04:30:00,Z010,0.0
2026-01-18 05:00:00,Z010,0.0
2026-01-18 05:30:00,Z010,0.0
2026-01-18 06:00:00,Z010,3.0
2026-01-18 06:30:00,Z010,5.0
2026-01-18 07:00:00,Z010,5.0
2026-01-18 07:30:00,Z010,5.0
2026-01-18 08:00:00,Z010,7.0
2026-01-18 08:30:00,Z010,12.0
2026-01-18 09:00:00,Z010,6.0
2026-01-18 09:30:00,Z010,10.0
2026-01-18 10:00:00,Z010,11.0
2026-01-18 10:30:00,Z010,15.0
2026-01-18 11:00:00,Z010,15.0
2026-01-18 11:30:00,Z010,10.0
2026-01-18 12:00:00,Z010,9.0
2026-01-18 12:30:00,Z010,10.0
2026-01-18 13:00:00,Z010,13.0
2026-01-18 13:30:00,Z010,11.0
2026-01-18 14:00:00,Z010,10.0
2026-01-18 14:30:00,Z010,7.0
2026-01-18 15:00:00,Z010,6.0
2026-01-18 15:30:00,Z010,4.0
2026-01-18 16:00:00,Z010,3.0
2026-01-18 16:30:00,Z010,2.0
2026-01-18 17:00:00,Z010,4.0
2026-01-18 17:30:00,Z010,8.0
2026-01-18 18:00:00,Z010,8.0
2026-01-18 18:30:00,Z010,12.0
2026-01-18 19:00:00,Z010,20.0
2026-01-18 19:30:00,Z010,25.0
2026-01-18 20:00:00,Z010,25.0
2026-01-18 20:30:00,Z010,22.0
2026-01-18 21:00:00,Z010,19.0
2026-01-18 21:30:00,Z010,16.0
2026-01-18 22:00:00,Z010,11.0
2026-01-18 22:30:00,Z010,8.0
2026-01-18 23:00:00,Z010,5.0
2026-01-18 23:30:00,Z010,3.0
2026-01-19 00:00:00,Z010,3.0
2026-01-19 00:30:00,Z010,3.0
2026-01-19 01:00:00,Z010,3.0
2026-01-19 01:30:00,Z010,2.0
2026-01-19 02:00:00,Z010,2.0
2026-01-19 02:30:00,Z010,2.0
2026-01-19 03:00:00,Z010,0.0
2026-01-19 03:30:00,Z010,0.0
2026-01-19 04:00:00,Z010,0.0
2026-01-19 04:30:00,Z010,0.0
2026-01-19 05:00:00,Z010,0.0
2026-01-19 05:30:00,Z010,1.0
2026-01-19 06:00:00,Z010,4.0
2026-01-19 06:30:00,Z010,5.0
2026-01-19 07:00:00,Z010,4.0
2026-01-19 07:30:00,Z010,4.0
2026-01-19 08:00:00,Z010,5.0
2026-01-19 08:30:00,Z010,7.0
2026-01-19 09:00:00,Z010,10.0
2026-01-19 09:30:00,Z010,16.0
2026-01-19 10:00:00,Z010,15.0
2026-01-19 10:30:00,Z010,14.0
2026-01-19 11:00:00,Z010,15.0
2026-01-19 11:30:00,Z010,11.0
2026-01-19 12:00:00,Z010,7.0
2026-01-19 12:30:00,Z010,8.0
2026-01-19 13:00:00,Z010,13.0
2026-01-19 13:30:00,Z010,20.0
2026-01-19 14:00:00,Z010,20.0
2026-01-19 14:30:00,Z010,18.0
2026-01-19 15:00:00,Z010,11.0
2026-01-19 15:30:00,Z010,8.0
2026-01-19 16:00:00,Z010,4.0
2026-01-19 16:30:00,Z010,6.0
2026-01-19 17:00:00,Z010,8.0
2026-01-19 17:30:00,Z010,12.0
2026-01-19 18:00:00,Z010,11.0
2026-01-19 18:30:00,Z010,16.0
2026-01-19 19:00:00,Z010,22.0
2026-01-19 19:30:00,Z010,22.0
2026-01-19 20:00:00,Z010,19.0
2026-01-19 20:30:00,Z010,13.0
2026-01-19 21:00:00,Z010,11.0
2026-01-19 21:30:00,Z010,8.0
2026-01-19 22:00:00,Z010,5.0
2026-01-19 22:30:00,Z010,5.0
2026-01-19 23:00:00,Z010,5.0
2026-01-19 23:30:00,Z010,7.0
2026-01-20 00:00:00,Z010,7.0
2026-01-20 00:30:00,Z010,5.0
2026-01-20 01:00:00,Z010,5.0
2026-01-20 01:30:00,Z010,3.0
2026-01-20 02:00:00,Z010,3.0
2026-01-20 02:30:00,Z010,3.0
2026-01-20 03:00:00,Z010,1.0
2026-01-20 03:30:00,Z010,1.0
2026-01-20 04:00:00,Z010,1.0
2026-01-20 04:30:00,Z010,1.0
2026-01-20 05:00:00,Z010,1.0
2026-01-20 05:30:00,Z010,1.0
2026-01-20 06:00:00,Z010,2.0
2026-01-20 06:30:00,Z010,4.0
2026-01-20 07:00:00,Z010,6.0
2026-01-20 07:30:00,Z010,6.0
2026-01-20 08:00:00,Z010,6.0
2026-01-20 08:30:00,Z010,10.0
2026-01-20 09:00:00,Z010,12.0
2026-01-20 09:30:00,Z010,15.0
2026-01-20 10:00:00,Z010,14.0
2026-01-20 10:30:00,Z010,12.0
2026-01-20 11:00:00,Z010,17.0
2026-01-20 11:30:00,Z010,16.0
2026-01-20 12:00:00,Z010,13.0
2026-01-20 12:30:00,Z010,14.0
2026-01-20 13:00:00,Z010,12.0
2026-01-20 13:30:00,Z010,15.0
2026-01-20 14:00:00,Z010,16.0
2026-01-20 14:30:00,Z010,13.0
2026-01-20 15:00:00,Z010,14.0
2026-01-20 15:30:00,Z010,12.0
2026-01-20 16:00:00,Z010,10.0
2026-01-20 16:30:00,Z010,9.0
2026-01-20 17:00:00,Z010,6.0
2026-01-20 17:30:00,Z010,13.0
2026-01-20 18:00:00,Z010,15.0
2026-01-20 18:30:00,Z010,18.0
2026-01-20 19:00:00,Z010,19.0
2026-01-20 19:30:00,Z010,18.0
2026-01-20 20:00:00,Z010,20.0
2026-01-20 20:30:00,Z010,17.0
2026-01-20 21:00:00,Z010,13.0
2026-01-20 21:30:00,Z010,10.0
2026-01-20 22:00:00,Z010,3.0
2026-01-20 22:30:00,Z010,5.0
2026-01-20 23:00:00,Z010,6.0
2026-01-20 23:30:00,Z010,4.0
2026-01-21 00:00:00,Z010,3.0
2026-01-21 00:30:00,Z010,3.0
2026-01-21 01:00:00,Z010,4.0
2026-01-21 01:30:00,Z010,3.0
2026-01-21 02:00:00,Z010,3.0
2026-01-21 02:30:00,Z010,2.0
2026-01-21 03:00:00,Z010,1.0
2026-01-21 03:30:00,Z010,1.0
2026-01-21 04:00:00,Z010,1.0
2026-01-21 04:30:00,Z010,1.0
2026-01-21 05:00:00,Z010,1.0
2026-01-21 05:30:00,Z010,5.0
2026-01-21 06:00:00,Z010,7.0
2026-01-21 06:30:00,Z010,8.0
2026-01-21 07:00:00,Z010,7.0
2026-01-21 07:30:00,Z010,7.0
2026-01-21 08:00:00,Z010,4.0
2026-01-21 08:30:00,Z010,7.0
2026-01-21 09:00:00,Z010,9.0
2026-01-21 09:30:00,Z010,12.0
2026-01-21 10:00:00,Z010,13.0
2026-01-21 10:30:00,Z010,16.0
2026-01-21 11:00:00,Z010,18.0
2026-01-21 11:30:00,Z010,15.0
2026-01-21 12:00:00,Z010,12.0
2026-01-21 12:30:00,Z010,9.0
2026-01-21 13:00:00,Z010,10.0
2026-01-21 13:30:00,Z010,14.0
2026-01-21 14:00:00,Z010,11.0
2026-01-21 14:30:00,Z010,12.0
2026-01-21 15:00:00,Z010,11.0
2026-01-21 15:30:00,Z010,8.0
2026-01-21 16:00:00,Z010,7.0
2026-01-21 16:30:00,Z010,6.0
2026-01-21 17:00:00,Z010,5.0
2026-01-21 17:30:00,Z010,12.0
2026-01-21 18:00:00,Z010,16.0
2026-01-21 18:30:00,Z010,14.0
2026-01-21 19:00:00,Z010,20.0
2026-01-21 19:30:00,Z010,22.0
2026-01-21 20:00:00,Z010,24.0
2026-01-21 20:30:00,Z010,20.0
2026-01-21 21:00:00,Z010,18.0
2026-01-21 21:30:00,Z010,13.0
2026-01-21 22:00:00,Z010,11.0
2026-01-21 22:30:00,Z010,12.0
2026-01-21 23:00:00,Z010,8.0
2026-01-14 23:00:00,Z011,16.0
2026-01-14 23:30:00,Z011,14.0
2026-01-15 00:00:00,Z011,15.0
2026-01-15 00:30:00,Z011,11.0
2026-01-15 01:00:00,Z011,6.0
2026-01-15 01:30:00,Z011,4.0
2026-01-15 02:00:00,Z011,5.0
2026-01-15 02:30:00,Z011,5.0
2026-01-15 03:00:00,Z011,3.0
2026-01-15 03:30:00,Z011,2.0
2026-01-15 04:00:00,Z011,4.0
2026-01-15 04:30:00,Z011,3.0
2026-01-15 05:00:00,Z011,2.0
2026-01-15 05:30:00,Z011,3.0
2026-01-15 06:00:00,Z011,5.0
2026-01-15 06:30:00,Z011,7.0
2026-01-15 07:00:00,Z011,8.0
2026-01-15 07:30:00,Z011,14.0
2026-01-15 08:00:00,Z011,13.0
2026-01-15 08:30:00,Z011,27.0
2026-01-15 09:00:00,Z011,34.0
2026-01-15 09:30:00,Z011,42.0
2026-01-15 10:00:00,Z011,43.0
2026-01-15 10:30:00,Z011,47.0
2026-01-15 11:00:00,Z011,53.0
2026-01-15 11:30:00,Z011,37.0
2026-01-15 12:00:00,Z011,26.0
2026-01-15 12:30:00,Z011,36.0
2026-01-15 13:00:00,Z011,47.0
2026-01-15 13:30:00,Z011,46.0
2026-01-15 14:00:00,Z011,48.0
2026-01-15 14:30:00,Z011,42.0
2026-01-15 15:00:00,Z011,34.0
2026-01-15 15:30:00,Z011,27.0
2026-01-15 16:00:00,Z011,22.0
2026-01-15 16:30:00,Z011,24.0
2026-01-15 17:00:00,Z011,26.0
2026-01-15 17:30:00,Z011,39.0
2026-01-15 18:00:00,Z011,55.0
2026-01-15 18:30:00,Z011,57.0
2026-01-15 19:00:00,Z011,63.0
2026-01-15 19:30:00,Z011,60.0
2026-01-15 20:00:00,Z011,70.0
2026-01-15 20:30:00,Z011,59.0
2026-01-15 21:00:00,Z011,42.0
2026-01-15 21:30:00,Z011,30.0
2026-01-15 22:00:00,Z011,24.0
2026-01-15 22:30:00,Z011,22.0
2026-01-15 23:00:00,Z011,22.0
2026-01-15 23:30:00,Z011,17.0
2026-01-16 00:00:00,Z011,20.0
2026-01-16 00:30:00,Z011,16.0
2026-01-16 01:00:00,Z011,12.0
2026-01-16 01:30:00,Z011,9.0
2026-01-16 02:00:00,Z011,6.0
2026-01-16 02:30:00,Z011,5.0
2026-01-16 03:00:00,Z011,0.0
2026-01-16 03:30:00,Z011,0.0
2026-01-16 04:00:00,Z011,1.0
2026-01-16 04:30:00,Z011,1.0
2026-01-16 05:00:00,Z011,2.0
2026-01-16 05:30:00,Z011,7.0
2026-01-16 06:00:00,Z011,7.0
2026-01-16 06:30:00,Z011,10.0
2026-01-16 07:00:00,Z011,16.0
2026-01-16 07:30:00,Z011,21.0
2026-01-16 08:00:00,Z011,23.0
2026-01-16 08:30:00,Z011,40.0
2026-01-16 09:00:00,Z011,39.0
2026-01-16 09:30:00,Z011,38.0
2026-01-16 10:00:00,Z011,40.0
2026-01-16 10:30:00,Z011,43.0
2026-01-16 11:00:00,Z011,48.0
2026-01-16 11:30:00,Z011,37.0
2026-01-16 12:00:00,Z011,36.0
2026-01-16 12:30:00,Z011,40.0
2026-01-16 13:00:00,Z011,45.0
2026-01-16 13:30:00,Z011,43.0
2026-01-16 14:00:00,Z011,47.0
2026-01-16 14:30:00,Z011,37.0
2026-01-16 15:00:00,Z011,31.0
2026-01-16 15:30:00,Z011,19.0
2026-01-16 16:00:00,Z011,17.0
2026-01-16 16:30:00,Z011,10.0
2026-01-16 17:00:00,Z011,12.0
2026-01-16 17:30:00,Z011,26.0
2026-01-16 18:00:00,Z011,40.0
2026-01-16 18:30:00,Z011,48.0
2026-01-16 19:00:00,Z011,66.0
2026-01-16 19:30:00,Z011,70.0
2026-01-16 20:00:00,Z011,83.0
2026-01-16 20:30:00,Z011,64.0
2026-01-16 21:00:00,Z011,48.0
2026-01-16 21:30:00,Z011,40.0
2026-01-16 22:00:00,Z011,33.0
2026-01-16 22:30:00,Z011,33.0
2026-01-16 23:00:00,Z011,23.0
2026-01-16 23:30:00,Z011,20.0
2026-01-17 00:00:00,Z011,19.0
2026-01-17 00:30:00,Z011,14.0
2026-01-17 01:00:00,Z011,8.0
2026-01-17 01:30:00,Z011,7.0
2026-01-17 02:00:00,Z011,2.0
2026-01-17 02:30:00,Z011,1.0
2026-01-17 03:00:00,Z011,0.0
2026-01-17 03:30:00,Z011,0.0
2026-01-17 04:00:00,Z011,0.0
2026-01-17 04:30:00,Z011,0.0
2026-01-17 05:00:00,Z011,0.0
2026-01-17 05:30:00,Z011,3.0
2026-01-17 06:00:00,Z011,7.0
2026-01-17 06:30:00,Z011,9.0
2026-01-17 07:00:00,Z011,14.0
2026-01-17 07:30:00,Z011,14.0
2026-01-17 08:00:00,Z011,14.0
2026-01-17 08:30:00,Z011,27.0
2026-01-17 09:00:00,Z011,39.0
2026-01-17 09:30:00,Z011,49.0
2026-01-17 10:00:00,Z011,51.0
2026-01-17 10:30:00,Z011,54.0
2026-01-17 11:00:00,Z011,51.0
2026-01-17 11:30:00,Z011,38.0
2026-01-17 12:00:00,Z011,31.0
2026-01-17 12:30:00,Z011,36.0
2026-01-17 13:00:00,Z011,49.0
2026-01-17 13:30:00,Z011,51.0
2026-01-17 14:00:00,Z011,53.0
2026-01-17 14:30:00,Z011,46.0
2026-01-17 15:00:00,Z011,35.0
2026-01-17 15:30:00,Z011,25.0
2026-01-17 16:00:00,Z011,19.0
2026-01-17 16:30:00,Z011,15.0
2026-01-17 17:00:00,Z011,12.0
2026-01-17 17:30:00,Z011,31.0
2026-01-17 18:00:00,Z011,38.0
2026-01-17 18:30:00,Z011,51.0
2026-01-17 19:00:00,Z011,69.0
2026-01-17 19:30:00,Z011,75.0
2026-01-17 20:00:00,Z011,72.0
2026-01-17 20:30:00,Z011,52.0
2026-01-17 21:00:00,Z011,36.0
2026-01-17 21:30:00,Z011,22.0
2026-01-17 22:00:00,Z011,23.0
2026-01-17 22:30:00,Z011,19.0
2026-01-17 23:00:00,Z011,16.0
2026-01-17 23:30:00,Z011,13.0
2026-01-18 00:00:00,Z011,13.0
2026-01-18 00:30:00,Z011,11.0
2026-01-18 01:00:00,Z011,10.0
2026-01-18 01:30:00,Z011,4.0
2026-01-18 02:00:00,Z011,3.0
2026-01-18 02:30:00,Z011,1.0
2026-01-18 03:00:00,Z011,1.0
2026-01-18 03:30:00,Z011,0.0
2026-01-18 04:00:00,Z011,1.0
2026-01-18 04:30:00,Z011,1.0
2026-01-18 05:00:00,Z011,0.0
2026-01-18 05:30:00,Z011,5.0
2026-01-18 06:00:00,Z011,8.0
2026-01-18 06:30:00,Z011,11.0
2026-01-18 07:00:00,Z011,15.0
2026-01-18 07:30:00,Z011,14.0
2026-01-18 08:00:00,Z011,15.0
2026-01-18 08:30:00,Z011,29.0
2026-01-18 09:00:00,Z011,36.0
2026-01-18 09:30:00,Z011,46.0
2026-01-18 10:00:00,Z011,53.0
2026-01-18 10:30:00,Z011,51.0
2026-01-18 11:00:00,Z011,60.0
2026-01-18 11:30:00,Z011,42.0
2026-01-18 12:00:00,Z011,42.0
2026-01-18 12:30:00,Z011,40.0
2026-01-18 13:00:00,Z011,42.0
2026-01-18 13:30:00,Z011,43.0
2026-01-18 14:00:00,Z011,50.0
2026-01-18 14:30:00,Z011,43.0
2026-01-18 15:00:00,Z011,29.0
2026-01-18 15:30:00,Z011,20.0
2026-01-18 16:00:00,Z011,17.0
2026-01-18 16:30:00,Z011,16.0
2026-01-18 17:00:00,Z011,16.0
2026-01-18 17:30:00,Z011,24.0
2026-01-18 18:00:00,Z011,38.0
2026-01-18 18:30:00,Z011,55.0
2026-01-18 19:00:00,Z011,61.0
2026-01-18 19:30:00,Z011,65.0
2026-01-18 20:00:00,Z011,69.0
2026-01-18 20:30:00,Z011,62.0
2026-01-18 21:00:00,Z011,42.0
2026-01-18 21:30:00,Z011,29.0
2026-01-18 22:00:00,Z011,24.0
2026-01-18 22:30:00,Z011,14.0
2026-01-18 23:00:00,Z011,10.0
2026-01-18 23:30:00,Z011,10.0
2026-01-19 00:00:00,Z011,12.0
2026-01-19 00:30:00,Z011,13.0
2026-01-19 01:00:00,Z011,8.0
2026-01-19 01:30:00,Z011,6.0
2026-01-19 02:00:00,Z011,3.0
2026-01-19 02:30:00,Z011,2.0
2026-01-19 03:00:00,Z011,1.0
2026-01-19 03:30:00,Z011,2.0
2026-01-19 04:00:00,Z011,3.0
2026-01-19 04:30:00,Z011,3.0
2026-01-19 05:00:00,Z011,3.0
2026-01-19 05:30:00,Z011,12.0
2026-01-19 06:00:00,Z011,11.0
2026-01-19 06:30:00,Z011,15.0
2026-01-19 07:00:00,Z011,17.0
2026-01-19 07:30:00,Z011,16.0
2026-01-19 08:00:00,Z011,13.0
2026-01-19 08:30:00,Z011,28.0
2026-01-19 09:00:00,Z011,39.0
2026-01-19 09:30:00,Z011,40.0
2026-01-19 10:00:00,Z011,45.0
2026-01-19 10:30:00,Z011,53.0
2026-01-19 11:00:00,Z011,55.0
2026-01-19 11:30:00,Z011,45.0
2026-01-19 12:00:00,Z011,34.0
2026-01-19 12:30:00,Z011,38.0
2026-01-19 13:00:00,Z011,44.0
2026-01-19 13:30:00,Z011,53.0
2026-01-19 14:00:00,Z011,59.0
2026-01-19 14:30:00,Z011,46.0
2026-01-19 15:00:00,Z011,35.0
2026-01-19 15:30:00,Z011,33.0
2026-01-19 16:00:00,Z011,26.0
2026-01-19 16:30:00,Z011,24.0
2026-01-19 17:00:00,Z011,24.0
2026-01-19 17:30:00,Z011,37.0
2026-01-19 18:00:00,Z011,48.0
2026-01-19 18:30:00,Z011,62.0
2026-01-19 19:00:00,Z011,67.0
2026-01-19 19:30:00,Z011,75.0
2026-01-19 20:00:00,Z011,71.0
2026-01-19 20:30:00,Z011,54.0
2026-01-19 21:00:00,Z011,44.0
2026-01-19 21:30:00,Z011,41.0
2026-01-19 22:00:00,Z011,30.0
2026-01-19 22:30:00,Z011,27.0
2026-01-19 23:00:00,Z011,28.0
2026-01-19 23:30:00,Z011,20.0
2026-01-20 00:00:00,Z011,20.0
2026-01-20 00:30:00,Z011,15.0
2026-01-20 01:00:00,Z011,10.0
2026-01-20 01:30:00,Z011,6.0
2026-01-20 02:00:00,Z011,3.0
2026-01-20 02:30:00,Z011,3.0
2026-01-20 03:00:00,Z011,2.0
2026-01-20 03:30:00,Z011,2.0
2026-01-20 04:00:00,Z011,2.0
2026-01-20 04:30:00,Z011,3.0
2026-01-20 05:00:00,Z011,3.0
2026-01-20 05:30:00,Z011,6.0
2026-01-20 06:00:00,Z011,7.0
2026-01-20 06:30:00,Z011,12.0
2026-01-20 07:00:00,Z011,15.0
2026-01-20 07:30:00,Z011,10.0
2026-01-20 08:00:00,Z011,11.0
2026-01-20 08:30:00,Z011,22.0
2026-01-20 09:00:00,Z011,37.0
2026-01-20 09:30:00,Z011,48.0
2026-01-20 10:00:00,Z011,43.0
2026-01-20 10:30:00,Z011,53.0
2026-01-20 11:00:00,Z011,54.0
2026-01-20 11:30:00,Z011,46.0
2026-01-20 12:00:00,Z011,41.0
2026-01-20 12:30:00,Z011,55.0
2026-01-20 13:00:00,Z011,49.0
2026-01-20 13:30:00,Z011,46.0
2026-01-20 14:00:00,Z011,46.0
2026-01-20 14:30:00,Z011,38.0
2026-01-20 15:00:00,Z011,28.0
2026-01-20 15:30:00,Z011,17.0
2026-01-20 16:00:00,Z011,17.0
2026-01-20 16:30:00,Z011,19.0
2026-01-20 17:00:00,Z011,19.0
2026-01-20 17:30:00,Z011,33.0
2026-01-20 18:00:00,Z011,41.0
2026-01-20 18:30:00,Z011,56.0
2026-01-20 19:00:00,Z011,67.0
2026-01-20 19:30:00,Z011,65.0
2026-01-20 20:00:00,Z011,70.0
2026-01-20 20:30:00,Z011,61.0
2026-01-20 21:00:00,Z011,46.0
2026-01-20 21:30:00,Z011,33.0
2026-01-20 22:00:00,Z011,27.0
2026-01-20 22:30:00,Z011,23.0
2026-01-20 23:00:00,Z011,17.0
2026-01-20 23:30:00,Z011,18.0
2026-01-21 00:00:00,Z011,16.0
2026-01-21 00:30:00,Z011,12.0
2026-01-21 01:00:00,Z011,8.0
2026-01-21 01:30:00,Z011,4.0
2026-01-21 02:00:00,Z011,4.0
2026-01-21 02:30:00,Z011,4.0
2026-01-21 03:00:00,Z011,1.0
2026-01-21 03:30:00,Z011,2.0
2026-01-21 04:00:00,Z011,1.0
2026-01-21 04:30:00,Z011,0.0
2026-01-21 05:00:00,Z011,0.0
2026-01-21 05:30:00,Z011,3.0
2026-01-21 06:00:00,Z011,8.0
2026-01-21 06:30:00,Z011,11.0
2026-01-21 07:00:00,Z011,11.0
2026-01-21 07:30:00,Z011,8.0
2026-01-21 08:00:00,Z011,12.0
2026-01-21 08:30:00,Z011,22.0
2026-01-21 09:00:00,Z011,36.0
2026-01-21 09:30:00,Z011,42.0
2026-01-21 10:00:00,Z011,49.0
2026-01-21 10:30:00,Z011,52.0
2026-01-21 11:00:00,Z011,54.0
2026-01-21 11:30:00,Z011,40.0
2026-01-21 12:00:00,Z011,32.0
2026-01-21 12:30:00,Z011,43.0
2026-01-21 13:00:00,Z011,50.0
2026-01-21 13:30:00,Z011,59.0
2026-01-21 14:00:00,Z011,58.0
2026-01-21 14:30:00,Z011,56.0
2026-01-21 15:00:00,Z011,40.0
2026-01-21 15:30:00,Z011,36.0
2026-01-21 16:00:00,Z011,22.0
2026-01-21 16:30:00,Z011,19.0
2026-01-21 17:00:00,Z011,23.0
2026-01-21 17:30:00,Z011,31.0
2026-01-21 18:00:00,Z011,36.0
2026-01-21 18:30:00,Z011,47.0
2026-01-21 19:00:00,Z011,61.0
2026-01-21 19:30:00,Z011,60.0
2026-01-21 20:00:00,Z011,61.0
2026-01-21 20:30:00,Z011,49.0
2026-01-21 21:00:00,Z011,36.0
2026-01-21 21:30:00,Z011,25.0
2026-01-21 22:00:00,Z011,27.0
2026-01-21 22:30:00,Z011,21.0
2026-01-21 23:00:00,Z011,16.0
2026-01-14 23:00:00,Z012,34.0
2026-01-14 23:30:00,Z012,35.0
2026-01-15 00:00:00,Z012,34.0
2026-01-15 00:30:00,Z012,23.0
2026-01-15 01:00:00,Z012,15.0
2026-01-15 01:30:00,Z012,14.0
2026-01-15 02:00:00,Z012,6.0
2026-01-15 02:30:00,Z012,6.0
2026-01-15 03:00:00,Z012,5.0
2026-01-15 03:30:00,Z012,4.0
2026-01-15 04:00:00,Z012,3.0
2026-01-15 04:30:00,Z012,0.0
2026-01-15 05:00:00,Z012,1.0
2026-01-15 05:30:00,Z012,13.0
2026-01-15 06:00:00,Z012,21.0
2026-01-15 06:30:00,Z012,24.0
2026-01-15 07:00:00,Z012,26.0
2026-01-15 07:30:00,Z012,21.0
2026-01-15 08:00:00,Z012,20.0
2026-01-15 08:30:00,Z012,38.0
2026-01-15 09:00:00,Z012,57.0
2026-01-15 09:30:00,Z012,76.0
2026-01-15 10:00:00,Z012,72.0
2026-01-15 10:30:00,Z012,75.0
2026-01-15 11:00:00,Z012,61.0
2026-01-15 11:30:00,Z012,45.0
2026-01-15 12:00:00,Z012,42.0
2026-01-15 12:30:00,Z012,55.0
2026-01-15 13:00:00,Z012,67.0
2026-01-15 13:30:00,Z012,75.0
2026-01-15 14:00:00,Z012,73.0
2026-01-15 14:30:00,Z012,64.0
2026-01-15 15:00:00,Z012,53.0
2026-01-15 15:30:00,Z012,39.0
2026-01-15 16:00:00,Z012,31.0
2026-01-15 16:30:00,Z012,33.0
2026-01-15 17:00:00,Z012,30.0
2026-01-15 17:30:00,Z012,49.0
2026-01-15 18:00:00,Z012,74.0
2026-01-15 18:30:00,Z012,85.0
2026-01-15 19:00:00,Z012,94.0
2026-01-15 19:30:00,Z012,86.0
2026-01-15 20:00:00,Z012,85.0
2026-01-15 20:30:00,Z012,61.0
2026-01-15 21:00:00,Z012,50.0
2026-01-15 21:30:00,Z012,31.0
2026-01-15 22:00:00,Z012,23.0
2026-01-15 22:30:00,Z012,22.0
2026-01-15 23:00:00,Z012,21.0
2026-01-15 23:30:00,Z012,24.0
2026-01-16 00:00:00,Z012,24.0
2026-01-16 00:30:00,Z012,18.0
2026-01-16 01:00:00,Z012,9.0
2026-01-16 01:30:00,Z012,8.0
2026-01-16 02:00:00,Z012,6.0
2026-01-16 02:30:00,Z012,4.0
2026-01-16 03:00:00,Z012,1.0
2026-01-16 03:30:00,Z012,1.0
2026-01-16 04:00:00,Z012,2.0
2026-01-16 04:30:00,Z012,3.0
2026-01-16 05:00:00,Z012,3.0
2026-01-16 05:30:00,Z012,13.0
2026-01-16 06:00:00,Z012,17.0
2026-01-16 06:30:00,Z012,18.0
2026-01-16 07:00:00,Z012,16.0
2026-01-16 07:30:00,Z012,22.0
2026-01-16 08:00:00,Z012,24.0
2026-01-16 08:30:00,Z012,37.0
2026-01-16 09:00:00,Z012,45.0
2026-01-16 09:30:00,Z012,62.0
2026-01-16 10:00:00,Z012,52.0
2026-01-16 10:30:00,Z012,60.0
2026-01-16 11:00:00,Z012,61.0
2026-01-16 11:30:00,Z012,55.0
2026-01-16 12:00:00,Z012,45.0
2026-01-16 12:30:00,Z012,52.0
2026-01-16 13:00:00,Z012,70.0
2026-01-16 13:30:00,Z012,82.0
2026-01-16 14:00:00,Z012,84.0
2026-01-16 14:30:00,Z012,64.0
2026-01-16 15:00:00,Z012,47.0
2026-01-16 15:30:00,Z012,37.0
2026-01-16 16:00:00,Z012,28.0
2026-01-16 16:30:00,Z012,22.0
2026-01-16 17:00:00,Z012,20.0
2026-01-16 17:30:00,Z012,50.0
2026-01-16 18:00:00,Z012,71.0
2026-01-16 18:30:00,Z012,90.0
2026-01-16 19:00:00,Z012,97.0
2026-01-16 19:30:00,Z012,84.0
2026-01-16 20:00:00,Z012,91.0
2026-01-16 20:30:00,Z012,65.0
2026-01-16 21:00:00,Z012,47.0
2026-01-16 21:30:00,Z012,29.0
2026-01-16 22:00:00,Z012,21.0
2026-01-16 22:30:00,Z012,21.0
2026-01-16 23:00:00,Z012,26.0
2026-01-16 23:30:00,Z012,32.0
2026-01-17 00:00:00,Z012,27.0
2026-01-17 00:30:00,Z012,18.0
2026-01-17 01:00:00,Z012,10.0
2026-01-17 01:30:00,Z012,9.0
2026-01-17 02:00:00,Z012,4.0
2026-01-17 02:30:00,Z012,2.0
2026-01-17 03:00:00,Z012,0.0
2026-01-17 03:30:00,Z012,2.0
2026-01-17 04:00:00,Z012,4.0
2026-01-17 04:30:00,Z012,3.0
2026-01-17 05:00:00,Z012,3.0
2026-01-17 05:30:00,Z012,13.0
2026-01-17 06:00:00,Z012,17.0
2026-01-17 06:30:00,Z012,21.0
2026-01-17 07:00:00,Z012,28.0
2026-01-17 07:30:00,Z012,26.0
2026-01-17 08:00:00,Z012,26.0
2026-01-17 08:30:00,Z012,45.0
2026-01-17 09:00:00,Z012,50.0
2026-01-17 09:30:00,Z012,53.0
2026-01-17 10:00:00,Z012,56.0
2026-01-17 10:30:00,Z012,71.0
2026-01-17 11:00:00,Z012,78.0
2026-01-17 11:30:00,Z012,65.0
2026-01-17 12:00:00,Z012,52.0
2026-01-17 12:30:00,Z012,64.0
2026-01-17 13:00:00,Z012,64.0
2026-01-17 13:30:00,Z012,69.0
2026-01-17 14:00:00,Z012,67.0
2026-01-17 14:30:00,Z012,57.0
2026-01-17 15:00:00,Z012,46.0
2026-01-17 15:30:00,Z012,30.0
2026-01-17 16:00:00,Z012,23.0
2026-01-17 16:30:00,Z012,22.0
2026-01-17 17:00:00,Z012,27.0
2026-01-17 17:30:00,Z012,47.0
2026-01-17 18:00:00,Z012,67.0
2026-01-17 18:30:00,Z012,86.0
2026-01-17 19:00:00,Z012,93.0
2026-01-17 19:30:00,Z012,91.0
2026-01-17 20:00:00,Z012,101.0
2026-01-17 20:30:00,Z012,88.0
2026-01-17 21:00:00,Z012,62.0
2026-01-17 21:30:00,Z012,43.0
2026-01-17 22:00:00,Z012,32.0
2026-01-17 22:30:00,Z012,33.0
2026-01-17 23:00:00,Z012,27.0
2026-01-17 23:30:00,Z012,23.0
2026-01-18 00:00:00,Z012,23.0
2026-01-18 00:30:00,Z012,17.0
2026-01-18 01:00:00,Z012,9.0
2026-01-18 01:30:00,Z012,5.0
2026-01-18 02:00:00,Z012,2.0
2026-01-18 02:30:00,Z012,2.0
2026-01-18 03:00:00,Z012,1.0
2026-01-18 03:30:00,Z012,2.0
2026-01-18 04:00:00,Z012,3.0
2026-01-18 04:30:00,Z012,6.0
2026-01-18 05:00:00,Z012,6.0
2026-01-18 05:30:00,Z012,6.0
2026-01-18 06:00:00,Z012,14.0
2026-01-18 06:30:00,Z012,19.0
2026-01-18 07:00:00,Z012,22.0
2026-01-18 07:30:00,Z012,23.0
2026-01-18 08:00:00,Z012,27.0
2026-01-18 08:30:00,Z012,45.0
2026-01-18 09:00:00,Z012,66.0
2026-01-18 09:30:00,Z012,71.0
2026-01-18 10:00:00,Z012,78.0
2026-01-18 10:30:00,Z012,70.0
2026-01-18 11:00:00,Z012,67.0
2026-01-18 11:30:00,Z012,54.0
2026-01-18 12:00:00,Z012,35.0
2026-01-18 12:30:00,Z012,53.0
2026-01-18 13:00:00,Z012,69.0
2026-01-18 13:30:00,Z012,72.0
2026-01-18 14:00:00,Z012,70.0
2026-01-18 14:30:00,Z012,56.0
2026-01-18 15:00:00,Z012,46.0
2026-01-18 15:30:00,Z012,39.0
2026-01-18 16:00:00,Z012,29.0
2026-01-18 16:30:00,Z012,23.0
2026-01-18 17:00:00,Z012,24.0
2026-01-18 17:30:00,Z012,40.0
2026-01-18 18:00:00,Z012,57.0
2026-01-18 18:30:00,Z012,76.0
2026-01-18 19:00:00,Z012,89.0
2026-01-18 19:30:00,Z012,94.0
2026-01-18 20:00:00,Z012,105.0
2026-01-18 20:30:00,Z012,78.0
2026-01-18 21:00:00,Z012,60.0
2026-01-18 21:30:00,Z012,39.0
2026-01-18 22:00:00,Z012,27.0
2026-01-18 22:30:00,Z012,20.0
2026-01-18 23:00:00,Z012,26.0
2026-01-18 23:30:00,Z012,27.0
2026-01-19 00:00:00,Z012,27.0
2026-01-19 00:30:00,Z012,20.0
2026-01-19 01:00:00,Z012,14.0
2026-01-19 01:30:00,Z012,8.0
2026-01-19 02:00:00,Z012,6.0
2026-01-19 02:30:00,Z012,5.0
2026-01-19 03:00:00,Z012,2.0
2026-01-19 03:30:00,Z012,1.0
2026-01-19 04:00:00,Z012,1.0
2026-01-19 04:30:00,Z012,1.0
2026-01-19 05:00:00,Z012,0.0
2026-01-19 05:30:00,Z012,8.0
2026-01-19 06:00:00,Z012,19.0
2026-01-19 06:30:00,Z012,23.0
2026-01-19 07:00:00,Z012,24.0
2026-01-19 07:30:00,Z012,25.0
2026-01-19 08:00:00,Z012,26.0
2026-01-19 08:30:00,Z012,37.0
2026-01-19 09:00:00,Z012,50.0
2026-01-19 09:30:00,Z012,56.0
2026-01-19 10:00:00,Z012,56.0
2026-01-19 10:30:00,Z012,67.0
2026-01-19 11:00:00,Z012,72.0
2026-01-19 11:30:00,Z012,67.0
2026-01-19 12:00:00,Z012,56.0
2026-01-19 12:30:00,Z012,73.0
2026-01-19 13:00:00,Z012,98.0
2026-01-19 13:30:00,Z012,96.0
2026-01-19 14:00:00,Z012,92.0
2026-01-19 14:30:00,Z012,67.0
2026-01-19 15:00:00,Z012,38.0
2026-01-19 15:30:00,Z012,21.0
2026-01-19 16:00:00,Z012,20.0
2026-01-19 16:30:00,Z012,20.0
2026-01-19 17:00:00,Z012,25.0
2026-01-19 17:30:00,Z012,59.0
2026-01-19 18:00:00,Z012,68.0
2026-01-19 18:30:00,Z012,86.0
2026-01-19 19:00:00,Z012,83.0
2026-01-19 19:30:00,Z012,81.0
2026-01-19 20:00:00,Z012,92.0
2026-01-19 20:30:00,Z012,66.0
2026-01-19 21:00:00,Z012,41.0
2026-01-19 21:30:00,Z012,29.0
2026-01-19 22:00:00,Z012,26.0
2026-01-19 22:30:00,Z012,21.0
2026-01-19 23:00:00,Z012,22.0
2026-01-19 23:30:00,Z012,21.0
2026-01-20 00:00:00,Z012,18.0
2026-01-20 00:30:00,Z012,12.0
2026-01-20 01:00:00,Z012,7.0
2026-01-20 01:30:00,Z012,2.0
2026-01-20 02:00:00,Z012,1.0
2026-01-20 02:30:00,Z012,3.0
2026-01-20 03:00:00,Z012,4.0
2026-01-20 03:30:00,Z012,2.0
2026-01-20 04:00:00,Z012,0.0
2026-01-20 04:30:00,Z012,0.0
2026-01-20 05:00:00,Z012,2.0
2026-01-20 05:30:00,Z012,8.0
2026-01-20 06:00:00,Z012,13.0
2026-01-20 06:30:00,Z012,18.0
2026-01-20 07:00:00,Z012,20.0
2026-01-20 07:30:00,Z012,19.0
2026-01-20 08:00:00,Z012,24.0
2026-01-20 08:30:00,Z012,42.0
2026-01-20 09:00:00,Z012,58.0
2026-01-20 09:30:00,Z012,72.0
2026-01-20 10:00:00,Z012,71.0
2026-01-20 10:30:00,Z012,67.0
2026-01-20 11:00:00,Z012,71.0
2026-01-20 11:30:00,Z012,52.0
2026-01-20 12:00:00,Z012,44.0
2026-01-20 12:30:00,Z012,65.0
2026-01-20 13:00:00,Z012,81.0
2026-01-20 13:30:00,Z012,95.0
2026-01-20 14:00:00,Z012,89.0
2026-01-20 14:30:00,Z012,63.0
2026-01-20 15:00:00,Z012,38.0
2026-01-20 15:30:00,Z012,33.0
2026-01-20 16:00:00,Z012,31.0
2026-01-20 16:30:00,Z012,31.0
2026-01-20 17:00:00,Z012,28.0
2026-01-20 17:30:00,Z012,53.0
2026-01-20 18:00:00,Z012,76.0
2026-01-20 18:30:00,Z012,95.0
2026-01-20 19:00:00,Z012,106.0
2026-01-20 19:30:00,Z012,110.0
2026-01-20 20:00:00,Z012,101.0
2026-01-20 20:30:00,Z012,80.0
2026-01-20 21:00:00,Z012,49.0
2026-01-20 21:30:00,Z012,36.0
2026-01-20 22:00:00,Z012,36.0
2026-01-20 22:30:00,Z012,26.0
2026-01-20 23:00:00,Z012,25.0
2026-01-20 23:30:00,Z012,31.0
2026-01-21 00:00:00,Z012,26.0
2026-01-21 00:30:00,Z012,20.0
2026-01-21 01:00:00,Z012,11.0
2026-01-21 01:30:00,Z012,5.0
2026-01-21 02:00:00,Z012,2.0
2026-01-21 02:30:00,Z012,1.0
2026-01-21 03:00:00,Z012,2.0
2026-01-21 03:30:00,Z012,2.0
2026-01-21 04:00:00,Z012,2.0
2026-01-21 04:30:00,Z012,4.0
2026-01-21 05:00:00,Z012,3.0
2026-01-21 05:30:00,Z012,6.0
2026-01-21 06:00:00,Z012,12.0
2026-01-21 06:30:00,Z012,16.0
2026-01-21 07:00:00,Z012,18.0
2026-01-21 07:30:00,Z012,18.0
2026-01-21 08:00:00,Z012,18.0
2026-01-21 08:30:00,Z012,35.0
2026-01-21 09:00:00,Z012,45.0
2026-01-21 09:30:00,Z012,57.0
2026-01-21 10:00:00,Z012,76.0
2026-01-21 10:30:00,Z012,75.0
2026-01-21 11:00:00,Z012,75.0
2026-01-21 11:30:00,Z012,48.0
2026-01-21 12:00:00,Z012,35.0
2026-01-21 12:30:00,Z012,55.0
2026-01-21 13:00:00,Z012,73.0
2026-01-21 13:30:00,Z012,89.0
2026-01-21 14:00:00,Z012,78.0
2026-01-21 14:30:00,Z012,56.0
2026-01-21 15:00:00,Z012,42.0
2026-01-21 15:30:00,Z012,36.0
2026-01-21 16:00:00,Z012,31.0
2026-01-21 16:30:00,Z012,25.0
2026-01-21 17:00:00,Z012,18.0
2026-01-21 17:30:00,Z012,36.0
2026-01-21 18:00:00,Z012,55.0
2026-01-21 18:30:00,Z012,85.0
2026-01-21 19:00:00,Z012,77.0
2026-01-21 19:30:00,Z012,91.0
2026-01-21 20:00:00,Z012,87.0
2026-01-21 20:30:00,Z012,62.0
2026-01-21 21:00:00,Z012,46.0
2026-01-21 21:30:00,Z012,40.0
2026-01-21 22:00:00,Z012,33.0
2026-01-21 22:30:00,Z012,29.0
2026-01-21 23:00:00,Z012,19.0
2026-01-14 23:00:00,Z013,24.0
2026-01-14 23:30:00,Z013,18.0
2026-01-15 00:00:00,Z013,19.0
2026-01-15 00:30:00,Z013,15.0
2026-01-15 01:00:00,Z013,10.0
2026-01-15 01:30:00,Z013,8.0
2026-01-15 02:00:00,Z013,7.0
2026-01-15 02:30:00,Z013,4.0
2026-01-15 03:00:00,Z013,4.0
2026-01-15 03:30:00,Z013,3.0
2026-01-15 04:00:00,Z013,3.0
2026-01-15 04:30:00,Z013,2.0
2026-01-15 05:00:00,Z013,2.0
2026-01-15 05:30:00,Z013,6.0
2026-01-15 06:00:00,Z013,15.0
2026-01-15 06:30:00,Z013,20.0
2026-01-15 07:00:00,Z013,21.0
2026-01-15 07:30:00,Z013,26.0
2026-01-15 08:00:00,Z013,24.0
2026-01-15 08:30:00,Z013,34.0
2026-01-15 09:00:00,Z013,47.0
2026-01-15 09:30:00,Z013,50.0
2026-01-15 10:00:00,Z013,48.0
2026-01-15 10:30:00,Z013,47.0
2026-01-15 11:00:00,Z013,52.0
2026-01-15 11:30:00,Z013,43.0
2026-01-15 12:00:00,Z013,35.0
2026-01-15 12:30:00,Z013,36.0
2026-01-15 13:00:00,Z013,43.0
2026-01-15 13:30:00,Z013,47.0
2026-01-15 14:00:00,Z013,55.0
2026-01-15 14:30:00,Z013,51.0
2026-01-15 15:00:00,Z013,46.0
2026-01-15 15:30:00,Z013,38.0
2026-01-15 16:00:00,Z013,29.0
2026-01-15 16:30:00,Z013,23.0
2026-01-15 17:00:00,Z013,18.0
2026-01-15 17:30:00,Z013,31.0
2026-01-15 18:00:00,Z013,47.0
2026-01-15 18:30:00,Z013,61.0
2026-01-15 19:00:00,Z013,67.0
2026-01-15 19:30:00,Z013,74.0
2026-01-15 20:00:00,Z013,75.0
2026-01-15 20:30:00,Z013,67.0
2026-01-15 21:00:00,Z013,63.0
2026-01-15 21:30:00,Z013,52.0
2026-01-15 22:00:00,Z013,47.0
2026-01-15 22:30:00,Z013,37.0
2026-01-15 23:00:00,Z013,31.0
2026-01-15 23:30:00,Z013,20.0
2026-01-16 00:00:00,Z013,21.0
2026-01-16 00:30:00,Z013,16.0
2026-01-16 01:00:00,Z013,11.0
2026-01-16 01:30:00,Z013,10.0
2026-01-16 02:00:00,Z013,7.0
2026-01-16 02:30:00,Z013,6.0
2026-01-16 03:00:00,Z013,4.0
2026-01-16 03:30:00,Z013,3.0
2026-01-16 04:00:00,Z013,1.0
2026-01-16 04:30:00,Z013,1.0
2026-01-16 05:00:00,Z013,1.0
2026-01-16 05:30:00,Z013,6.0
2026-01-16 06:00:00,Z013,9.0
2026-01-16 06:30:00,Z013,12.0
2026-01-16 07:00:00,Z013,16.0
2026-01-16 07:30:00,Z013,19.0
2026-01-16 08:00:00,Z013,20.0
2026-01-16 08:30:00,Z013,30.0
2026-01-16 09:00:00,Z013,41.0
2026-01-16 09:30:00,Z013,40.0
2026-01-16 10:00:00,Z013,52.0
2026-01-16 10:30:00,Z013,48.0
2026-01-16 11:00:00,Z013,55.0
2026-01-16 11:30:00,Z013,48.0
2026-01-16 12:00:00,Z013,38.0
2026-01-16 12:30:00,Z013,44.0
2026-01-16 13:00:00,Z013,50.0
2026-01-16 13:30:00,Z013,50.0
2026-01-16 14:00:00,Z013,59.0
2026-01-16 14:30:00,Z013,56.0
2026-01-16 15:00:00,Z013,49.0
2026-01-16 15:30:00,Z013,38.0
2026-01-16 16:00:00,Z013,31.0
2026-01-16 16:30:00,Z013,25.0
2026-01-16 17:00:00,Z013,18.0
2026-01-16 17:30:00,Z013,32.0
2026-01-16 18:00:00,Z013,49.0
2026-01-16 18:30:00,Z013,57.0
2026-01-16 19:00:00,Z013,65.0
2026-01-16 19:30:00,Z013,63.0
2026-01-16 20:00:00,Z013,69.0
2026-01-16 20:30:00,Z013,64.0
2026-01-16 21:00:00,Z013,51.0
2026-01-16 21:30:00,Z013,43.0
2026-01-16 22:00:00,Z013,38.0
2026-01-16 22:30:00,Z013,29.0
2026-01-16 23:00:00,Z013,24.0
2026-01-16 23:30:00,Z013,16.0
2026-01-17 00:00:00,Z013,17.0
2026-01-17 00:30:00,Z013,12.0
2026-01-17 01:00:00,Z013,7.0
2026-01-17 01:30:00,Z013,4.0
2026-01-17 02:00:00,Z013,3.0
2026-01-17 02:30:00,Z013,4.0
2026-01-17 03:00:00,Z013,3.0
2026-01-17 03:30:00,Z013,3.0
2026-01-17 04:00:00,Z013,2.0
2026-01-17 04:30:00,Z013,1.0
2026-01-17 05:00:00,Z013,2.0
2026-01-17 05:30:00,Z013,8.0
2026-01-17 06:00:00,Z013,11.0
2026-01-17 06:30:00,Z013,15.0
2026-01-17 07:00:00,Z013,15.0
2026-01-17 07:30:00,Z013,19.0
2026-01-17 08:00:00,Z013,15.0
2026-01-17 08:30:00,Z013,27.0
2026-01-17 09:00:00,Z013,29.0
2026-01-17 09:30:00,Z013,37.0
2026-01-17 10:00:00,Z013,39.0
2026-01-17 10:30:00,Z013,47.0
2026-01-17 11:00:00,Z013,50.0
2026-01-17 11:30:00,Z013,48.0
2026-01-17 12:00:00,Z013,33.0
2026-01-17 12:30:00,Z013,42.0
2026-01-17 13:00:00,Z013,43.0
2026-01-17 13:30:00,Z013,58.0
2026-01-17 14:00:00,Z013,60.0
2026-01-17 14:30:00,Z013,52.0
2026-01-17 15:00:00,Z013,50.0
2026-01-17 15:30:00,Z013,42.0
2026-01-17 16:00:00,Z013,25.0
2026-01-17 16:30:00,Z013,24.0
2026-01-17 17:00:00,Z013,18.0
2026-01-17 17:30:00,Z013,36.0
2026-01-17 18:00:00,Z013,46.0
2026-01-17 18:30:00,Z013,68.0
2026-01-17 19:00:00,Z013,79.0
2026-01-17 19:30:00,Z013,84.0
2026-01-17 20:00:00,Z013,83.0
2026-01-17 20:30:00,Z013,64.0
2026-01-17 21:00:00,Z013,47.0
2026-01-17 21:30:00,Z013,38.0
2026-01-17 22:00:00,Z013,37.0
2026-01-17 22:30:00,Z013,33.0
2026-01-17 23:00:00,Z013,26.0
2026-01-17 23:30:00,Z013,20.0
2026-01-18 00:00:00,Z013,17.0
2026-01-18 00:30:00,Z013,14.0
2026-01-18 01:00:00,Z013,11.0
2026-01-18 01:30:00,Z013,8.0
2026-01-18 02:00:00,Z013,5.0
2026-01-18 02:30:00,Z013,4.0
2026-01-18 03:00:00,Z013,3.0
2026-01-18 03:30:00,Z013,2.0
2026-01-18 04:00:00,Z013,3.0
2026-01-18 04:30:00,Z013,3.0
2026-01-18 05:00:00,Z013,3.0
2026-01-18 05:30:00,Z013,7.0
2026-01-18 06:00:00,Z013,11.0
2026-01-18 06:30:00,Z013,13.0
2026-01-18 07:00:00,Z013,18.0
2026-01-18 07:30:00,Z013,14.0
2026-01-18 08:00:00,Z013,18.0
2026-01-18 08:30:00,Z013,28.0
2026-01-18 09:00:00,Z013,38.0
2026-01-18 09:30:00,Z013,42.0
2026-01-18 10:00:00,Z013,45.0
2026-01-18 10:30:00,Z013,52.0
2026-01-18 11:00:00,Z013,59.0
2026-01-18 11:30:00,Z013,50.0
2026-01-18 12:00:00,Z013,46.0
2026-01-18 12:30:00,Z013,58.0
2026-01-18 13:00:00,Z013,53.0
2026-01-18 13:30:00,Z013,65.0
2026-01-18 14:00:00,Z013,68.0
2026-01-18 14:30:00,Z013,56.0
2026-01-18 15:00:00,Z013,46.0
2026-01-18 15:30:00,Z013,36.0
2026-01-18 16:00:00,Z013,31.0
2026-01-18 16:30:00,Z013,25.0
2026-01-18 17:00:00,Z013,24.0
2026-01-18 17:30:00,Z013,36.0
2026-01-18 18:00:00,Z013,53.0
2026-01-18 18:30:00,Z013,58.0
2026-01-18 19:00:00,Z013,71.0
2026-01-18 19:30:00,Z013,80.0
2026-01-18 20:00:00,Z013,82.0
2026-01-18 20:30:00,Z013,69.0
2026-01-18 21:00:00,Z013,54.0
2026-01-18 21:30:00,Z013,47.0
2026-01-18 22:00:00,Z013,49.0
2026-01-18 22:30:00,Z013,36.0
2026-01-18 23:00:00,Z013,27.0
2026-01-18 23:30:00,Z013,20.0
2026-01-19 00:00:00,Z013,19.0
2026-01-19 00:30:00,Z013,15.0
2026-01-19 01:00:00,Z013,8.0
2026-01-19 01:30:00,Z013,6.0
2026-01-19 02:00:00,Z013,4.0
2026-01-19 02:30:00,Z013,3.0
2026-01-19 03:00:00,Z013,3.0
2026-01-19 03:30:00,Z013,2.0
2026-01-19 04:00:00,Z013,2.0
2026-01-19 04:30:00,Z013,1.0
2026-01-19 05:00:00,Z013,1.0
2026-01-19 05:30:00,Z013,2.0
2026-01-19 06:00:00,Z013,6.0
2026-01-19 06:30:00,Z013,13.0
2026-01-19 07:00:00,Z013,19.0
2026-01-19 07:30:00,Z013,23.0
2026-01-19 08:00:00,Z013,20.0
2026-01-19 08:30:00,Z013,31.0
2026-01-19 09:00:00,Z013,42.0
2026-01-19 09:30:00,Z013,54.0
2026-01-19 10:00:00,Z013,59.0
2026-01-19 10:30:00,Z013,68.0
2026-01-19 11:00:00,Z013,64.0
2026-01-19 11:30:00,Z013,50.0
2026-01-19 12:00:00,Z013,42.0
2026-01-19 12:30:00,Z013,44.0
2026-01-19 13:00:00,Z013,44.0
2026-01-19 13:30:00,Z013,55.0
2026-01-19 14:00:00,Z013,58.0
2026-01-19 14:30:00,Z013,46.0
2026-01-19 15:00:00,Z013,32.0
2026-01-19 15:30:00,Z013,31.0
2026-01-19 16:00:00,Z013,23.0
2026-01-19 16:30:00,Z013,18.0
2026-01-19 17:00:00,Z013,21.0
2026-01-19 17:30:00,Z013,37.0
2026-01-19 18:00:00,Z013,47.0
2026-01-19 18:30:00,Z013,55.0
2026-01-19 19:00:00,Z013,65.0
2026-01-19 19:30:00,Z013,71.0
2026-01-19 20:00:00,Z013,80.0
2026-01-19 20:30:00,Z013,67.0
2026-01-19 21:00:00,Z013,57.0
2026-01-19 21:30:00,Z013,45.0
2026-01-19 22:00:00,Z013,34.0
2026-01-19 22:30:00,Z013,31.0
2026-01-19 23:00:00,Z013,25.0
2026-01-19 23:30:00,Z013,22.0
2026-01-20 00:00:00,Z013,20.0
2026-01-20 00:30:00,Z013,13.0
2026-01-20 01:00:00,Z013,13.0
2026-01-20 01:30:00,Z013,6.0
2026-01-20 02:00:00,Z013,3.0
2026-01-20 02:30:00,Z013,3.0
2026-01-20 03:00:00,Z013,3.0
2026-01-20 03:30:00,Z013,1.0
2026-01-20 04:00:00,Z013,2.0
2026-01-20 04:30:00,Z013,1.0
2026-01-20 05:00:00,Z013,1.0
2026-01-20 05:30:00,Z013,3.0
2026-01-20 06:00:00,Z013,11.0
2026-01-20 06:30:00,Z013,20.0
2026-01-20 07:00:00,Z013,17.0
2026-01-20 07:30:00,Z013,20.0
2026-01-20 08:00:00,Z013,20.0
2026-01-20 08:30:00,Z013,37.0
2026-01-20 09:00:00,Z013,46.0
2026-01-20 09:30:00,Z013,55.0
2026-01-20 10:00:00,Z013,61.0
2026-01-20 10:30:00,Z013,62.0
2026-01-20 11:00:00,Z013,66.0
2026-01-20 11:30:00,Z013,57.0
2026-01-20 12:00:00,Z013,42.0
2026-01-20 12:30:00,Z013,45.0
2026-01-20 13:00:00,Z013,50.0
2026-01-20 13:30:00,Z013,52.0
2026-01-20 14:00:00,Z013,55.0
2026-01-20 14:30:00,Z013,43.0
2026-01-20 15:00:00,Z013,29.0
2026-01-20 15:30:00,Z013,19.0
2026-01-20 16:00:00,Z013,16.0
2026-01-20 16:30:00,Z013,14.0
2026-01-20 17:00:00,Z013,16.0
2026-01-20 17:30:00,Z013,31.0
2026-01-20 18:00:00,Z013,43.0
2026-01-20 18:30:00,Z013,58.0
2026-01-20 19:00:00,Z013,75.0
2026-01-20 19:30:00,Z013,75.0
2026-01-20 20:00:00,Z013,81.0
2026-01-20 20:30:00,Z013,64.0
2026-01-20 21:00:00,Z013,51.0
2026-01-20 21:30:00,Z013,34.0
2026-01-20 22:00:00,Z013,34.0
2026-01-20 22:30:00,Z013,33.0
2026-01-20 23:00:00,Z013,30.0
2026-01-20 23:30:00,Z013,35.0
2026-01-21 00:00:00,Z013,28.0
2026-01-21 00:30:00,Z013,23.0
2026-01-21 01:00:00,Z013,16.0
2026-01-21 01:30:00,Z013,9.0
2026-01-21 02:00:00,Z013,7.0
2026-01-21 02:30:00,Z013,5.0
2026-01-21 03:00:00,Z013,5.0
2026-01-21 03:30:00,Z013,6.0
2026-01-21 04:00:00,Z013,6.0
2026-01-21 04:30:00,Z013,6.0
2026-01-21 05:00:00,Z013,3.0
2026-01-21 05:30:00,Z013,6.0
2026-01-21 06:00:00,Z013,10.0
2026-01-21 06:30:00,Z013,11.0
2026-01-21 07:00:00,Z013,16.0
2026-01-21 07:30:00,Z013,12.0
2026-01-21 08:00:00,Z013,14.0
2026-01-21 08:30:00,Z013,25.0
2026-01-21 09:00:00,Z013,28.0
2026-01-21 09:30:00,Z013,38.0
2026-01-21 10:00:00,Z013,44.0
2026-01-21 10:30:00,Z013,53.0
2026-01-21 11:00:00,Z013,55.0
2026-01-21 11:30:00,Z013,51.0
2026-01-21 12:00:00,Z013,39.0
2026-01-21 12:30:00,Z013,40.0
2026-01-21 13:00:00,Z013,40.0
2026-01-21 13:30:00,Z013,46.0
2026-01-21 14:00:00,Z013,61.0
2026-01-21 14:30:00,Z013,56.0
2026-01-21 15:00:00,Z013,42.0
2026-01-21 15:30:00,Z013,36.0
2026-01-21 16:00:00,Z013,27.0
2026-01-21 16:30:00,Z013,19.0
2026-01-21 17:00:00,Z013,27.0
2026-01-21 17:30:00,Z013,42.0
2026-01-21 18:00:00,Z013,50.0
2026-01-21 18:30:00,Z013,66.0
2026-01-21 19:00:00,Z013,70.0
2026-01-21 19:30:00,Z013,74.0
2026-01-21 20:00:00,Z013,84.0
2026-01-21 20:30:00,Z013,70.0
2026-01-21 21:00:00,Z013,57.0
2026-01-21 21:30:00,Z013,47.0
2026-01-21 22:00:00,Z013,36.0
2026-01-21 22:30:00,Z013,23.0
2026-01-21 23:00:00,Z013,14.0
2026-01-14 23:00:00,Z014,20.0
2026-01-14 23:30:00,Z014,21.0
2026-01-15 00:00:00,Z014,19.0
2026-01-15 00:30:00,Z014,12.0
2026-01-15 01:00:00,Z014,7.0
2026-01-15 01:30:00,Z014,5.0
2026-01-15 02:00:00,Z014,2.0
2026-01-15 02:30:00,Z014,5.0
2026-01-15 03:00:00,Z014,4.0
2026-01-15 03:30:00,Z014,2.0
2026-01-15 04:00:00,Z014,1.0
2026-01-15 04:30:00,Z014,1.0
2026-01-15 05:00:00,Z014,1.0
2026-01-15 05:30:00,Z014,11.0
2026-01-15 06:00:00,Z014,17.0
2026-01-15 06:30:00,Z014,21.0
2026-01-15 07:00:00,Z014,22.0
2026-01-15 07:30:00,Z014,26.0
2026-01-15 08:00:00,Z014,30.0
2026-01-15 08:30:00,Z014,50.0
2026-01-15 09:00:00,Z014,67.0
2026-01-15 09:30:00,Z014,79.0
2026-01-15 10:00:00,Z014,71.0
2026-01-15 10:30:00,Z014,61.0
2026-01-15 11:00:00,Z014,66.0
2026-01-15 11:30:00,Z014,41.0
2026-01-15 12:00:00,Z014,35.0
2026-01-15 12:30:00,Z014,61.0
2026-01-15 13:00:00,Z014,79.0
2026-01-15 13:30:00,Z014,69.0
2026-01-15 14:00:00,Z014,65.0
2026-01-15 14:30:00,Z014,50.0
2026-01-15 15:00:00,Z014,38.0
2026-01-15 15:30:00,Z014,33.0
2026-01-15 16:00:00,Z014,27.0
2026-01-15 16:30:00,Z014,28.0
2026-01-15 17:00:00,Z014,26.0
2026-01-15 17:30:00,Z014,63.0
2026-01-15 18:00:00,Z014,75.0
2026-01-15 18:30:00,Z014,99.0
2026-01-15 19:00:00,Z014,99.0
2026-01-15 19:30:00,Z014,100.0
2026-01-15 20:00:00,Z014,86.0
2026-01-15 20:30:00,Z014,47.0
2026-01-15 21:00:00,Z014,35.0
2026-01-15 21:30:00,Z014,29.0
2026-01-15 22:00:00,Z014,28.0
2026-01-15 22:30:00,Z014,24.0
2026-01-15 23:00:00,Z014,24.0
2026-01-15 23:30:00,Z014,23.0
2026-01-16 00:00:00,Z014,22.0
2026-01-16 00:30:00,Z014,14.0
2026-01-16 01:00:00,Z014,8.0
2026-01-16 01:30:00,Z014,3.0
2026-01-16 02:00:00,Z014,0.0
2026-01-16 02:30:00,Z014,2.0
2026-01-16 03:00:00,Z014,3.0
2026-01-16 03:30:00,Z014,2.0
2026-01-16 04:00:00,Z014,0.0
2026-01-16 04:30:00,Z014,0.0
2026-01-16 05:00:00,Z014,0.0
2026-01-16 05:30:00,Z014,13.0
2026-01-16 06:00:00,Z014,21.0
2026-01-16 06:30:00,Z014,24.0
2026-01-16 07:00:00,Z014,30.0
2026-01-16 07:30:00,Z014,35.0
2026-01-16 08:00:00,Z014,32.0
2026-01-16 08:30:00,Z014,46.0
2026-01-16 09:00:00,Z014,65.0
2026-01-16 09:30:00,Z014,69.0
2026-01-16 10:00:00,Z014,66.0
2026-01-16 10:30:00,Z014,76.0
2026-01-16 11:00:00,Z014,77.0
2026-01-16 11:30:00,Z014,49.0
2026-01-16 12:00:00,Z014,31.0
2026-01-16 12:30:00,Z014,55.0
2026-01-16 13:00:00,Z014,87.0
2026-01-16 13:30:00,Z014,79.0
2026-01-16 14:00:00,Z014,78.0
2026-01-16 14:30:00,Z014,53.0
2026-01-16 15:00:00,Z014,26.0
2026-01-16 15:30:00,Z014,25.0
2026-01-16 16:00:00,Z014,28.0
2026-01-16 16:30:00,Z014,28.0
2026-01-16 17:00:00,Z014,32.0
2026-01-16 17:30:00,Z014,63.0
2026-01-16 18:00:00,Z014,76.0
2026-01-16 18:30:00,Z014,94.0
2026-01-16 19:00:00,Z014,80.0
2026-01-16 19:30:00,Z014,96.0
2026-01-16 20:00:00,Z014,89.0
2026-01-16 20:30:00,Z014,51.0
2026-01-16 21:00:00,Z014,27.0
2026-01-16 21:30:00,Z014,20.0
2026-01-16 22:00:00,Z014,18.0
2026-01-16 22:30:00,Z014,21.0
2026-01-16 23:00:00,Z014,24.0
2026-01-16 23:30:00,Z014,25.0
2026-01-17 00:00:00,Z014,18.0
2026-01-17 00:30:00,Z014,8.0
2026-01-17 01:00:00,Z014,3.0
2026-01-17 01:30:00,Z014,4.0
2026-01-17 02:00:00,Z014,3.0
2026-01-17 02:30:00,Z014,2.0
2026-01-17 03:00:00,Z014,4.0
2026-01-17 03:30:00,Z014,4.0
2026-01-17 04:00:00,Z014,4.0
2026-01-17 04:30:00,Z014,6.0
2026-01-17 05:00:00,Z014,7.0
2026-01-17 05:30:00,Z014,24.0
2026-01-17 06:00:00,Z014,30.0
2026-01-17 06:30:00,Z014,34.0
2026-01-17 07:00:00,Z014,25.0
2026-01-17 07:30:00,Z014,24.0
2026-01-17 08:00:00,Z014,20.0
2026-01-17 08:30:00,Z014,42.0
2026-01-17 09:00:00,Z014,61.0
2026-01-17 09:30:00,Z014,60.0
2026-01-17 10:00:00,Z014,71.0
2026-01-17 10:30:00,Z014,67.0
2026-01-17 11:00:00,Z014,74.0
2026-01-17 11:30:00,Z014,42.0
2026-01-17 12:00:00,Z014,27.0
2026-01-17 12:30:00,Z014,62.0
2026-01-17 13:00:00,Z014,93.0
2026-01-17 13:30:00,Z014,102.0
2026-01-17 14:00:00,Z014,82.0
2026-01-17 14:30:00,Z014,59.0
2026-01-17 15:00:00,Z014,38.0
2026-01-17 15:30:00,Z014,25.0
2026-01-17 16:00:00,Z014,20.0
2026-01-17 16:30:00,Z014,21.0
2026-01-17 17:00:00,Z014,20.0
2026-01-17 17:30:00,Z014,39.0
2026-01-17 18:00:00,Z014,61.0
2026-01-17 18:30:00,Z014,79.0
2026-01-17 19:00:00,Z014,88.0
2026-01-17 19:30:00,Z014,90.0
2026-01-17 20:00:00,Z014,91.0
2026-01-17 20:30:00,Z014,54.0
2026-01-17 21:00:00,Z014,27.0
2026-01-17 21:30:00,Z014,27.0
2026-01-17 22:00:00,Z014,28.0
2026-01-17 22:30:00,Z014,29.0
2026-01-17 23:00:00,Z014,24.0
2026-01-17 23:30:00,Z014,20.0
2026-01-18 00:00:00,Z014,27.0
2026-01-18 00:30:00,Z014,16.0
2026-01-18 01:00:00,Z014,8.0
2026-01-18 01:30:00,Z014,3.0
2026-01-18 02:00:00,Z014,1.0
2026-01-18 02:30:00,Z014,3.0
2026-01-18 03:00:00,Z014,5.0
2026-01-18 03:30:00,Z014,2.0
2026-01-18 04:00:00,Z014,2.0
2026-01-18 04:30:00,Z014,2.0
2026-01-18 05:00:00,Z014,3.0
2026-01-18 05:30:00,Z014,11.0
2026-01-18 06:00:00,Z014,17.0
2026-01-18 06:30:00,Z014,25.0
2026-01-18 07:00:00,Z014,21.0
2026-01-18 07:30:00,Z014,18.0
2026-01-18 08:00:00,Z014,15.0
2026-01-18 08:30:00,Z014,40.0
2026-01-18 09:00:00,Z014,58.0
2026-01-18 09:30:00,Z014,60.0
2026-01-18 10:00:00,Z014,67.0
2026-01-18 10:30:00,Z014,70.0
2026-01-18 11:00:00,Z014,71.0
2026-01-18 11:30:00,Z014,46.0
2026-01-18 12:00:00,Z014,24.0
2026-01-18 12:30:00,Z014,47.0
2026-01-18 13:00:00,Z014,58.0
2026-01-18 13:30:00,Z014,87.0
2026-01-18 14:00:00,Z014,91.0
2026-01-18 14:30:00,Z014,52.0
2026-01-18 15:00:00,Z014,24.0
2026-01-18 15:30:00,Z014,23.0
2026-01-18 16:00:00,Z014,24.0
2026-01-18 16:30:00,Z014,22.0
2026-01-18 17:00:00,Z014,24.0
2026-01-18 17:30:00,Z014,53.0
2026-01-18 18:00:00,Z014,79.0
2026-01-18 18:30:00,Z014,94.0
2026-01-18 19:00:00,Z014,106.0
2026-01-18 19:30:00,Z014,112.0
2026-01-18 20:00:00,Z014,119.0
2026-01-18 20:30:00,Z014,67.0
2026-01-18 21:00:00,Z014,42.0
2026-01-18 21:30:00,Z014,37.0
2026-01-18 22:00:00,Z014,17.0
2026-01-18 22:30:00,Z014,19.0
2026-01-18 23:00:00,Z014,16.0
2026-01-18 23:30:00,Z014,26.0
2026-01-19 00:00:00,Z014,31.0
2026-01-19 00:30:00,Z014,16.0
2026-01-19 01:00:00,Z014,6.0
2026-01-19 01:30:00,Z014,3.0
2026-01-19 02:00:00,Z014,2.0
2026-01-19 02:30:00,Z014,0.0
2026-01-19 03:00:00,Z014,0.0
2026-01-19 03:30:00,Z014,2.0
2026-01-19 04:00:00,Z014,1.0
2026-01-19 04:30:00,Z014,2.0
2026-01-19 05:00:00,Z014,2.0
2026-01-19 05:30:00,Z014,8.0
2026-01-19 06:00:00,Z014,12.0
2026-01-19 06:30:00,Z014,12.0
2026-01-19 07:00:00,Z014,19.0
2026-01-19 07:30:00,Z014,18.0
2026-01-19 08:00:00,Z014,17.0
2026-01-19 08:30:00,Z014,44.0
2026-01-19 09:00:00,Z014,73.0
2026-01-19 09:30:00,Z014,79.0
2026-01-19 10:00:00,Z014,71.0
2026-01-19 10:30:00,Z014,67.0
2026-01-19 11:00:00,Z014,64.0
2026-01-19 11:30:00,Z014,49.0
2026-01-19 12:00:00,Z014,34.0
2026-01-19 12:30:00,Z014,56.0
2026-01-19 13:00:00,Z014,63.0
2026-01-19 13:30:00,Z014,72.0
2026-01-19 14:00:00,Z014,75.0
2026-01-19 14:30:00,Z014,63.0
2026-01-19 15:00:00,Z014,46.0
2026-01-19 15:30:00,Z014,35.0
2026-01-19 16:00:00,Z014,24.0
2026-01-19 16:30:00,Z014,28.0
2026-01-19 17:00:00,Z014,21.0
2026-01-19 17:30:00,Z014,55.0
2026-01-19 18:00:00,Z014,69.0
2026-01-19 18:30:00,Z014,89.0
2026-01-19 19:00:00,Z014,83.0
2026-01-19 19:30:00,Z014,93.0
2026-01-19 20:00:00,Z014,95.0
2026-01-19 20:30:00,Z014,60.0
2026-01-19 21:00:00,Z014,38.0
2026-01-19 21:30:00,Z014,21.0
2026-01-19 22:00:00,Z014,18.0
2026-01-19 22:30:00,Z014,17.0
2026-01-19 23:00:00,Z014,17.0
2026-01-19 23:30:00,Z014,18.0
2026-01-20 00:00:00,Z014,30.0
2026-01-20 00:30:00,Z014,18.0
2026-01-20 01:00:00,Z014,11.0
2026-01-20 01:30:00,Z014,5.0
2026-01-20 02:00:00,Z014,3.0
2026-01-20 02:30:00,Z014,2.0
2026-01-20 03:00:00,Z014,2.0
2026-01-20 03:30:00,Z014,3.0
2026-01-20 04:00:00,Z014,1.0
2026-01-20 04:30:00,Z014,2.0
2026-01-20 05:00:00,Z014,3.0
2026-01-20 05:30:00,Z014,11.0
2026-01-20 06:00:00,Z014,18.0
2026-01-20 06:30:00,Z014,17.0
2026-01-20 07:00:00,Z014,22.0
2026-01-20 07:30:00,Z014,28.0
2026-01-20 08:00:00,Z014,22.0
2026-01-20 08:30:00,Z014,43.0
2026-01-20 09:00:00,Z014,62.0
2026-01-20 09:30:00,Z014,49.0
2026-01-20 10:00:00,Z014,61.0
2026-01-20 10:30:00,Z014,62.0
2026-01-20 11:00:00,Z014,66.0
2026-01-20 11:30:00,Z014,45.0
2026-01-20 12:00:00,Z014,31.0
2026-01-20 12:30:00,Z014,60.0
2026-01-20 13:00:00,Z014,65.0
2026-01-20 13:30:00,Z014,84.0
2026-01-20 14:00:00,Z014,73.0
2026-01-20 14:30:00,Z014,37.0
2026-01-20 15:00:00,Z014,26.0
2026-01-20 15:30:00,Z014,22.0
2026-01-20 16:00:00,Z014,30.0
2026-01-20 16:30:00,Z014,25.0
2026-01-20 17:00:00,Z014,22.0
2026-01-20 17:30:00,Z014,53.0
2026-01-20 18:00:00,Z014,65.0
2026-01-20 18:30:00,Z014,79.0
2026-01-20 19:00:00,Z014,80.0
2026-01-20 19:30:00,Z014,99.0
2026-01-20 20:00:00,Z014,93.0
2026-01-20 20:30:00,Z014,62.0
2026-01-20 21:00:00,Z014,37.0
2026-01-20 21:30:00,Z014,31.0
2026-01-20 22:00:00,Z014,26.0
2026-01-20 22:30:00,Z014,21.0
2026-01-20 23:00:00,Z014,12.0
2026-01-20 23:30:00,Z014,26.0
2026-01-21 00:00:00,Z014,30.0
2026-01-21 00:30:00,Z014,19.0
2026-01-21 01:00:00,Z014,9.0
2026-01-21 01:30:00,Z014,2.0
2026-01-21 02:00:00,Z014,1.0
2026-01-21 02:30:00,Z014,1.0
2026-01-21 03:00:00,Z014,1.0
2026-01-21 03:30:00,Z014,1.0
2026-01-21 04:00:00,Z014,2.0
2026-01-21 04:30:00,Z014,1.0
2026-01-21 05:00:00,Z014,2.0
2026-01-21 05:30:00,Z014,16.0
2026-01-21 06:00:00,Z014,19.0
2026-01-21 06:30:00,Z014,17.0
2026-01-21 07:00:00,Z014,19.0
2026-01-21 07:30:00,Z014,19.0
2026-01-21 08:00:00,Z014,23.0
2026-01-21 08:30:00,Z014,46.0
2026-01-21 09:00:00,Z014,59.0
2026-01-21 09:30:00,Z014,66.0
2026-01-21 10:00:00,Z014,68.0
2026-01-21 10:30:00,Z014,76.0
2026-01-21 11:00:00,Z014,76.0
2026-01-21 11:30:00,Z014,51.0
2026-01-21 12:00:00,Z014,33.0
2026-01-21 12:30:00,Z014,54.0
2026-01-21 13:00:00,Z014,64.0
2026-01-21 13:30:00,Z014,77.0
2026-01-21 14:00:00,Z014,88.0
2026-01-21 14:30:00,Z014,61.0
2026-01-21 15:00:00,Z014,43.0
2026-01-21 15:30:00,Z014,26.0
2026-01-21 16:00:00,Z014,21.0
2026-01-21 16:30:00,Z014,27.0
2026-01-21 17:00:00,Z014,24.0
2026-01-21 17:30:00,Z014,52.0
2026-01-21 18:00:00,Z014,68.0
2026-01-21 18:30:00,Z014,88.0
2026-01-21 19:00:00,Z014,113.0
2026-01-21 19:30:00,Z014,103.0
2026-01-21 20:00:00,Z014,111.0
2026-01-21 20:30:00,Z014,60.0
2026-01-21 21:00:00,Z014,37.0
2026-01-21 21:30:00,Z014,30.0
2026-01-21 22:00:00,Z014,33.0
2026-01-21 22:30:00,Z014,22.0
2026-01-21 23:00:00,Z014,23.0
2026-01-14 23:00:00,Z015,18.0
2026-01-14 23:30:00,Z015,15.0
2026-01-15 00:00:00,Z015,21.0
2026-01-15 00:30:00,Z015,9.0
2026-01-15 01:00:00,Z015,2.0
2026-01-15 01:30:00,Z015,1.0
2026-01-15 02:00:00,Z015,2.0
2026-01-15 02:30:00,Z015,3.0
2026-01-15 03:00:00,Z015,4.0
2026-01-15 03:30:00,Z015,2.0
2026-01-15 04:00:00,Z015,2.0
2026-01-15 04:30:00,Z015,1.0
2026-01-15 05:00:00,Z015,1.0
2026-01-15 05:30:00,Z015,18.0
2026-01-15 06:00:00,Z015,21.0
2026-01-15 06:30:00,Z015,29.0
2026-01-15 07:00:00,Z015,28.0
2026-01-15 07:30:00,Z015,32.0
2026-01-15 08:00:00,Z015,26.0
2026-01-15 08:30:00,Z015,51.0
2026-01-15 09:00:00,Z015,59.0
2026-01-15 09:30:00,Z015,67.0
2026-01-15 10:00:00,Z015,68.0
2026-01-15 10:30:00,Z015,53.0
2026-01-15 11:00:00,Z015,74.0
2026-01-15 11:30:00,Z015,45.0
2026-01-15 12:00:00,Z015,30.0
2026-01-15 12:30:00,Z015,46.0
2026-01-15 13:00:00,Z015,72.0
2026-01-15 13:30:00,Z015,78.0
2026-01-15 14:00:00,Z015,91.0
2026-01-15 14:30:00,Z015,43.0
2026-01-15 15:00:00,Z015,25.0
2026-01-15 15:30:00,Z015,22.0
2026-01-15 16:00:00,Z015,25.0
2026-01-15 16:30:00,Z015,25.0
2026-01-15 17:00:00,Z015,30.0
2026-01-15 17:30:00,Z015,72.0
2026-01-15 18:00:00,Z015,76.0
2026-01-15 18:30:00,Z015,77.0
2026-01-15 19:00:00,Z015,77.0
2026-01-15 19:30:00,Z015,70.0
2026-01-15 20:00:00,Z015,81.0
2026-01-15 20:30:00,Z015,38.0
2026-01-15 21:00:00,Z015,26.0
2026-01-15 21:30:00,Z015,21.0
2026-01-15 22:00:00,Z015,20.0
2026-01-15 22:30:00,Z015,18.0
2026-01-15 23:00:00,Z015,16.0
2026-01-15 23:30:00,Z015,20.0
2026-01-16 00:00:00,Z015,32.0
2026-01-16 00:30:00,Z015,12.0
2026-01-16 01:00:00,Z015,2.0
2026-01-16 01:30:00,Z015,1.0
2026-01-16 02:00:00,Z015,2.0
2026-01-16 02:30:00,Z015,0.0
2026-01-16 03:00:00,Z015,2.0
2026-01-16 03:30:00,Z015,3.0
2026-01-16 04:00:00,Z015,3.0
2026-01-16 04:30:00,Z015,5.0
2026-01-16 05:00:00,Z015,5.0
2026-01-16 05:30:00,Z015,19.0
2026-01-16 06:00:00,Z015,22.0
2026-01-16 06:30:00,Z015,23.0
2026-01-16 07:00:00,Z015,24.0
2026-01-16 07:30:00,Z015,21.0
2026-01-16 08:00:00,Z015,22.0
2026-01-16 08:30:00,Z015,49.0
2026-01-16 09:00:00,Z015,61.0
2026-01-16 09:30:00,Z015,68.0
2026-01-16 10:00:00,Z015,66.0
2026-01-16 10:30:00,Z015,64.0
2026-01-16 11:00:00,Z015,57.0
2026-01-16 11:30:00,Z015,24.0
2026-01-16 12:00:00,Z015,11.0
2026-01-16 12:30:00,Z015,52.0
2026-01-16 13:00:00,Z015,65.0
2026-01-16 13:30:00,Z015,73.0
2026-01-16 14:00:00,Z015,78.0
2026-01-16 14:30:00,Z015,34.0
2026-01-16 15:00:00,Z015,22.0
2026-01-16 15:30:00,Z015,31.0
2026-01-16 16:00:00,Z015,31.0
2026-01-16 16:30:00,Z015,20.0
2026-01-16 17:00:00,Z015,19.0
2026-01-16 17:30:00,Z015,51.0
2026-01-16 18:00:00,Z015,64.0
2026-01-16 18:30:00,Z015,69.0
2026-01-16 19:00:00,Z015,91.0
2026-01-16 19:30:00,Z015,95.0
2026-01-16 20:00:00,Z015,94.0
2026-01-16 20:30:00,Z015,56.0
2026-01-16 21:00:00,Z015,36.0
2026-01-16 21:30:00,Z015,22.0
2026-01-16 22:00:00,Z015,22.0
2026-01-16 22:30:00,Z015,19.0
2026-01-16 23:00:00,Z015,22.0
2026-01-16 23:30:00,Z015,22.0
2026-01-17 00:00:00,Z015,19.0
2026-01-17 00:30:00,Z015,6.0
2026-01-17 01:00:00,Z015,2.0
2026-01-17 01:30:00,Z015,0.0
2026-01-17 02:00:00,Z015,1.0
2026-01-17 02:30:00,Z015,1.0
2026-01-17 03:00:00,Z015,2.0
2026-01-17 03:30:00,Z015,0.0
2026-01-17 04:00:00,Z015,2.0
2026-01-17 04:30:00,Z015,1.0
2026-01-17 05:00:00,Z015,0.0
2026-01-17 05:30:00,Z015,15.0
2026-01-17 06:00:00,Z015,19.0
2026-01-17 06:30:00,Z015,18.0
2026-01-17 07:00:00,Z015,25.0
2026-01-17 07:30:00,Z015,24.0
2026-01-17 08:00:00,Z015,22.0
2026-01-17 08:30:00,Z015,45.0
2026-01-17 09:00:00,Z015,64.0
2026-01-17 09:30:00,Z015,70.0
2026-01-17 10:00:00,Z015,57.0
2026-01-17 10:30:00,Z015,67.0
2026-01-17 11:00:00,Z015,81.0
2026-01-17 11:30:00,Z015,43.0
2026-01-17 12:00:00,Z015,35.0
2026-01-17 12:30:00,Z015,50.0
2026-01-17 13:00:00,Z015,78.0
2026-01-17 13:30:00,Z015,71.0
2026-01-17 14:00:00,Z015,67.0
2026-01-17 14:30:00,Z015,44.0
2026-01-17 15:00:00,Z015,22.0
2026-01-17 15:30:00,Z015,23.0
2026-01-17 16:00:00,Z015,24.0
2026-01-17 16:30:00,Z015,24.0
2026-01-17 17:00:00,Z015,23.0
2026-01-17 17:30:00,Z015,51.0
2026-01-17 18:00:00,Z015,81.0
2026-01-17 18:30:00,Z015,84.0
2026-01-17 19:00:00,Z015,85.0
2026-01-17 19:30:00,Z015,93.0
2026-01-17 20:00:00,Z015,94.0
2026-01-17 20:30:00,Z015,55.0
2026-01-17 21:00:00,Z015,26.0
2026-01-17 21:30:00,Z015,20.0
2026-01-17 22:00:00,Z015,27.0
2026-01-17 22:30:00,Z015,27.0
2026-01-17 23:00:00,Z015,25.0
2026-01-17 23:30:00,Z015,24.0
2026-01-18 00:00:00,Z015,27.0
2026-01-18 00:30:00,Z015,10.0
2026-01-18 01:00:00,Z015,4.0
2026-01-18 01:30:00,Z015,4.0
2026-01-18 02:00:00,Z015,7.0
2026-01-18 02:30:00,Z015,4.0
2026-01-18 03:00:00,Z015,3.0
2026-01-18 03:30:00,Z015,3.0
2026-01-18 04:00:00,Z015,3.0
2026-01-18 04:30:00,Z015,1.0
2026-01-18 05:00:00,Z015,1.0
2026-01-18 05:30:00,Z015,13.0
2026-01-18 06:00:00,Z015,22.0
2026-01-18 06:30:00,Z015,24.0
2026-01-18 07:00:00,Z015,23.0
2026-01-18 07:30:00,Z015,16.0
2026-01-18 08:00:00,Z015,22.0
2026-01-18 08:30:00,Z015,43.0
2026-01-18 09:00:00,Z015,60.0
2026-01-18 09:30:00,Z015,67.0
2026-01-18 10:00:00,Z015,55.0
2026-01-18 10:30:00,Z015,47.0
2026-01-18 11:00:00,Z015,53.0
2026-01-18 11:30:00,Z015,35.0
2026-01-18 12:00:00,Z015,33.0
2026-01-18 12:30:00,Z015,53.0
2026-01-18 13:00:00,Z015,66.0
2026-01-18 13:30:00,Z015,72.0
2026-01-18 14:00:00,Z015,74.0
2026-01-18 14:30:00,Z015,42.0
2026-01-18 15:00:00,Z015,32.0
2026-01-18 15:30:00,Z015,17.0
2026-01-18 16:00:00,Z015,21.0
2026-01-18 16:30:00,Z015,21.0
2026-01-18 17:00:00,Z015,18.0
2026-01-18 17:30:00,Z015,65.0
2026-01-18 18:00:00,Z015,75.0
2026-01-18 18:30:00,Z015,71.0
2026-01-18 19:00:00,Z015,92.0
2026-01-18 19:30:00,Z015,90.0
2026-01-18 20:00:00,Z015,82.0
2026-01-18 20:30:00,Z015,63.0
2026-01-18 21:00:00,Z015,39.0
2026-01-18 21:30:00,Z015,22.0
2026-01-18 22:00:00,Z015,20.0
2026-01-18 22:30:00,Z015,31.0
2026-01-18 23:00:00,Z015,27.0
2026-01-18 23:30:00,Z015,22.0
2026-01-19 00:00:00,Z015,16.0
2026-01-19 00:30:00,Z015,9.0
2026-01-19 01:00:00,Z015,5.0
2026-01-19 01:30:00,Z015,1.0
2026-01-19 02:00:00,Z015,1.0
2026-01-19 02:30:00,Z015,1.0
2026-01-19 03:00:00,Z015,4.0
2026-01-19 03:30:00,Z015,4.0
2026-01-19 04:00:00,Z015,2.0
2026-01-19 04:30:00,Z015,1.0
2026-01-19 05:00:00,Z015,0.0
2026-01-19 05:30:00,Z015,9.0
2026-01-19 06:00:00,Z015,19.0
2026-01-19 06:30:00,Z015,20.0
2026-01-19 07:00:00,Z015,12.0
2026-01-19 07:30:00,Z015,12.0
2026-01-19 08:00:00,Z015,20.0
2026-01-19 08:30:00,Z015,55.0
2026-01-19 09:00:00,Z015,47.0
2026-01-19 09:30:00,Z015,52.0
2026-01-19 10:00:00,Z015,52.0
2026-01-19 10:30:00,Z015,68.0
2026-01-19 11:00:00,Z015,70.0
2026-01-19 11:30:00,Z015,37.0
2026-01-19 12:00:00,Z015,24.0
2026-01-19 12:30:00,Z015,58.0
2026-01-19 13:00:00,Z015,63.0
2026-01-19 13:30:00,Z015,78.0
2026-01-19 14:00:00,Z015,79.0
2026-01-19 14:30:00,Z015,57.0
2026-01-19 15:00:00,Z015,30.0
2026-01-19 15:30:00,Z015,21.0
2026-01-19 16:00:00,Z015,21.0
2026-01-19 16:30:00,Z015,17.0
2026-01-19 17:00:00,Z015,14.0
2026-01-19 17:30:00,Z015,60.0
2026-01-19 18:00:00,Z015,77.0
2026-01-19 18:30:00,Z015,96.0
2026-01-19 19:00:00,Z015,85.0
2026-01-19 19:30:00,Z015,87.0
2026-01-19 20:00:00,Z015,86.0
2026-01-19 20:30:00,Z015,62.0
2026-01-19 21:00:00,Z015,36.0
2026-01-19 21:30:00,Z015,27.0
2026-01-19 22:00:00,Z015,25.0
2026-01-19 22:30:00,Z015,24.0
2026-01-19 23:00:00,Z015,20.0
2026-01-19 23:30:00,Z015,23.0
2026-01-20 00:00:00,Z015,21.0
2026-01-20 00:30:00,Z015,12.0
2026-01-20 01:00:00,Z015,4.0
2026-01-20 01:30:00,Z015,1.0
2026-01-20 02:00:00,Z015,4.0
2026-01-20 02:30:00,Z015,5.0
2026-01-20 03:00:00,Z015,3.0
2026-01-20 03:30:00,Z015,1.0
2026-01-20 04:00:00,Z015,3.0
2026-01-20 04:30:00,Z015,2.0
2026-01-20 05:00:00,Z015,2.0
2026-01-20 05:30:00,Z015,10.0
2026-01-20 06:00:00,Z015,21.0
2026-01-20 06:30:00,Z015,25.0
2026-01-20 07:00:00,Z015,25.0
2026-01-20 07:30:00,Z015,20.0
2026-01-20 08:00:00,Z015,17.0
2026-01-20 08:30:00,Z015,31.0
2026-01-20 09:00:00,Z015,58.0
2026-01-20 09:30:00,Z015,65.0
2026-01-20 10:00:00,Z015,52.0
2026-01-20 10:30:00,Z015,55.0
2026-01-20 11:00:00,Z015,54.0
2026-01-20 11:30:00,Z015,36.0
2026-01-20 12:00:00,Z015,20.0
2026-01-20 12:30:00,Z015,38.0
2026-01-20 13:00:00,Z015,57.0
2026-01-20 13:30:00,Z015,66.0
2026-01-20 14:00:00,Z015,77.0
2026-01-20 14:30:00,Z015,38.0
2026-01-20 15:00:00,Z015,28.0
2026-01-20 15:30:00,Z015,30.0
2026-01-20 16:00:00,Z015,26.0
2026-01-20 16:30:00,Z015,20.0
2026-01-20 17:00:00,Z015,18.0
2026-01-20 17:30:00,Z015,52.0
2026-01-20 18:00:00,Z015,73.0
2026-01-20 18:30:00,Z015,70.0
2026-01-20 19:00:00,Z015,77.0
2026-01-20 19:30:00,Z015,77.0
2026-01-20 20:00:00,Z015,99.0
2026-01-20 20:30:00,Z015,35.0
2026-01-20 21:00:00,Z015,32.0
2026-01-20 21:30:00,Z015,21.0
2026-01-20 22:00:00,Z015,18.0
2026-01-20 22:30:00,Z015,19.0
2026-01-20 23:00:00,Z015,24.0
2026-01-20 23:30:00,Z015,20.0
2026-01-21 00:00:00,Z015,18.0
2026-01-21 00:30:00,Z015,8.0
2026-01-21 01:00:00,Z015,2.0
2026-01-21 01:30:00,Z015,4.0
2026-01-21 02:00:00,Z015,3.0
2026-01-21 02:30:00,Z015,5.0
2026-01-21 03:00:00,Z015,2.0
2026-01-21 03:30:00,Z015,4.0
2026-01-21 04:00:00,Z015,5.0
2026-01-21 04:30:00,Z015,5.0
2026-01-21 05:00:00,Z015,6.0
2026-01-21 05:30:00,Z015,13.0
2026-01-21 06:00:00,Z015,22.0
2026-01-21 06:30:00,Z015,24.0
2026-01-21 07:00:00,Z015,22.0
2026-01-21 07:30:00,Z015,22.0
2026-01-21 08:00:00,Z015,25.0
2026-01-21 08:30:00,Z015,49.0
2026-01-21 09:00:00,Z015,73.0
2026-01-21 09:30:00,Z015,74.0
2026-01-21 10:00:00,Z015,67.0
2026-01-21 10:30:00,Z015,69.0
2026-01-21 11:00:00,Z015,61.0
2026-01-21 11:30:00,Z015,32.0
2026-01-21 12:00:00,Z015,26.0
2026-01-21 12:30:00,Z015,54.0
2026-01-21 13:00:00,Z015,82.0
2026-01-21 13:30:00,Z015,78.0
2026-01-21 14:00:00,Z015,71.0
2026-01-21 14:30:00,Z015,45.0
2026-01-21 15:00:00,Z015,27.0
2026-01-21 15:30:00,Z015,21.0
2026-01-21 16:00:00,Z015,13.0
2026-01-21 16:30:00,Z015,13.0
2026-01-21 17:00:00,Z015,15.0
2026-01-21 17:30:00,Z015,70.0
2026-01-21 18:00:00,Z015,84.0
2026-01-21 18:30:00,Z015,80.0
2026-01-21 19:00:00,Z015,95.0
2026-01-21 19:30:00,Z015,83.0
2026-01-21 20:00:00,Z015,75.0
2026-01-21 20:30:00,Z015,47.0
2026-01-21 21:00:00,Z015,25.0
2026-01-21 21:30:00,Z015,23.0
2026-01-21 22:00:00,Z015,26.0
2026-01-21 22:30:00,Z015,19.0
2026-01-21 23:00:00,Z015,24.0
2026-01-14 23:00:00,Z016,18.0
2026-01-14 23:30:00,Z016,14.0
2026-01-15 00:00:00,Z016,18.0
2026-01-15 00:30:00,Z016,7.0
2026-01-15 01:00:00,Z016,5.0
2026-01-15 01:30:00,Z016,5.0
2026-01-15 02:00:00,Z016,6.0
2026-01-15 02:30:00,Z016,3.0
2026-01-15 03:00:00,Z016,4.0
2026-01-15 03:30:00,Z016,3.0
2026-01-15 04:00:00,Z016,4.0
2026-01-15 04:30:00,Z016,8.0
2026-01-15 05:00:00,Z016,5.0
2026-01-15 05:30:00,Z016,15.0
2026-01-15 06:00:00,Z016,18.0
2026-01-15 06:30:00,Z016,17.0
2026-01-15 07:00:00,Z016,20.0
2026-01-15 07:30:00,Z016,19.0
2026-01-15 08:00:00,Z016,21.0
2026-01-15 08:30:00,Z016,41.0
2026-01-15 09:00:00,Z016,61.0
2026-01-15 09:30:00,Z016,64.0
2026-01-15 10:00:00,Z016,67.0
2026-01-15 10:30:00,Z016,68.0
2026-01-15 11:00:00,Z016,64.0
2026-01-15 11:30:00,Z016,42.0
2026-01-15 12:00:00,Z016,27.0
2026-01-15 12:30:00,Z016,43.0
2026-01-15 13:00:00,Z016,57.0
2026-01-15 13:30:00,Z016,56.0
2026-01-15 14:00:00,Z016,69.0
2026-01-15 14:30:00,Z016,32.0
2026-01-15 15:00:00,Z016,26.0
2026-01-15 15:30:00,Z016,21.0
2026-01-15 16:00:00,Z016,22.0
2026-01-15 16:30:00,Z016,17.0
2026-01-15 17:00:00,Z016,13.0
2026-01-15 17:30:00,Z016,58.0
2026-01-15 18:00:00,Z016,77.0
2026-01-15 18:30:00,Z016,92.0
2026-01-15 19:00:00,Z016,88.0
2026-01-15 19:30:00,Z016,74.0
2026-01-15 20:00:00,Z016,82.0
2026-01-15 20:30:00,Z016,56.0
2026-01-15 21:00:00,Z016,36.0
2026-01-15 21:30:00,Z016,26.0
2026-01-15 22:00:00,Z016,24.0
2026-01-15 22:30:00,Z016,27.0
2026-01-15 23:00:00,Z016,29.0
2026-01-15 23:30:00,Z016,19.0
2026-01-16 00:00:00,Z016,20.0
2026-01-16 00:30:00,Z016,11.0
2026-01-16 01:00:00,Z016,5.0
2026-01-16 01:30:00,Z016,0.0
2026-01-16 02:00:00,Z016,2.0
2026-01-16 02:30:00,Z016,1.0
2026-01-16 03:00:00,Z016,1.0
2026-01-16 03:30:00,Z016,3.0
2026-01-16 04:00:00,Z016,2.0
2026-01-16 04:30:00,Z016,2.0
2026-01-16 05:00:00,Z016,2.0
2026-01-16 05:30:00,Z016,17.0
2026-01-16 06:00:00,Z016,18.0
2026-01-16 06:30:00,Z016,18.0
2026-01-16 07:00:00,Z016,16.0
2026-01-16 07:30:00,Z016,29.0
2026-01-16 08:00:00,Z016,27.0
2026-01-16 08:30:00,Z016,40.0
2026-01-16 09:00:00,Z016,48.0
2026-01-16 09:30:00,Z016,64.0
2026-01-16 10:00:00,Z016,70.0
2026-01-16 10:30:00,Z016,71.0
2026-01-16 11:00:00,Z016,73.0
2026-01-16 11:30:00,Z016,40.0
2026-01-16 12:00:00,Z016,25.0
2026-01-16 12:30:00,Z016,56.0
2026-01-16 13:00:00,Z016,81.0
2026-01-16 13:30:00,Z016,78.0
2026-01-16 14:00:00,Z016,78.0
2026-01-16 14:30:00,Z016,57.0
2026-01-16 15:00:00,Z016,38.0
2026-01-16 15:30:00,Z016,13.0
2026-01-16 16:00:00,Z016,16.0
2026-01-16 16:30:00,Z016,21.0
2026-01-16 17:00:00,Z016,20.0
2026-01-16 17:30:00,Z016,60.0
2026-01-16 18:00:00,Z016,67.0
2026-01-16 18:30:00,Z016,69.0
2026-01-16 19:00:00,Z016,72.0
2026-01-16 19:30:00,Z016,74.0
2026-01-16 20:00:00,Z016,70.0
2026-01-16 20:30:00,Z016,43.0
2026-01-16 21:00:00,Z016,20.0
2026-01-16 21:30:00,Z016,23.0
2026-01-16 22:00:00,Z016,27.0
2026-01-16 22:30:00,Z016,31.0
2026-01-16 23:00:00,Z016,18.0
2026-01-16 23:30:00,Z016,22.0
2026-01-17 00:00:00,Z016,20.0
2026-01-17 00:30:00,Z016,9.0
2026-01-17 01:00:00,Z016,7.0
2026-01-17 01:30:00,Z016,7.0
2026-01-17 02:00:00,Z016,3.0
2026-01-17 02:30:00,Z016,2.0
2026-01-17 03:00:00,Z016,1.0
2026-01-17 03:30:00,Z016,1.0
2026-01-17 04:00:00,Z016,1.0
2026-01-17 04:30:00,Z016,1.0
2026-01-17 05:00:00,Z016,3.0
2026-01-17 05:30:00,Z016,17.0
2026-01-17 06:00:00,Z016,17.0
2026-01-17 06:30:00,Z016,22.0
2026-01-17 07:00:00,Z016,24.0
2026-01-17 07:30:00,Z016,20.0
2026-01-17 08:00:00,Z016,18.0
2026-01-17 08:30:00,Z016,42.0
2026-01-17 09:00:00,Z016,65.0
2026-01-17 09:30:00,Z016,80.0
2026-01-17 10:00:00,Z016,78.0
2026-01-17 10:30:00,Z016,69.0
2026-01-17 11:00:00,Z016,51.0
2026-01-17 11:30:00,Z016,35.0
2026-01-17 12:00:00,Z016,24.0
2026-01-17 12:30:00,Z016,43.0
2026-01-17 13:00:00,Z016,60.0
2026-01-17 13:30:00,Z016,56.0
2026-01-17 14:00:00,Z016,63.0
2026-01-17 14:30:00,Z016,40.0
2026-01-17 15:00:00,Z016,25.0
2026-01-17 15:30:00,Z016,22.0
2026-01-17 16:00:00,Z016,22.0
2026-01-17 16:30:00,Z016,20.0
2026-01-17 17:00:00,Z016,22.0
2026-01-17 17:30:00,Z016,64.0
2026-01-17 18:00:00,Z016,79.0
2026-01-17 18:30:00,Z016,75.0
2026-01-17 19:00:00,Z016,76.0
2026-01-17 19:30:00,Z016,61.0
2026-01-17 20:00:00,Z016,84.0
2026-01-17 20:30:00,Z016,53.0
2026-01-17 21:00:00,Z016,41.0
2026-01-17 21:30:00,Z016,25.0
2026-01-17 22:00:00,Z016,20.0
2026-01-17 22:30:00,Z016,16.0
2026-01-17 23:00:00,Z016,18.0
2026-01-17 23:30:00,Z016,26.0
2026-01-18 00:00:00,Z016,25.0
2026-01-18 00:30:00,Z016,14.0
2026-01-18 01:00:00,Z016,9.0
2026-01-18 01:30:00,Z016,2.0
2026-01-18 02:00:00,Z016,3.0
2026-01-18 02:30:00,Z016,3.0
2026-01-18 03:00:00,Z016,2.0
2026-01-18 03:30:00,Z016,1.0
2026-01-18 04:00:00,Z016,1.0
2026-01-18 04:30:00,Z016,4.0
2026-01-18 05:00:00,Z016,4.0
2026-01-18 05:30:00,Z016,20.0
2026-01-18 06:00:00,Z016,32.0
2026-01-18 06:30:00,Z016,32.0
2026-01-18 07:00:00,Z016,21.0
2026-01-18 07:30:00,Z016,18.0
2026-01-18 08:00:00,Z016,22.0
2026-01-18 08:30:00,Z016,42.0
2026-01-18 09:00:00,Z016,51.0
2026-01-18 09:30:00,Z016,64.0
2026-01-18 10:00:00,Z016,73.0
2026-01-18 10:30:00,Z016,63.0
2026-01-18 11:00:00,Z016,58.0
2026-01-18 11:30:00,Z016,39.0
2026-01-18 12:00:00,Z016,28.0
2026-01-18 12:30:00,Z016,55.0
2026-01-18 13:00:00,Z016,68.0
2026-01-18 13:30:00,Z016,71.0
2026-01-18 14:00:00,Z016,59.0
2026-01-18 14:30:00,Z016,33.0
2026-01-18 15:00:00,Z016,30.0
2026-01-18 15:30:00,Z016,27.0
2026-01-18 16:00:00,Z016,23.0
2026-01-18 16:30:00,Z016,19.0
2026-01-18 17:00:00,Z016,18.0
2026-01-18 17:30:00,Z016,44.0
2026-01-18 18:00:00,Z016,70.0
2026-01-18 18:30:00,Z016,84.0
2026-01-18 19:00:00,Z016,88.0
2026-01-18 19:30:00,Z016,75.0
2026-01-18 20:00:00,Z016,72.0
2026-01-18 20:30:00,Z016,43.0
2026-01-18 21:00:00,Z016,37.0
2026-01-18 21:30:00,Z016,29.0
2026-01-18 22:00:00,Z016,19.0
2026-01-18 22:30:00,Z016,24.0
2026-01-18 23:00:00,Z016,27.0
2026-01-18 23:30:00,Z016,36.0
2026-01-19 00:00:00,Z016,29.0
2026-01-19 00:30:00,Z016,13.0
2026-01-19 01:00:00,Z016,6.0
2026-01-19 01:30:00,Z016,4.0
2026-01-19 02:00:00,Z016,3.0
2026-01-19 02:30:00,Z016,6.0
2026-01-19 03:00:00,Z016,3.0
2026-01-19 03:30:00,Z016,4.0
2026-01-19 04:00:00,Z016,0.0
2026-01-19 04:30:00,Z016,2.0
2026-01-19 05:00:00,Z016,3.0
2026-01-19 05:30:00,Z016,19.0
2026-01-19 06:00:00,Z016,24.0
2026-01-19 06:30:00,Z016,20.0
2026-01-19 07:00:00,Z016,23.0
2026-01-19 07:30:00,Z016,16.0
2026-01-19 08:00:00,Z016,19.0
2026-01-19 08:30:00,Z016,40.0
2026-01-19 09:00:00,Z016,46.0
2026-01-19 09:30:00,Z016,71.0
2026-01-19 10:00:00,Z016,70.0
2026-01-19 10:30:00,Z016,69.0
2026-01-19 11:00:00,Z016,66.0
2026-01-19 11:30:00,Z016,40.0
2026-01-19 12:00:00,Z016,24.0
2026-01-19 12:30:00,Z016,49.0
2026-01-19 13:00:00,Z016,72.0
2026-01-19 13:30:00,Z016,70.0
2026-01-19 14:00:00,Z016,67.0
2026-01-19 14:30:00,Z016,50.0
2026-01-19 15:00:00,Z016,34.0
2026-01-19 15:30:00,Z016,33.0
2026-01-19 16:00:00,Z016,29.0
2026-01-19 16:30:00,Z016,25.0
2026-01-19 17:00:00,Z016,29.0
2026-01-19 17:30:00,Z016,65.0
2026-01-19 18:00:00,Z016,77.0
2026-01-19 18:30:00,Z016,81.0
2026-01-19 19:00:00,Z016,71.0
2026-01-19 19:30:00,Z016,67.0
2026-01-19 20:00:00,Z016,76.0
2026-01-19 20:30:00,Z016,44.0
2026-01-19 21:00:00,Z016,27.0
2026-01-19 21:30:00,Z016,21.0
2026-01-19 22:00:00,Z016,20.0
2026-01-19 22:30:00,Z016,27.0
2026-01-19 23:00:00,Z016,26.0
2026-01-19 23:30:00,Z016,29.0
2026-01-20 00:00:00,Z016,27.0
2026-01-20 00:30:00,Z016,12.0
2026-01-20 01:00:00,Z016,6.0
2026-01-20 01:30:00,Z016,5.0
2026-01-20 02:00:00,Z016,8.0
2026-01-20 02:30:00,Z016,5.0
2026-01-20 03:00:00,Z016,0.0
2026-01-20 03:30:00,Z016,1.0
2026-01-20 04:00:00,Z016,1.0
2026-01-20 04:30:00,Z016,2.0
2026-01-20 05:00:00,Z016,3.0
2026-01-20 05:30:00,Z016,13.0
2026-01-20 06:00:00,Z016,18.0
2026-01-20 06:30:00,Z016,16.0
2026-01-20 07:00:00,Z016,24.0
2026-01-20 07:30:00,Z016,28.0
2026-01-20 08:00:00,Z016,22.0
2026-01-20 08:30:00,Z016,37.0
2026-01-20 09:00:00,Z016,55.0
2026-01-20 09:30:00,Z016,68.0
2026-01-20 10:00:00,Z016,59.0
2026-01-20 10:30:00,Z016,66.0
2026-01-20 11:00:00,Z016,63.0
2026-01-20 11:30:00,Z016,40.0
2026-01-20 12:00:00,Z016,36.0
2026-01-20 12:30:00,Z016,67.0
2026-01-20 13:00:00,Z016,75.0
2026-01-20 13:30:00,Z016,68.0
2026-01-20 14:00:00,Z016,76.0
2026-01-20 14:30:00,Z016,62.0
2026-01-20 15:00:00,Z016,44.0
2026-01-20 15:30:00,Z016,36.0
2026-01-20 16:00:00,Z016,39.0
2026-01-20 16:30:00,Z016,22.0
2026-01-20 17:00:00,Z016,15.0
2026-01-20 17:30:00,Z016,58.0
2026-01-20 18:00:00,Z016,84.0
2026-01-20 18:30:00,Z016,101.0
2026-01-20 19:00:00,Z016,87.0
2026-01-20 19:30:00,Z016,80.0
2026-01-20 20:00:00,Z016,79.0
2026-01-20 20:30:00,Z016,45.0
2026-01-20 21:00:00,Z016,42.0
2026-01-20 21:30:00,Z016,31.0
2026-01-20 22:00:00,Z016,29.0
2026-01-20 22:30:00,Z016,22.0
2026-01-20 23:00:00,Z016,21.0
2026-01-20 23:30:00,Z016,17.0
2026-01-21 00:00:00,Z016,19.0
2026-01-21 00:30:00,Z016,10.0
2026-01-21 01:00:00,Z016,7.0
2026-01-21 01:30:00,Z016,3.0
2026-01-21 02:00:00,Z016,4.0
2026-01-21 02:30:00,Z016,4.0
2026-01-21 03:00:00,Z016,2.0
2026-01-21 03:30:00,Z016,1.0
2026-01-21 04:00:00,Z016,2.0
2026-01-21 04:30:00,Z016,4.0
2026-01-21 05:00:00,Z016,3.0
2026-01-21 05:30:00,Z016,10.0
2026-01-21 06:00:00,Z016,20.0
2026-01-21 06:30:00,Z016,25.0
2026-01-21 07:00:00,Z016,20.0
2026-01-21 07:30:00,Z016,24.0
2026-01-21 08:00:00,Z016,19.0
2026-01-21 08:30:00,Z016,47.0
2026-01-21 09:00:00,Z016,59.0
2026-01-21 09:30:00,Z016,46.0
2026-01-21 10:00:00,Z016,55.0
2026-01-21 10:30:00,Z016,60.0
2026-01-21 11:00:00,Z016,65.0
2026-01-21 11:30:00,Z016,43.0
2026-01-21 12:00:00,Z016,39.0
2026-01-21 12:30:00,Z016,56.0
2026-01-21 13:00:00,Z016,72.0
2026-01-21 13:30:00,Z016,74.0
2026-01-21 14:00:00,Z016,80.0
2026-01-21 14:30:00,Z016,47.0
2026-01-21 15:00:00,Z016,25.0
2026-01-21 15:30:00,Z016,24.0
2026-01-21 16:00:00,Z016,26.0
2026-01-21 16:30:00,Z016,31.0
2026-01-21 17:00:00,Z016,28.0
2026-01-21 17:30:00,Z016,54.0
2026-01-21 18:00:00,Z016,74.0
2026-01-21 18:30:00,Z016,95.0
2026-01-21 19:00:00,Z016,93.0
2026-01-21 19:30:00,Z016,95.0
2026-01-21 20:00:00,Z016,88.0
2026-01-21 20:30:00,Z016,56.0
2026-01-21 21:00:00,Z016,33.0
2026-01-21 21:30:00,Z016,25.0
2026-01-21 22:00:00,Z016,20.0
2026-01-21 22:30:00,Z016,20.0
2026-01-21 23:00:00,Z016,21.0
2026-01-14 23:00:00,Z017,18.0
2026-01-14 23:30:00,Z017,19.0
2026-01-15 00:00:00,Z017,20.0
2026-01-15 00:30:00,Z017,15.0
2026-01-15 01:00:00,Z017,12.0
2026-01-15 01:30:00,Z017,7.0
2026-01-15 02:00:00,Z017,4.0
2026-01-15 02:30:00,Z017,2.0
2026-01-15 03:00:00,Z017,0.0
2026-01-15 03:30:00,Z017,0.0
2026-01-15 04:00:00,Z017,1.0
2026-01-15 04:30:00,Z017,1.0
2026-01-15 05:00:00,Z017,1.0
2026-01-15 05:30:00,Z017,4.0
2026-01-15 06:00:00,Z017,10.0
2026-01-15 06:30:00,Z017,14.0
2026-01-15 07:00:00,Z017,12.0
2026-01-15 07:30:00,Z017,11.0
2026-01-15 08:00:00,Z017,13.0
2026-01-15 08:30:00,Z017,18.0
2026-01-15 09:00:00,Z017,27.0
2026-01-15 09:30:00,Z017,39.0
2026-01-15 10:00:00,Z017,37.0
2026-01-15 10:30:00,Z017,48.0
2026-01-15 11:00:00,Z017,48.0
2026-01-15 11:30:00,Z017,41.0
2026-01-15 12:00:00,Z017,28.0
2026-01-15 12:30:00,Z017,31.0
2026-01-15 13:00:00,Z017,39.0
2026-01-15 13:30:00,Z017,39.0
2026-01-15 14:00:00,Z017,42.0
2026-01-15 14:30:00,Z017,33.0
2026-01-15 15:00:00,Z017,26.0
2026-01-15 15:30:00,Z017,25.0
2026-01-15 16:00:00,Z017,23.0
2026-01-15 16:30:00,Z017,17.0
2026-01-15 17:00:00,Z017,17.0
2026-01-15 17:30:00,Z017,30.0
2026-01-15 18:00:00,Z017,50.0
2026-01-15 18:30:00,Z017,54.0
2026-01-15 19:00:00,Z017,54.0
2026-01-15 19:30:00,Z017,61.0
2026-01-15 20:00:00,Z017,66.0
2026-01-15 20:30:00,Z017,52.0
2026-01-15 21:00:00,Z017,41.0
2026-01-15 21:30:00,Z017,39.0
2026-01-15 22:00:00,Z017,29.0
2026-01-15 22:30:00,Z017,21.0
2026-01-15 23:00:00,Z017,18.0
2026-01-15 23:30:00,Z017,14.0
2026-01-16 00:00:00,Z017,17.0
2026-01-16 00:30:00,Z017,14.0
2026-01-16 01:00:00,Z017,11.0
2026-01-16 01:30:00,Z017,9.0
2026-01-16 02:00:00,Z017,4.0
2026-01-16 02:30:00,Z017,6.0
2026-01-16 03:00:00,Z017,5.0
2026-01-16 03:30:00,Z017,3.0
2026-01-16 04:00:00,Z017,3.0
2026-01-16 04:30:00,Z017,3.0
2026-01-16 05:00:00,Z017,3.0
2026-01-16 05:30:00,Z017,6.0
2026-01-16 06:00:00,Z017,8.0
2026-01-16 06:30:00,Z017,9.0
2026-01-16 07:00:00,Z017,10.0
2026-01-16 07:30:00,Z017,13.0
2026-01-16 08:00:00,Z017,18.0
2026-01-16 08:30:00,Z017,22.0
2026-01-16 09:00:00,Z017,29.0
2026-01-16 09:30:00,Z017,32.0
2026-01-16 10:00:00,Z017,37.0
2026-01-16 10:30:00,Z017,44.0
2026-01-16 11:00:00,Z017,47.0
2026-01-16 11:30:00,Z017,36.0
2026-01-16 12:00:00,Z017,30.0
2026-01-16 12:30:00,Z017,34.0
2026-01-16 13:00:00,Z017,31.0
2026-01-16 13:30:00,Z017,29.0
2026-01-16 14:00:00,Z017,36.0
2026-01-16 14:30:00,Z017,32.0
2026-01-16 15:00:00,Z017,29.0
2026-01-16 15:30:00,Z017,25.0
2026-01-16 16:00:00,Z017,16.0
2026-01-16 16:30:00,Z017,16.0
2026-01-16 17:00:00,Z017,12.0
2026-01-16 17:30:00,Z017,25.0
2026-01-16 18:00:00,Z017,31.0
2026-01-16 18:30:00,Z017,28.0
2026-01-16 19:00:00,Z017,41.0
2026-01-16 19:30:00,Z017,49.0
2026-01-16 20:00:00,Z017,51.0
2026-01-16 20:30:00,Z017,38.0
2026-01-16 21:00:00,Z017,32.0
2026-01-16 21:30:00,Z017,26.0
2026-01-16 22:00:00,Z017,23.0
2026-01-16 22:30:00,Z017,21.0
2026-01-16 23:00:00,Z017,14.0
2026-01-16 23:30:00,Z017,10.0
2026-01-17 00:00:00,Z017,12.0
2026-01-17 00:30:00,Z017,8.0
2026-01-17 01:00:00,Z017,4.0
2026-01-17 01:30:00,Z017,4.0
2026-01-17 02:00:00,Z017,2.0
2026-01-17 02:30:00,Z017,1.0
2026-01-17 03:00:00,Z017,1.0
2026-01-17 03:30:00,Z017,1.0
2026-01-17 04:00:00,Z017,1.0
2026-01-17 04:30:00,Z017,2.0
2026-01-17 05:00:00,Z017,2.0
2026-01-17 05:30:00,Z017,5.0
2026-01-17 06:00:00,Z017,6.0
2026-01-17 06:30:00,Z017,9.0
2026-01-17 07:00:00,Z017,11.0
2026-01-17 07:30:00,Z017,15.0
2026-01-17 08:00:00,Z017,13.0
2026-01-17 08:30:00,Z017,19.0
2026-01-17 09:00:00,Z017,32.0
2026-01-17 09:30:00,Z017,41.0
2026-01-17 10:00:00,Z017,46.0
2026-01-17 10:30:00,Z017,48.0
2026-01-17 11:00:00,Z017,41.0
2026-01-17 11:30:00,Z017,34.0
2026-01-17 12:00:00,Z017,27.0
2026-01-17 12:30:00,Z017,33.0
2026-01-17 13:00:00,Z017,36.0
2026-01-17 13:30:00,Z017,37.0
2026-01-17 14:00:00,Z017,42.0
2026-01-17 14:30:00,Z017,33.0
2026-01-17 15:00:00,Z017,24.0
2026-01-17 15:30:00,Z017,21.0
2026-01-17 16:00:00,Z017,22.0
2026-01-17 16:30:00,Z017,19.0
2026-01-17 17:00:00,Z017,19.0
2026-01-17 17:30:00,Z017,32.0
2026-01-17 18:00:00,Z017,44.0
2026-01-17 18:30:00,Z017,45.0
2026-01-17 19:00:00,Z017,57.0
2026-01-17 19:30:00,Z017,58.0
2026-01-17 20:00:00,Z017,66.0
2026-01-17 20:30:00,Z017,49.0
2026-01-17 21:00:00,Z017,31.0
2026-01-17 21:30:00,Z017,21.0
2026-01-17 22:00:00,Z017,19.0
2026-01-17 22:30:00,Z017,15.0
2026-01-17 23:00:00,Z017,17.0
2026-01-17 23:30:00,Z017,15.0
2026-01-18 00:00:00,Z017,13.0
2026-01-18 00:30:00,Z017,11.0
2026-01-18 01:00:00,Z017,10.0
2026-01-18 01:30:00,Z017,5.0
2026-01-18 02:00:00,Z017,3.0
2026-01-18 02:30:00,Z017,1.0
2026-01-18 03:00:00,Z017,2.0
2026-01-18 03:30:00,Z017,2.0
2026-01-18 04:00:00,Z017,1.0
2026-01-18 04:30:00,Z017,2.0
2026-01-18 05:00:00,Z017,2.0
2026-01-18 05:30:00,Z017,6.0
2026-01-18 06:00:00,Z017,10.0
2026-01-18 06:30:00,Z017,11.0
2026-01-18 07:00:00,Z017,13.0
2026-01-18 07:30:00,Z017,13.0
2026-01-18 08:00:00,Z017,12.0
2026-01-18 08:30:00,Z017,18.0
2026-01-18 09:00:00,Z017,32.0
2026-01-18 09:30:00,Z017,36.0
2026-01-18 10:00:00,Z017,40.0
2026-01-18 10:30:00,Z017,41.0
2026-01-18 11:00:00,Z017,45.0
2026-01-18 11:30:00,Z017,35.0
2026-01-18 12:00:00,Z017,22.0
2026-01-18 12:30:00,Z017,40.0
2026-01-18 13:00:00,Z017,54.0
2026-01-18 13:30:00,Z017,64.0
2026-01-18 14:00:00,Z017,68.0
2026-01-18 14:30:00,Z017,56.0
2026-01-18 15:00:00,Z017,40.0
2026-01-18 15:30:00,Z017,32.0
2026-01-18 16:00:00,Z017,25.0
2026-01-18 16:30:00,Z017,22.0
2026-01-18 17:00:00,Z017,22.0
2026-01-18 17:30:00,Z017,32.0
2026-01-18 18:00:00,Z017,42.0
2026-01-18 18:30:00,Z017,57.0
2026-01-18 19:00:00,Z017,60.0
2026-01-18 19:30:00,Z017,62.0
2026-01-18 20:00:00,Z017,57.0
2026-01-18 20:30:00,Z017,45.0
2026-01-18 21:00:00,Z017,30.0
2026-01-18 21:30:00,Z017,18.0
2026-01-18 22:00:00,Z017,19.0
2026-01-18 22:30:00,Z017,18.0
2026-01-18 23:00:00,Z017,15.0
2026-01-18 23:30:00,Z017,14.0
2026-01-19 00:00:00,Z017,13.0
2026-01-19 00:30:00,Z017,7.0
2026-01-19 01:00:00,Z017,5.0
2026-01-19 01:30:00,Z017,4.0
2026-01-19 02:00:00,Z017,2.0
2026-01-19 02:30:00,Z017,2.0
2026-01-19 03:00:00,Z017,4.0
2026-01-19 03:30:00,Z017,3.0
2026-01-19 04:00:00,Z017,3.0
2026-01-19 04:30:00,Z017,2.0
2026-01-19 05:00:00,Z017,3.0
2026-01-19 05:30:00,Z017,6.0
2026-01-19 06:00:00,Z017,11.0
2026-01-19 06:30:00,Z017,14.0
2026-01-19 07:00:00,Z017,15.0
2026-01-19 07:30:00,Z017,14.0
2026-01-19 08:00:00,Z017,14.0
2026-01-19 08:30:00,Z017,22.0
2026-01-19 09:00:00,Z017,29.0
2026-01-19 09:30:00,Z017,36.0
2026-01-19 10:00:00,Z017,38.0
2026-01-19 10:30:00,Z017,40.0
2026-01-19 11:00:00,Z017,37.0
2026-01-19 11:30:00,Z017,32.0
2026-01-19 12:00:00,Z017,30.0
2026-01-19 12:30:00,Z017,30.0
2026-01-19 13:00:00,Z017,38.0
2026-01-19 13:30:00,Z017,54.0
2026-01-19 14:00:00,Z017,54.0
2026-01-19 14:30:00,Z017,49.0
2026-01-19 15:00:00,Z017,38.0
2026-01-19 15:30:00,Z017,28.0
2026-01-19 16:00:00,Z017,23.0
2026-01-19 16:30:00,Z017,19.0
2026-01-19 17:00:00,Z017,18.0
2026-01-19 17:30:00,Z017,31.0
2026-01-19 18:00:00,Z017,40.0
2026-01-19 18:30:00,Z017,43.0
2026-01-19 19:00:00,Z017,54.0
2026-01-19 19:30:00,Z017,54.0
2026-01-19 20:00:00,Z017,60.0
2026-01-19 20:30:00,Z017,49.0
2026-01-19 21:00:00,Z017,39.0
2026-01-19 21:30:00,Z017,25.0
2026-01-19 22:00:00,Z017,23.0
2026-01-19 22:30:00,Z017,14.0
2026-01-19 23:00:00,Z017,16.0
2026-01-19 23:30:00,Z017,17.0
2026-01-20 00:00:00,Z017,15.0
2026-01-20 00:30:00,Z017,11.0
2026-01-20 01:00:00,Z017,8.0
2026-01-20 01:30:00,Z017,6.0
2026-01-20 02:00:00,Z017,5.0
2026-01-20 02:30:00,Z017,4.0
2026-01-20 03:00:00,Z017,0.0
2026-01-20 03:30:00,Z017,1.0
2026-01-20 04:00:00,Z017,0.0
2026-01-20 04:30:00,Z017,1.0
2026-01-20 05:00:00,Z017,1.0
2026-01-20 05:30:00,Z017,4.0
2026-01-20 06:00:00,Z017,8.0
2026-01-20 06:30:00,Z017,10.0
2026-01-20 07:00:00,Z017,14.0
2026-01-20 07:30:00,Z017,15.0
2026-01-20 08:00:00,Z017,16.0
2026-01-20 08:30:00,Z017,27.0
2026-01-20 09:00:00,Z017,34.0
2026-01-20 09:30:00,Z017,40.0
2026-01-20 10:00:00,Z017,46.0
2026-01-20 10:30:00,Z017,48.0
2026-01-20 11:00:00,Z017,47.0
2026-01-20 11:30:00,Z017,39.0
2026-01-20 12:00:00,Z017,23.0
2026-01-20 12:30:00,Z017,33.0
2026-01-20 13:00:00,Z017,35.0
2026-01-20 13:30:00,Z017,35.0
2026-01-20 14:00:00,Z017,37.0
2026-01-20 14:30:00,Z017,35.0
2026-01-20 15:00:00,Z017,32.0
2026-01-20 15:30:00,Z017,28.0
2026-01-20 16:00:00,Z017,19.0
2026-01-20 16:30:00,Z017,17.0
2026-01-20 17:00:00,Z017,15.0
2026-01-20 17:30:00,Z017,31.0
2026-01-20 18:00:00,Z017,47.0
2026-01-20 18:30:00,Z017,58.0
2026-01-20 19:00:00,Z017,59.0
2026-01-20 19:30:00,Z017,63.0
2026-01-20 20:00:00,Z017,72.0
2026-01-20 20:30:00,Z017,64.0
2026-01-20 21:00:00,Z017,50.0
2026-01-20 21:30:00,Z017,41.0
2026-01-20 22:00:00,Z017,25.0
2026-01-20 22:30:00,Z017,20.0
2026-01-20 23:00:00,Z017,21.0
2026-01-20 23:30:00,Z017,20.0
2026-01-21 00:00:00,Z017,18.0
2026-01-21 00:30:00,Z017,9.0
2026-01-21 01:00:00,Z017,6.0
2026-01-21 01:30:00,Z017,3.0
2026-01-21 02:00:00,Z017,4.0
2026-01-21 02:30:00,Z017,2.0
2026-01-21 03:00:00,Z017,1.0
2026-01-21 03:30:00,Z017,1.0
2026-01-21 04:00:00,Z017,1.0
2026-01-21 04:30:00,Z017,0.0
2026-01-21 05:00:00,Z017,1.0
2026-01-21 05:30:00,Z017,7.0
2026-01-21 06:00:00,Z017,14.0
2026-01-21 06:30:00,Z017,11.0
2026-01-21 07:00:00,Z017,9.0
2026-01-21 07:30:00,Z017,9.0
2026-01-21 08:00:00,Z017,11.0
2026-01-21 08:30:00,Z017,16.0
2026-01-21 09:00:00,Z017,27.0
2026-01-21 09:30:00,Z017,33.0
2026-01-21 10:00:00,Z017,35.0
2026-01-21 10:30:00,Z017,35.0
2026-01-21 11:00:00,Z017,44.0
2026-01-21 11:30:00,Z017,36.0
2026-01-21 12:00:00,Z017,34.0
2026-01-21 12:30:00,Z017,44.0
2026-01-21 13:00:00,Z017,50.0
2026-01-21 13:30:00,Z017,47.0
2026-01-21 14:00:00,Z017,58.0
2026-01-21 14:30:00,Z017,50.0
2026-01-21 15:00:00,Z017,36.0
2026-01-21 15:30:00,Z017,25.0
2026-01-21 16:00:00,Z017,18.0
2026-01-21 16:30:00,Z017,22.0
2026-01-21 17:00:00,Z017,20.0
2026-01-21 17:30:00,Z017,24.0
2026-01-21 18:00:00,Z017,43.0
2026-01-21 18:30:00,Z017,48.0
2026-01-21 19:00:00,Z017,51.0
2026-01-21 19:30:00,Z017,59.0
2026-01-21 20:00:00,Z017,55.0
2026-01-21 20:30:00,Z017,52.0
2026-01-21 21:00:00,Z017,41.0
2026-01-21 21:30:00,Z017,35.0
2026-01-21 22:00:00,Z017,32.0
2026-01-21 22:30:00,Z017,19.0
2026-01-21 23:00:00,Z017,16.0
2026-01-14 23:00:00,Z018,12.0
2026-01-14 23:30:00,Z018,9.0
2026-01-15 00:00:00,Z018,12.0
2026-01-15 00:30:00,Z018,13.0
2026-01-15 01:00:00,Z018,6.0
2026-01-15 01:30:00,Z018,2.0
2026-01-15 02:00:00,Z018,1.0
2026-01-15 02:30:00,Z018,1.0
2026-01-15 03:00:00,Z018,0.0
2026-01-15 03:30:00,Z018,0.0
2026-01-15 04:00:00,Z018,0.0
2026-01-15 04:30:00,Z018,2.0
2026-01-15 05:00:00,Z018,3.0
2026-01-15 05:30:00,Z018,5.0
2026-01-15 06:00:00,Z018,8.0
2026-01-15 06:30:00,Z018,10.0
2026-01-15 07:00:00,Z018,11.0
2026-01-15 07:30:00,Z018,13.0
2026-01-15 08:00:00,Z018,7.0
2026-01-15 08:30:00,Z018,13.0
2026-01-15 09:00:00,Z018,19.0
2026-01-15 09:30:00,Z018,18.0
2026-01-15 10:00:00,Z018,19.0
2026-01-15 10:30:00,Z018,19.0
2026-01-15 11:00:00,Z018,20.0
2026-01-15 11:30:00,Z018,14.0
2026-01-15 12:00:00,Z018,11.0
2026-01-15 12:30:00,Z018,14.0
2026-01-15 13:00:00,Z018,19.0
2026-01-15 13:30:00,Z018,23.0
2026-01-15 14:00:00,Z018,24.0
2026-01-15 14:30:00,Z018,21.0
2026-01-15 15:00:00,Z018,12.0
2026-01-15 15:30:00,Z018,11.0
2026-01-15 16:00:00,Z018,7.0
2026-01-15 16:30:00,Z018,8.0
2026-01-15 17:00:00,Z018,9.0
2026-01-15 17:30:00,Z018,13.0
2026-01-15 18:00:00,Z018,17.0
2026-01-15 18:30:00,Z018,18.0
2026-01-15 19:00:00,Z018,19.0
2026-01-15 19:30:00,Z018,27.0
2026-01-15 20:00:00,Z018,30.0
2026-01-15 20:30:00,Z018,23.0
2026-01-15 21:00:00,Z018,14.0
2026-01-15 21:30:00,Z018,8.0
2026-01-15 22:00:00,Z018,3.0
2026-01-15 22:30:00,Z018,5.0
2026-01-15 23:00:00,Z018,8.0
2026-01-15 23:30:00,Z018,9.0
2026-01-16 00:00:00,Z018,4.0
2026-01-16 00:30:00,Z018,2.0
2026-01-16 01:00:00,Z018,2.0
2026-01-16 01:30:00,Z018,1.0
2026-01-16 02:00:00,Z018,1.0
2026-01-16 02:30:00,Z018,1.0
2026-01-16 03:00:00,Z018,1.0
2026-01-16 03:30:00,Z018,0.0
2026-01-16 04:00:00,Z018,0.0
2026-01-16 04:30:00,Z018,0.0
2026-01-16 05:00:00,Z018,0.0
2026-01-16 05:30:00,Z018,2.0
2026-01-16 06:00:00,Z018,5.0
2026-01-16 06:30:00,Z018,6.0
2026-01-16 07:00:00,Z018,7.0
2026-01-16 07:30:00,Z018,6.0
2026-01-16 08:00:00,Z018,7.0
2026-01-16 08:30:00,Z018,11.0
2026-01-16 09:00:00,Z018,15.0
2026-01-16 09:30:00,Z018,19.0
2026-01-16 10:00:00,Z018,16.0
2026-01-16 10:30:00,Z018,24.0
2026-01-16 11:00:00,Z018,26.0
2026-01-16 11:30:00,Z018,25.0
2026-01-16 12:00:00,Z018,20.0
2026-01-16 12:30:00,Z018,20.0
2026-01-16 13:00:00,Z018,16.0
2026-01-16 13:30:00,Z018,19.0
2026-01-16 14:00:00,Z018,21.0
2026-01-16 14:30:00,Z018,17.0
2026-01-16 15:00:00,Z018,12.0
2026-01-16 15:30:00,Z018,9.0
2026-01-16 16:00:00,Z018,10.0
2026-01-16 16:30:00,Z018,5.0
2026-01-16 17:00:00,Z018,4.0
2026-01-16 17:30:00,Z018,13.0
2026-01-16 18:00:00,Z018,19.0
2026-01-16 18:30:00,Z018,24.0
2026-01-16 19:00:00,Z018,25.0
2026-01-16 19:30:00,Z018,28.0
2026-01-16 20:00:00,Z018,28.0
2026-01-16 20:30:00,Z018,23.0
2026-01-16 21:00:00,Z018,20.0
2026-01-16 21:30:00,Z018,18.0
2026-01-16 22:00:00,Z018,12.0
2026-01-16 22:30:00,Z018,13.0
2026-01-16 23:00:00,Z018,10.0
2026-01-16 23:30:00,Z018,7.0
2026-01-17 00:00:00,Z018,11.0
2026-01-17 00:30:00,Z018,8.0
2026-01-17 01:00:00,Z018,7.0
2026-01-17 01:30:00,Z018,3.0
2026-01-17 02:00:00,Z018,2.0
2026-01-17 02:30:00,Z018,1.0
2026-01-17 03:00:00,Z018,1.0
2026-01-17 03:30:00,Z018,0.0
2026-01-17 04:00:00,Z018,0.0
2026-01-17 04:30:00,Z018,0.0
2026-01-17 05:00:00,Z018,0.0
2026-01-17 05:30:00,Z018,3.0
2026-01-17 06:00:00,Z018,4.0
2026-01-17 06:30:00,Z018,4.0
2026-01-17 07:00:00,Z018,3.0
2026-01-17 07:30:00,Z018,4.0
2026-01-17 08:00:00,Z018,5.0
2026-01-17 08:30:00,Z018,10.0
2026-01-17 09:00:00,Z018,13.0
2026-01-17 09:30:00,Z018,17.0
2026-01-17 10:00:00,Z018,17.0
2026-01-17 10:30:00,Z018,18.0
2026-01-17 11:00:00,Z018,19.0
2026-01-17 11:30:00,Z018,15.0
2026-01-17 12:00:00,Z018,14.0
2026-01-17 12:30:00,Z018,14.0
2026-01-17 13:00:00,Z018,11.0
2026-01-17 13:30:00,Z018,13.0
2026-01-17 14:00:00,Z018,22.0
2026-01-17 14:30:00,Z018,21.0
2026-01-17 15:00:00,Z018,20.0
2026-01-17 15:30:00,Z018,14.0
2026-01-17 16:00:00,Z018,8.0
2026-01-17 16:30:00,Z018,5.0
2026-01-17 17:00:00,Z018,4.0
2026-01-17 17:30:00,Z018,6.0
2026-01-17 18:00:00,Z018,12.0
2026-01-17 18:30:00,Z018,25.0
2026-01-17 19:00:00,Z018,25.0
2026-01-17 19:30:00,Z018,32.0
2026-01-17 20:00:00,Z018,33.0
2026-01-17 20:30:00,Z018,26.0
2026-01-17 21:00:00,Z018,19.0
2026-01-17 21:30:00,Z018,15.0
2026-01-17 22:00:00,Z018,10.0
2026-01-17 22:30:00,Z018,4.0
2026-01-17 23:00:00,Z018,6.0
2026-01-17 23:30:00,Z018,8.0
2026-01-18 00:00:00,Z018,5.0
2026-01-18 00:30:00,Z018,3.0
2026-01-18 01:00:00,Z018,1.0
2026-01-18 01:30:00,Z018,1.0
2026-01-18 02:00:00,Z018,1.0
2026-01-18 02:30:00,Z018,1.0
2026-01-18 03:00:00,Z018,0.0
2026-01-18 03:30:00,Z018,0.0
2026-01-18 04:00:00,Z018,0.0
2026-01-18 04:30:00,Z018,0.0
2026-01-18 05:00:00,Z018,0.0
2026-01-18 05:30:00,Z018,2.0
2026-01-18 06:00:00,Z018,4.0
2026-01-18 06:30:00,Z018,6.0
2026-01-18 07:00:00,Z018,9.0
2026-01-18 07:30:00,Z018,13.0
2026-01-18 08:00:00,Z018,12.0
2026-01-18 08:30:00,Z018,18.0
2026-01-18 09:00:00,Z018,21.0
2026-01-18 09:30:00,Z018,19.0
2026-01-18 10:00:00,Z018,23.0
2026-01-18 10:30:00,Z018,17.0
2026-01-18 11:00:00,Z018,17.0
2026-01-18 11:30:00,Z018,14.0
2026-01-18 12:00:00,Z018,10.0
2026-01-18 12:30:00,Z018,14.0
2026-01-18 13:00:00,Z018,18.0
2026-01-18 13:30:00,Z018,22.0
2026-01-18 14:00:00,Z018,27.0
2026-01-18 14:30:00,Z018,24.0
2026-01-18 15:00:00,Z018,14.0
2026-01-18 15:30:00,Z018,6.0
2026-01-18 16:00:00,Z018,8.0
2026-01-18 16:30:00,Z018,6.0
2026-01-18 17:00:00,Z018,8.0
2026-01-18 17:30:00,Z018,16.0
2026-01-18 18:00:00,Z018,16.0
2026-01-18 18:30:00,Z018,13.0
2026-01-18 19:00:00,Z018,14.0
2026-01-18 19:30:00,Z018,20.0
2026-01-18 20:00:00,Z018,20.0
2026-01-18 20:30:00,Z018,14.0
2026-01-18 21:00:00,Z018,13.0
2026-01-18 21:30:00,Z018,9.0
2026-01-18 22:00:00,Z018,8.0
2026-01-18 22:30:00,Z018,12.0
2026-01-18 23:00:00,Z018,10.0
2026-01-18 23:30:00,Z018,10.0
2026-01-19 00:00:00,Z018,8.0
2026-01-19 00:30:00,Z018,4.0
2026-01-19 01:00:00,Z018,2.0
2026-01-19 01:30:00,Z018,2.0
2026-01-19 02:00:00,Z018,2.0
2026-01-19 02:30:00,Z018,2.0
2026-01-19 03:00:00,Z018,1.0
2026-01-19 03:30:00,Z018,1.0
2026-01-19 04:00:00,Z018,0.0
2026-01-19 04:30:00,Z018,0.0
2026-01-19 05:00:00,Z018,0.0
2026-01-19 05:30:00,Z018,3.0
2026-01-19 06:00:00,Z018,9.0
2026-01-19 06:30:00,Z018,9.0
2026-01-19 07:00:00,Z018,10.0
2026-01-19 07:30:00,Z018,8.0
2026-01-19 08:00:00,Z018,7.0
2026-01-19 08:30:00,Z018,11.0
2026-01-19 09:00:00,Z018,18.0
2026-01-19 09:30:00,Z018,17.0
2026-01-19 10:00:00,Z018,18.0
2026-01-19 10:30:00,Z018,18.0
2026-01-19 11:00:00,Z018,22.0
2026-01-19 11:30:00,Z018,21.0
2026-01-19 12:00:00,Z018,15.0
2026-01-19 12:30:00,Z018,11.0
2026-01-19 13:00:00,Z018,11.0
2026-01-19 13:30:00,Z018,16.0
2026-01-19 14:00:00,Z018,18.0
2026-01-19 14:30:00,Z018,15.0
2026-01-19 15:00:00,Z018,9.0
2026-01-19 15:30:00,Z018,8.0
2026-01-19 16:00:00,Z018,8.0
2026-01-19 16:30:00,Z018,7.0
2026-01-19 17:00:00,Z018,9.0
2026-01-19 17:30:00,Z018,12.0
2026-01-19 18:00:00,Z018,14.0
2026-01-19 18:30:00,Z018,16.0
2026-01-19 19:00:00,Z018,20.0
2026-01-19 19:30:00,Z018,19.0
2026-01-19 20:00:00,Z018,16.0
2026-01-19 20:30:00,Z018,15.0
2026-01-19 21:00:00,Z018,16.0
2026-01-19 21:30:00,Z018,10.0
2026-01-19 22:00:00,Z018,10.0
2026-01-19 22:30:00,Z018,10.0
2026-01-19 23:00:00,Z018,4.0
2026-01-19 23:30:00,Z018,6.0
2026-01-20 00:00:00,Z018,6.0
2026-01-20 00:30:00,Z018,2.0
2026-01-20 01:00:00,Z018,1.0
2026-01-20 01:30:00,Z018,0.0
2026-01-20 02:00:00,Z018,0.0
2026-01-20 02:30:00,Z018,0.0
2026-01-20 03:00:00,Z018,0.0
2026-01-20 03:30:00,Z018,0.0
2026-01-20 04:00:00,Z018,0.0
2026-01-20 04:30:00,Z018,0.0
2026-01-20 05:00:00,Z018,0.0
2026-01-20 05:30:00,Z018,3.0
2026-01-20 06:00:00,Z018,7.0
2026-01-20 06:30:00,Z018,7.0
2026-01-20 07:00:00,Z018,8.0
2026-01-20 07:30:00,Z018,8.0
2026-01-20 08:00:00,Z018,8.0
2026-01-20 08:30:00,Z018,14.0
2026-01-20 09:00:00,Z018,14.0
2026-01-20 09:30:00,Z018,17.0
2026-01-20 10:00:00,Z018,16.0
2026-01-20 10:30:00,Z018,16.0
2026-01-20 11:00:00,Z018,13.0
2026-01-20 11:30:00,Z018,11.0
2026-01-20 12:00:00,Z018,9.0
2026-01-20 12:30:00,Z018,16.0
2026-01-20 13:00:00,Z018,27.0
2026-01-20 13:30:00,Z018,23.0
2026-01-20 14:00:00,Z018,19.0
2026-01-20 14:30:00,Z018,12.0
2026-01-20 15:00:00,Z018,11.0
2026-01-20 15:30:00,Z018,15.0
2026-01-20 16:00:00,Z018,13.0
2026-01-20 16:30:00,Z018,8.0
2026-01-20 17:00:00,Z018,5.0
2026-01-20 17:30:00,Z018,16.0
2026-01-20 18:00:00,Z018,23.0
2026-01-20 18:30:00,Z018,27.0
2026-01-20 19:00:00,Z018,30.0
2026-01-20 19:30:00,Z018,30.0
2026-01-20 20:00:00,Z018,36.0
2026-01-20 20:30:00,Z018,30.0
2026-01-20 21:00:00,Z018,22.0
2026-01-20 21:30:00,Z018,15.0
2026-01-20 22:00:00,Z018,4.0
2026-01-20 22:30:00,Z018,1.0
2026-01-20 23:00:00,Z018,4.0
2026-01-20 23:30:00,Z018,6.0
2026-01-21 00:00:00,Z018,6.0
2026-01-21 00:30:00,Z018,1.0
2026-01-21 01:00:00,Z018,0.0
2026-01-21 01:30:00,Z018,0.0
2026-01-21 02:00:00,Z018,0.0
2026-01-21 02:30:00,Z018,0.0
2026-01-21 03:00:00,Z018,1.0
2026-01-21 03:30:00,Z018,1.0
2026-01-21 04:00:00,Z018,0.0
2026-01-21 04:30:00,Z018,0.0
2026-01-21 05:00:00,Z018,0.0
2026-01-21 05:30:00,Z018,2.0
2026-01-21 06:00:00,Z018,6.0
2026-01-21 06:30:00,Z018,7.0
2026-01-21 07:00:00,Z018,6.0
2026-01-21 07:30:00,Z018,7.0
2026-01-21 08:00:00,Z018,7.0
2026-01-21 08:30:00,Z018,5.0
2026-01-21 09:00:00,Z018,9.0
2026-01-21 09:30:00,Z018,16.0
2026-01-21 10:00:00,Z018,20.0
2026-01-21 10:30:00,Z018,17.0
2026-01-21 11:00:00,Z018,20.0
2026-01-21 11:30:00,Z018,16.0
2026-01-21 12:00:00,Z018,14.0
2026-01-21 12:30:00,Z018,23.0
2026-01-21 13:00:00,Z018,23.0
2026-01-21 13:30:00,Z018,25.0
2026-01-21 14:00:00,Z018,14.0
2026-01-21 14:30:00,Z018,14.0
2026-01-21 15:00:00,Z018,11.0
2026-01-21 15:30:00,Z018,13.0
2026-01-21 16:00:00,Z018,10.0
2026-01-21 16:30:00,Z018,9.0
2026-01-21 17:00:00,Z018,10.0
2026-01-21 17:30:00,Z018,10.0
2026-01-21 18:00:00,Z018,15.0
2026-01-21 18:30:00,Z018,15.0
2026-01-21 19:00:00,Z018,22.0
2026-01-21 19:30:00,Z018,26.0
2026-01-21 20:00:00,Z018,30.0
2026-01-21 20:30:00,Z018,21.0
2026-01-21 21:00:00,Z018,17.0
2026-01-21 21:30:00,Z018,13.0
2026-01-21 22:00:00,Z018,8.0
2026-01-21 22:30:00,Z018,6.0
2026-01-21 23:00:00,Z018,5.0
2026-01-14 23:00:00,Z019,14.0
2026-01-14 23:30:00,Z019,17.0
2026-01-15 00:00:00,Z019,19.0
2026-01-15 00:30:00,Z019,12.0
2026-01-15 01:00:00,Z019,8.0
2026-01-15 01:30:00,Z019,5.0
2026-01-15 02:00:00,Z019,4.0
2026-01-15 02:30:00,Z019,2.0
2026-01-15 03:00:00,Z019,3.0
2026-01-15 03:30:00,Z019,4.0
2026-01-15 04:00:00,Z019,1.0
2026-01-15 04:30:00,Z019,1.0
2026-01-15 05:00:00,Z019,2.0
2026-01-15 05:30:00,Z019,8.0
2026-01-15 06:00:00,Z019,19.0
2026-01-15 06:30:00,Z019,21.0
2026-01-15 07:00:00,Z019,15.0
2026-01-15 07:30:00,Z019,19.0
2026-01-15 08:00:00,Z019,20.0
2026-01-15 08:30:00,Z019,42.0
2026-01-15 09:00:00,Z019,49.0
2026-01-15 09:30:00,Z019,46.0
2026-01-15 10:00:00,Z019,50.0
2026-01-15 10:30:00,Z019,49.0
2026-01-15 11:00:00,Z019,59.0
2026-01-15 11:30:00,Z019,38.0
2026-01-15 12:00:00,Z019,28.0
2026-01-15 12:30:00,Z019,39.0
2026-01-15 13:00:00,Z019,57.0
2026-01-15 13:30:00,Z019,58.0
2026-01-15 14:00:00,Z019,56.0
2026-01-15 14:30:00,Z019,47.0
2026-01-15 15:00:00,Z019,22.0
2026-01-15 15:30:00,Z019,21.0
2026-01-15 16:00:00,Z019,17.0
2026-01-15 16:30:00,Z019,19.0
2026-01-15 17:00:00,Z019,14.0
2026-01-15 17:30:00,Z019,36.0
2026-01-15 18:00:00,Z019,41.0
2026-01-15 18:30:00,Z019,55.0
2026-01-15 19:00:00,Z019,73.0
2026-01-15 19:30:00,Z019,75.0
2026-01-15 20:00:00,Z019,70.0
2026-01-15 20:30:00,Z019,44.0
2026-01-15 21:00:00,Z019,27.0
2026-01-15 21:30:00,Z019,20.0
2026-01-15 22:00:00,Z019,19.0
2026-01-15 22:30:00,Z019,16.0
2026-01-15 23:00:00,Z019,13.0
2026-01-15 23:30:00,Z019,13.0
2026-01-16 00:00:00,Z019,14.0
2026-01-16 00:30:00,Z019,9.0
2026-01-16 01:00:00,Z019,6.0
2026-01-16 01:30:00,Z019,4.0
2026-01-16 02:00:00,Z019,1.0
2026-01-16 02:30:00,Z019,1.0
2026-01-16 03:00:00,Z019,1.0
2026-01-16 03:30:00,Z019,2.0
2026-01-16 04:00:00,Z019,2.0
2026-01-16 04:30:00,Z019,0.0
2026-01-16 05:00:00,Z019,0.0
2026-01-16 05:30:00,Z019,6.0
2026-01-16 06:00:00,Z019,12.0
2026-01-16 06:30:00,Z019,17.0
2026-01-16 07:00:00,Z019,18.0
2026-01-16 07:30:00,Z019,23.0
2026-01-16 08:00:00,Z019,22.0
2026-01-16 08:30:00,Z019,51.0
2026-01-16 09:00:00,Z019,56.0
2026-01-16 09:30:00,Z019,57.0
2026-01-16 10:00:00,Z019,40.0
2026-01-16 10:30:00,Z019,42.0
2026-01-16 11:00:00,Z019,42.0
2026-01-16 11:30:00,Z019,33.0
2026-01-16 12:00:00,Z019,23.0
2026-01-16 12:30:00,Z019,35.0
2026-01-16 13:00:00,Z019,49.0
2026-01-16 13:30:00,Z019,54.0
2026-01-16 14:00:00,Z019,53.0
2026-01-16 14:30:00,Z019,41.0
2026-01-16 15:00:00,Z019,28.0
2026-01-16 15:30:00,Z019,14.0
2026-01-16 16:00:00,Z019,15.0
2026-01-16 16:30:00,Z019,13.0
2026-01-16 17:00:00,Z019,20.0
2026-01-16 17:30:00,Z019,49.0
2026-01-16 18:00:00,Z019,57.0
2026-01-16 18:30:00,Z019,69.0
2026-01-16 19:00:00,Z019,57.0
2026-01-16 19:30:00,Z019,61.0
2026-01-16 20:00:00,Z019,59.0
2026-01-16 20:30:00,Z019,43.0
2026-01-16 21:00:00,Z019,31.0
2026-01-16 21:30:00,Z019,18.0
2026-01-16 22:00:00,Z019,15.0
2026-01-16 22:30:00,Z019,13.0
2026-01-16 23:00:00,Z019,12.0
2026-01-16 23:30:00,Z019,21.0
2026-01-17 00:00:00,Z019,25.0
2026-01-17 00:30:00,Z019,15.0
2026-01-17 01:00:00,Z019,5.0
2026-01-17 01:30:00,Z019,3.0
2026-01-17 02:00:00,Z019,1.0
2026-01-17 02:30:00,Z019,1.0
2026-01-17 03:00:00,Z019,4.0
2026-01-17 03:30:00,Z019,2.0
2026-01-17 04:00:00,Z019,1.0
2026-01-17 04:30:00,Z019,2.0
2026-01-17 05:00:00,Z019,2.0
2026-01-17 05:30:00,Z019,10.0
2026-01-17 06:00:00,Z019,11.0
2026-01-17 06:30:00,Z019,12.0
2026-01-17 07:00:00,Z019,19.0
2026-01-17 07:30:00,Z019,15.0
2026-01-17 08:00:00,Z019,17.0
2026-01-17 08:30:00,Z019,35.0
2026-01-17 09:00:00,Z019,50.0
2026-01-17 09:30:00,Z019,48.0
2026-01-17 10:00:00,Z019,48.0
2026-01-17 10:30:00,Z019,52.0
2026-01-17 11:00:00,Z019,50.0
2026-01-17 11:30:00,Z019,26.0
2026-01-17 12:00:00,Z019,19.0
2026-01-17 12:30:00,Z019,34.0
2026-01-17 13:00:00,Z019,47.0
2026-01-17 13:30:00,Z019,54.0
2026-01-17 14:00:00,Z019,51.0
2026-01-17 14:30:00,Z019,42.0
2026-01-17 15:00:00,Z019,28.0
2026-01-17 15:30:00,Z019,24.0
2026-01-17 16:00:00,Z019,28.0
2026-01-17 16:30:00,Z019,16.0
2026-01-17 17:00:00,Z019,14.0
2026-01-17 17:30:00,Z019,52.0
2026-01-17 18:00:00,Z019,66.0
2026-01-17 18:30:00,Z019,55.0
2026-01-17 19:00:00,Z019,52.0
2026-01-17 19:30:00,Z019,53.0
2026-01-17 20:00:00,Z019,56.0
2026-01-17 20:30:00,Z019,35.0
2026-01-17 21:00:00,Z019,23.0
2026-01-17 21:30:00,Z019,18.0
2026-01-17 22:00:00,Z019,18.0
2026-01-17 22:30:00,Z019,20.0
2026-01-17 23:00:00,Z019,23.0
2026-01-17 23:30:00,Z019,15.0
2026-01-18 00:00:00,Z019,20.0
2026-01-18 00:30:00,Z019,10.0
2026-01-18 01:00:00,Z019,7.0
2026-01-18 01:30:00,Z019,3.0
2026-01-18 02:00:00,Z019,1.0
2026-01-18 02:30:00,Z019,1.0
2026-01-18 03:00:00,Z019,1.0
2026-01-18 03:30:00,Z019,0.0
2026-01-18 04:00:00,Z019,1.0
2026-01-18 04:30:00,Z019,3.0
2026-01-18 05:00:00,Z019,1.0
2026-01-18 05:30:00,Z019,8.0
2026-01-18 06:00:00,Z019,11.0
2026-01-18 06:30:00,Z019,10.0
2026-01-18 07:00:00,Z019,19.0
2026-01-18 07:30:00,Z019,20.0
2026-01-18 08:00:00,Z019,18.0
2026-01-18 08:30:00,Z019,27.0
2026-01-18 09:00:00,Z019,47.0
2026-01-18 09:30:00,Z019,52.0
2026-01-18 10:00:00,Z019,51.0
2026-01-18 10:30:00,Z019,45.0
2026-01-18 11:00:00,Z019,42.0
2026-01-18 11:30:00,Z019,27.0
2026-01-18 12:00:00,Z019,19.0
2026-01-18 12:30:00,Z019,34.0
2026-01-18 13:00:00,Z019,44.0
2026-01-18 13:30:00,Z019,58.0
2026-01-18 14:00:00,Z019,62.0
2026-01-18 14:30:00,Z019,41.0
2026-01-18 15:00:00,Z019,22.0
2026-01-18 15:30:00,Z019,17.0
2026-01-18 16:00:00,Z019,18.0
2026-01-18 16:30:00,Z019,15.0
2026-01-18 17:00:00,Z019,15.0
2026-01-18 17:30:00,Z019,44.0
2026-01-18 18:00:00,Z019,57.0
2026-01-18 18:30:00,Z019,64.0
2026-01-18 19:00:00,Z019,68.0
2026-01-18 19:30:00,Z019,64.0
2026-01-18 20:00:00,Z019,55.0
2026-01-18 20:30:00,Z019,34.0
2026-01-18 21:00:00,Z019,18.0
2026-01-18 21:30:00,Z019,14.0
2026-01-18 22:00:00,Z019,12.0
2026-01-18 22:30:00,Z019,14.0
2026-01-18 23:00:00,Z019,10.0
2026-01-18 23:30:00,Z019,5.0
2026-01-19 00:00:00,Z019,14.0
2026-01-19 00:30:00,Z019,11.0
2026-01-19 01:00:00,Z019,7.0
2026-01-19 01:30:00,Z019,4.0
2026-01-19 02:00:00,Z019,1.0
2026-01-19 02:30:00,Z019,0.0
2026-01-19 03:00:00,Z019,3.0
2026-01-19 03:30:00,Z019,1.0
2026-01-19 04:00:00,Z019,0.0
2026-01-19 04:30:00,Z019,0.0
2026-01-19 05:00:00,Z019,1.0
2026-01-19 05:30:00,Z019,9.0
2026-01-19 06:00:00,Z019,15.0
2026-01-19 06:30:00,Z019,13.0
2026-01-19 07:00:00,Z019,13.0
2026-01-19 07:30:00,Z019,7.0
2026-01-19 08:00:00,Z019,14.0
2026-01-19 08:30:00,Z019,37.0
2026-01-19 09:00:00,Z019,48.0
2026-01-19 09:30:00,Z019,49.0
2026-01-19 10:00:00,Z019,44.0
2026-01-19 10:30:00,Z019,47.0
2026-01-19 11:00:00,Z019,50.0
2026-01-19 11:30:00,Z019,38.0
2026-01-19 12:00:00,Z019,23.0
2026-01-19 12:30:00,Z019,42.0
2026-01-19 13:00:00,Z019,61.0
2026-01-19 13:30:00,Z019,55.0
2026-01-19 14:00:00,Z019,53.0
2026-01-19 14:30:00,Z019,29.0
2026-01-19 15:00:00,Z019,21.0
2026-01-19 15:30:00,Z019,16.0
2026-01-19 16:00:00,Z019,21.0
2026-01-19 16:30:00,Z019,21.0
2026-01-19 17:00:00,Z019,22.0
2026-01-19 17:30:00,Z019,53.0
2026-01-19 18:00:00,Z019,62.0
2026-01-19 18:30:00,Z019,69.0
2026-01-19 19:00:00,Z019,62.0
2026-01-19 19:30:00,Z019,62.0
2026-01-19 20:00:00,Z019,78.0
2026-01-19 20:30:00,Z019,53.0
2026-01-19 21:00:00,Z019,30.0
2026-01-19 21:30:00,Z019,18.0
2026-01-19 22:00:00,Z019,17.0
2026-01-19 22:30:00,Z019,12.0
2026-01-19 23:00:00,Z019,18.0
2026-01-19 23:30:00,Z019,20.0
2026-01-20 00:00:00,Z019,21.0
2026-01-20 00:30:00,Z019,8.0
2026-01-20 01:00:00,Z019,6.0
2026-01-20 01:30:00,Z019,2.0
2026-01-20 02:00:00,Z019,0.0
2026-01-20 02:30:00,Z019,0.0
2026-01-20 03:00:00,Z019,0.0
2026-01-20 03:30:00,Z019,0.0
2026-01-20 04:00:00,Z019,0.0
2026-01-20 04:30:00,Z019,0.0
2026-01-20 05:00:00,Z019,1.0
2026-01-20 05:30:00,Z019,11.0
2026-01-20 06:00:00,Z019,16.0
2026-01-20 06:30:00,Z019,16.0
2026-01-20 07:00:00,Z019,16.0
2026-01-20 07:30:00,Z019,16.0
2026-01-20 08:00:00,Z019,12.0
2026-01-20 08:30:00,Z019,28.0
2026-01-20 09:00:00,Z019,31.0
2026-01-20 09:30:00,Z019,34.0
2026-01-20 10:00:00,Z019,52.0
2026-01-20 10:30:00,Z019,46.0
2026-01-20 11:00:00,Z019,43.0
2026-01-20 11:30:00,Z019,30.0
2026-01-20 12:00:00,Z019,21.0
2026-01-20 12:30:00,Z019,44.0
2026-01-20 13:00:00,Z019,58.0
2026-01-20 13:30:00,Z019,58.0
2026-01-20 14:00:00,Z019,46.0
2026-01-20 14:30:00,Z019,33.0
2026-01-20 15:00:00,Z019,28.0
2026-01-20 15:30:00,Z019,22.0
2026-01-20 16:00:00,Z019,21.0
2026-01-20 16:30:00,Z019,11.0
2026-01-20 17:00:00,Z019,12.0
2026-01-20 17:30:00,Z019,42.0
2026-01-20 18:00:00,Z019,54.0
2026-01-20 18:30:00,Z019,41.0
2026-01-20 19:00:00,Z019,60.0
2026-01-20 19:30:00,Z019,63.0
2026-01-20 20:00:00,Z019,67.0
2026-01-20 20:30:00,Z019,49.0
2026-01-20 21:00:00,Z019,23.0
2026-01-20 21:30:00,Z019,14.0
2026-01-20 22:00:00,Z019,11.0
2026-01-20 22:30:00,Z019,15.0
2026-01-20 23:00:00,Z019,15.0
2026-01-20 23:30:00,Z019,9.0
2026-01-21 00:00:00,Z019,13.0
2026-01-21 00:30:00,Z019,5.0
2026-01-21 01:00:00,Z019,1.0
2026-01-21 01:30:00,Z019,0.0
2026-01-21 02:00:00,Z019,1.0
2026-01-21 02:30:00,Z019,4.0
2026-01-21 03:00:00,Z019,7.0
2026-01-21 03:30:00,Z019,5.0
2026-01-21 04:00:00,Z019,3.0
2026-01-21 04:30:00,Z019,0.0
2026-01-21 05:00:00,Z019,1.0
2026-01-21 05:30:00,Z019,10.0
2026-01-21 06:00:00,Z019,9.0
2026-01-21 06:30:00,Z019,12.0
2026-01-21 07:00:00,Z019,10.0
2026-01-21 07:30:00,Z019,13.0
2026-01-21 08:00:00,Z019,13.0
2026-01-21 08:30:00,Z019,27.0
2026-01-21 09:00:00,Z019,38.0
2026-01-21 09:30:00,Z019,41.0
2026-01-21 10:00:00,Z019,39.0
2026-01-21 10:30:00,Z019,40.0
2026-01-21 11:00:00,Z019,51.0
2026-01-21 11:30:00,Z019,42.0
2026-01-21 12:00:00,Z019,27.0
2026-01-21 12:30:00,Z019,40.0
2026-01-21 13:00:00,Z019,62.0
2026-01-21 13:30:00,Z019,62.0
2026-01-21 14:00:00,Z019,54.0
2026-01-21 14:30:00,Z019,28.0
2026-01-21 15:00:00,Z019,13.0
2026-01-21 15:30:00,Z019,11.0
2026-01-21 16:00:00,Z019,11.0
2026-01-21 16:30:00,Z019,14.0
2026-01-21 17:00:00,Z019,21.0
2026-01-21 17:30:00,Z019,45.0
2026-01-21 18:00:00,Z019,60.0
2026-01-21 18:30:00,Z019,76.0
2026-01-21 19:00:00,Z019,75.0
2026-01-21 19:30:00,Z019,66.0
2026-01-21 20:00:00,Z019,61.0
2026-01-21 20:30:00,Z019,47.0
2026-01-21 21:00:00,Z019,28.0
2026-01-21 21:30:00,Z019,21.0
2026-01-21 22:00:00,Z019,14.0
2026-01-21 22:30:00,Z019,14.0
2026-01-21 23:00:00,Z019,14.0
2026-01-14 23:00:00,Z020,10.0
2026-01-14 23:30:00,Z020,13.0
2026-01-15 00:00:00,Z020,14.0
2026-01-15 00:30:00,Z020,12.0
2026-01-15 01:00:00,Z020,6.0
2026-01-15 01:30:00,Z020,5.0
2026-01-15 02:00:00,Z020,3.0
2026-01-15 02:30:00,Z020,1.0
2026-01-15 03:00:00,Z020,1.0
2026-01-15 03:30:00,Z020,1.0
2026-01-15 04:00:00,Z020,2.0
2026-01-15 04:30:00,Z020,2.0
2026-01-15 05:00:00,Z020,2.0
2026-01-15 05:30:00,Z020,6.0
2026-01-15 06:00:00,Z020,7.0
2026-01-15 06:30:00,Z020,10.0
2026-01-15 07:00:00,Z020,9.0
2026-01-15 07:30:00,Z020,12.0
2026-01-15 08:00:00,Z020,14.0
2026-01-15 08:30:00,Z020,31.0
2026-01-15 09:00:00,Z020,37.0
2026-01-15 09:30:00,Z020,43.0
2026-01-15 10:00:00,Z020,47.0
2026-01-15 10:30:00,Z020,40.0
2026-01-15 11:00:00,Z020,41.0
2026-01-15 11:30:00,Z020,36.0
2026-01-15 12:00:00,Z020,34.0
2026-01-15 12:30:00,Z020,40.0
2026-01-15 13:00:00,Z020,42.0
2026-01-15 13:30:00,Z020,49.0
2026-01-15 14:00:00,Z020,50.0
2026-01-15 14:30:00,Z020,40.0
2026-01-15 15:00:00,Z020,31.0
2026-01-15 15:30:00,Z020,23.0
2026-01-15 16:00:00,Z020,18.0
2026-01-15 16:30:00,Z020,17.0
2026-01-15 17:00:00,Z020,20.0
2026-01-15 17:30:00,Z020,26.0
2026-01-15 18:00:00,Z020,40.0
2026-01-15 18:30:00,Z020,46.0
2026-01-15 19:00:00,Z020,51.0
2026-01-15 19:30:00,Z020,57.0
2026-01-15 20:00:00,Z020,59.0
2026-01-15 20:30:00,Z020,47.0
2026-01-15 21:00:00,Z020,30.0
2026-01-15 21:30:00,Z020,25.0
2026-01-15 22:00:00,Z020,18.0
2026-01-15 22:30:00,Z020,16.0
2026-01-15 23:00:00,Z020,14.0
2026-01-15 23:30:00,Z020,17.0
2026-01-16 00:00:00,Z020,16.0
2026-01-16 00:30:00,Z020,12.0
2026-01-16 01:00:00,Z020,10.0
2026-01-16 01:30:00,Z020,4.0
2026-01-16 02:00:00,Z020,2.0
2026-01-16 02:30:00,Z020,0.0
2026-01-16 03:00:00,Z020,0.0
2026-01-16 03:30:00,Z020,0.0
2026-01-16 04:00:00,Z020,1.0
2026-01-16 04:30:00,Z020,3.0
2026-01-16 05:00:00,Z020,4.0
2026-01-16 05:30:00,Z020,8.0
2026-01-16 06:00:00,Z020,9.0
2026-01-16 06:30:00,Z020,7.0
2026-01-16 07:00:00,Z020,6.0
2026-01-16 07:30:00,Z020,8.0
2026-01-16 08:00:00,Z020,8.0
2026-01-16 08:30:00,Z020,21.0
2026-01-16 09:00:00,Z020,34.0
2026-01-16 09:30:00,Z020,41.0
2026-01-16 10:00:00,Z020,44.0
2026-01-16 10:30:00,Z020,42.0
2026-01-16 11:00:00,Z020,48.0
2026-01-16 11:30:00,Z020,37.0
2026-01-16 12:00:00,Z020,26.0
2026-01-16 12:30:00,Z020,22.0
2026-01-16 13:00:00,Z020,33.0
2026-01-16 13:30:00,Z020,45.0
2026-01-16 14:00:00,Z020,53.0
2026-01-16 14:30:00,Z020,42.0
2026-01-16 15:00:00,Z020,34.0
2026-01-16 15:30:00,Z020,25.0
2026-01-16 16:00:00,Z020,21.0
2026-01-16 16:30:00,Z020,17.0
2026-01-16 17:00:00,Z020,15.0
2026-01-16 17:30:00,Z020,25.0
2026-01-16 18:00:00,Z020,38.0
2026-01-16 18:30:00,Z020,44.0
2026-01-16 19:00:00,Z020,46.0
2026-01-16 19:30:00,Z020,48.0
2026-01-16 20:00:00,Z020,49.0
2026-01-16 20:30:00,Z020,40.0
2026-01-16 21:00:00,Z020,25.0
2026-01-16 21:30:00,Z020,19.0
2026-01-16 22:00:00,Z020,20.0
2026-01-16 22:30:00,Z020,19.0
2026-01-16 23:00:00,Z020,19.0
2026-01-16 23:30:00,Z020,20.0
2026-01-17 00:00:00,Z020,18.0
2026-01-17 00:30:00,Z020,11.0
2026-01-17 01:00:00,Z020,3.0
2026-01-17 01:30:00,Z020,1.0
2026-01-17 02:00:00,Z020,1.0
2026-01-17 02:30:00,Z020,0.0
2026-01-17 03:00:00,Z020,0.0
2026-01-17 03:30:00,Z020,0.0
2026-01-17 04:00:00,Z020,1.0
2026-01-17 04:30:00,Z020,2.0
2026-01-17 05:00:00,Z020,2.0
2026-01-17 05:30:00,Z020,4.0
2026-01-17 06:00:00,Z020,9.0
2026-01-17 06:30:00,Z020,12.0
2026-01-17 07:00:00,Z020,11.0
2026-01-17 07:30:00,Z020,13.0
2026-01-17 08:00:00,Z020,13.0
2026-01-17 08:30:00,Z020,17.0
2026-01-17 09:00:00,Z020,28.0
2026-01-17 09:30:00,Z020,36.0
2026-01-17 10:00:00,Z020,38.0
2026-01-17 10:30:00,Z020,41.0
2026-01-17 11:00:00,Z020,42.0
2026-01-17 11:30:00,Z020,40.0
2026-01-17 12:00:00,Z020,29.0
2026-01-17 12:30:00,Z020,37.0
2026-01-17 13:00:00,Z020,49.0
2026-01-17 13:30:00,Z020,47.0
2026-01-17 14:00:00,Z020,38.0
2026-01-17 14:30:00,Z020,30.0
2026-01-17 15:00:00,Z020,25.0
2026-01-17 15:30:00,Z020,19.0
2026-01-17 16:00:00,Z020,15.0
2026-01-17 16:30:00,Z020,17.0
2026-01-17 17:00:00,Z020,18.0
2026-01-17 17:30:00,Z020,28.0
2026-01-17 18:00:00,Z020,44.0
2026-01-17 18:30:00,Z020,46.0
2026-01-17 19:00:00,Z020,49.0
2026-01-17 19:30:00,Z020,50.0
2026-01-17 20:00:00,Z020,49.0
2026-01-17 20:30:00,Z020,37.0
2026-01-17 21:00:00,Z020,27.0
2026-01-17 21:30:00,Z020,18.0
2026-01-17 22:00:00,Z020,11.0
2026-01-17 22:30:00,Z020,13.0
2026-01-17 23:00:00,Z020,11.0
2026-01-17 23:30:00,Z020,9.0
2026-01-18 00:00:00,Z020,9.0
2026-01-18 00:30:00,Z020,5.0
2026-01-18 01:00:00,Z020,4.0
2026-01-18 01:30:00,Z020,2.0
2026-01-18 02:00:00,Z020,4.0
2026-01-18 02:30:00,Z020,2.0
2026-01-18 03:00:00,Z020,2.0
2026-01-18 03:30:00,Z020,1.0
2026-01-18 04:00:00,Z020,0.0
2026-01-18 04:30:00,Z020,1.0
2026-01-18 05:00:00,Z020,1.0
2026-01-18 05:30:00,Z020,5.0
2026-01-18 06:00:00,Z020,7.0
2026-01-18 06:30:00,Z020,10.0
2026-01-18 07:00:00,Z020,12.0
2026-01-18 07:30:00,Z020,16.0
2026-01-18 08:00:00,Z020,17.0
2026-01-18 08:30:00,Z020,27.0
2026-01-18 09:00:00,Z020,28.0
2026-01-18 09:30:00,Z020,34.0
2026-01-18 10:00:00,Z020,38.0
2026-01-18 10:30:00,Z020,41.0
2026-01-18 11:00:00,Z020,41.0
2026-01-18 11:30:00,Z020,31.0
2026-01-18 12:00:00,Z020,21.0
2026-01-18 12:30:00,Z020,26.0
2026-01-18 13:00:00,Z020,32.0
2026-01-18 13:30:00,Z020,40.0
2026-01-18 14:00:00,Z020,47.0
2026-01-18 14:30:00,Z020,34.0
2026-01-18 15:00:00,Z020,23.0
2026-01-18 15:30:00,Z020,19.0
2026-01-18 16:00:00,Z020,14.0
2026-01-18 16:30:00,Z020,18.0
2026-01-18 17:00:00,Z020,15.0
2026-01-18 17:30:00,Z020,19.0
2026-01-18 18:00:00,Z020,31.0
2026-01-18 18:30:00,Z020,28.0
2026-01-18 19:00:00,Z020,42.0
2026-01-18 19:30:00,Z020,47.0
2026-01-18 20:00:00,Z020,52.0
2026-01-18 20:30:00,Z020,41.0
2026-01-18 21:00:00,Z020,33.0
2026-01-18 21:30:00,Z020,25.0
2026-01-18 22:00:00,Z020,16.0
2026-01-18 22:30:00,Z020,16.0
2026-01-18 23:00:00,Z020,16.0
2026-01-18 23:30:00,Z020,14.0
2026-01-19 00:00:00,Z020,12.0
2026-01-19 00:30:00,Z020,9.0
2026-01-19 01:00:00,Z020,6.0
2026-01-19 01:30:00,Z020,4.0
2026-01-19 02:00:00,Z020,0.0
2026-01-19 02:30:00,Z020,1.0
2026-01-19 03:00:00,Z020,1.0
2026-01-19 03:30:00,Z020,1.0
2026-01-19 04:00:00,Z020,0.0
2026-01-19 04:30:00,Z020,0.0
2026-01-19 05:00:00,Z020,0.0
2026-01-19 05:30:00,Z020,3.0
2026-01-19 06:00:00,Z020,6.0
2026-01-19 06:30:00,Z020,9.0
2026-01-19 07:00:00,Z020,8.0
2026-01-19 07:30:00,Z020,14.0
2026-01-19 08:00:00,Z020,10.0
2026-01-19 08:30:00,Z020,21.0
2026-01-19 09:00:00,Z020,26.0
2026-01-19 09:30:00,Z020,32.0
2026-01-19 10:00:00,Z020,39.0
2026-01-19 10:30:00,Z020,45.0
2026-01-19 11:00:00,Z020,40.0
2026-01-19 11:30:00,Z020,33.0
2026-01-19 12:00:00,Z020,23.0
2026-01-19 12:30:00,Z020,33.0
2026-01-19 13:00:00,Z020,38.0
2026-01-19 13:30:00,Z020,40.0
2026-01-19 14:00:00,Z020,43.0
2026-01-19 14:30:00,Z020,38.0
2026-01-19 15:00:00,Z020,30.0
2026-01-19 15:30:00,Z020,25.0
2026-01-19 16:00:00,Z020,22.0
2026-01-19 16:30:00,Z020,22.0
2026-01-19 17:00:00,Z020,19.0
2026-01-19 17:30:00,Z020,19.0
2026-01-19 18:00:00,Z020,38.0
2026-01-19 18:30:00,Z020,50.0
2026-01-19 19:00:00,Z020,50.0
2026-01-19 19:30:00,Z020,50.0
2026-01-19 20:00:00,Z020,50.0
2026-01-19 20:30:00,Z020,33.0
2026-01-19 21:00:00,Z020,20.0
2026-01-19 21:30:00,Z020,20.0
2026-01-19 22:00:00,Z020,19.0
2026-01-19 22:30:00,Z020,15.0
2026-01-19 23:00:00,Z020,12.0
2026-01-19 23:30:00,Z020,8.0
2026-01-20 00:00:00,Z020,8.0
2026-01-20 00:30:00,Z020,6.0
2026-01-20 01:00:00,Z020,4.0
2026-01-20 01:30:00,Z020,3.0
2026-01-20 02:00:00,Z020,3.0
2026-01-20 02:30:00,Z020,2.0
2026-01-20 03:00:00,Z020,0.0
2026-01-20 03:30:00,Z020,0.0
2026-01-20 04:00:00,Z020,0.0
2026-01-20 04:30:00,Z020,0.0
2026-01-20 05:00:00,Z020,1.0
2026-01-20 05:30:00,Z020,7.0
2026-01-20 06:00:00,Z020,12.0
2026-01-20 06:30:00,Z020,13.0
2026-01-20 07:00:00,Z020,12.0
2026-01-20 07:30:00,Z020,10.0
2026-01-20 08:00:00,Z020,12.0
2026-01-20 08:30:00,Z020,20.0
2026-01-20 09:00:00,Z020,27.0
2026-01-20 09:30:00,Z020,32.0
2026-01-20 10:00:00,Z020,34.0
2026-01-20 10:30:00,Z020,37.0
2026-01-20 11:00:00,Z020,39.0
2026-01-20 11:30:00,Z020,29.0
2026-01-20 12:00:00,Z020,22.0
2026-01-20 12:30:00,Z020,24.0
2026-01-20 13:00:00,Z020,38.0
2026-01-20 13:30:00,Z020,46.0
2026-01-20 14:00:00,Z020,49.0
2026-01-20 14:30:00,Z020,37.0
2026-01-20 15:00:00,Z020,31.0
2026-01-20 15:30:00,Z020,22.0
2026-01-20 16:00:00,Z020,17.0
2026-01-20 16:30:00,Z020,14.0
2026-01-20 17:00:00,Z020,18.0
2026-01-20 17:30:00,Z020,38.0
2026-01-20 18:00:00,Z020,48.0
2026-01-20 18:30:00,Z020,56.0
2026-01-20 19:00:00,Z020,64.0
2026-01-20 19:30:00,Z020,72.0
2026-01-20 20:00:00,Z020,58.0
2026-01-20 20:30:00,Z020,45.0
2026-01-20 21:00:00,Z020,36.0
2026-01-20 21:30:00,Z020,31.0
2026-01-20 22:00:00,Z020,16.0
2026-01-20 22:30:00,Z020,13.0
2026-01-20 23:00:00,Z020,10.0
2026-01-20 23:30:00,Z020,10.0
2026-01-21 00:00:00,Z020,8.0
2026-01-21 00:30:00,Z020,7.0
2026-01-21 01:00:00,Z020,7.0
2026-01-21 01:30:00,Z020,4.0
2026-01-21 02:00:00,Z020,4.0
2026-01-21 02:30:00,Z020,4.0
2026-01-21 03:00:00,Z020,6.0
2026-01-21 03:30:00,Z020,3.0
2026-01-21 04:00:00,Z020,2.0
2026-01-21 04:30:00,Z020,1.0
2026-01-21 05:00:00,Z020,1.0
2026-01-21 05:30:00,Z020,3.0
2026-01-21 06:00:00,Z020,4.0
2026-01-21 06:30:00,Z020,4.0
2026-01-21 07:00:00,Z020,4.0
2026-01-21 07:30:00,Z020,8.0
2026-01-21 08:00:00,Z020,11.0
2026-01-21 08:30:00,Z020,18.0
2026-01-21 09:00:00,Z020,23.0
2026-01-21 09:30:00,Z020,20.0
2026-01-21 10:00:00,Z020,24.0
2026-01-21 10:30:00,Z020,33.0
2026-01-21 11:00:00,Z020,38.0
2026-01-21 11:30:00,Z020,29.0
2026-01-21 12:00:00,Z020,25.0
2026-01-21 12:30:00,Z020,38.0
2026-01-21 13:00:00,Z020,45.0
2026-01-21 13:30:00,Z020,45.0
2026-01-21 14:00:00,Z020,53.0
2026-01-21 14:30:00,Z020,42.0
2026-01-21 15:00:00,Z020,29.0
2026-01-21 15:30:00,Z020,24.0
2026-01-21 16:00:00,Z020,20.0
2026-01-21 16:30:00,Z020,18.0
2026-01-21 17:00:00,Z020,15.0
2026-01-21 17:30:00,Z020,21.0
2026-01-21 18:00:00,Z020,33.0
2026-01-21 18:30:00,Z020,51.0
2026-01-21 19:00:00,Z020,54.0
2026-01-21 19:30:00,Z020,56.0
2026-01-21 20:00:00,Z020,64.0
2026-01-21 20:30:00,Z020,46.0
2026-01-21 21:00:00,Z020,26.0
2026-01-21 21:30:00,Z020,19.0
2026-01-21 22:00:00,Z020,16.0
2026-01-21 22:30:00,Z020,11.0
2026-01-21 23:00:00,Z020,12.0
