timestamp,zone_id,current_occupancy,actual_occupancy,predicted_occupancy,capacity,risk_level,is_validation
2026-01-14 23:00:00,Z001,4.0,4.0,3.6,40,LOW,0
2026-01-14 23:30:00,Z001,4.0,4.0,3.6,40,LOW,0
2026-01-15 00:00:00,Z001,4.0,3.0,3.0,40,LOW,0
2026-01-15 00:30:00,Z001,3.0,1.0,1.5,40,LOW,0
2026-01-15 01:00:00,Z001,1.0,0.0,0.6,40,LOW,0
2026-01-15 01:30:00,Z001,0.0,0.0,0.1,40,LOW,0
2026-01-15 02:00:00,Z001,0.0,0.0,0.1,40,LOW,0
2026-01-15 02:30:00,Z001,0.0,0.0,0.1,40,LOW,0
2026-01-15 03:00:00,Z001,0.0,1.0,0.3,40,LOW,0
2026-01-15 03:30:00,Z001,1.0,1.0,1.0,40,LOW,0
2026-01-15 04:00:00,Z001,1.0,1.0,1.0,40,LOW,0
2026-01-15 04:30:00,Z001,1.0,1.0,1.0,40,LOW,0
2026-01-15 05:00:00,Z001,1.0,3.0,3.1,40,LOW,0
2026-01-15 05:30:00,Z001,3.0,3.0,3.9,40,LOW,0
2026-01-15 06:00:00,Z001,3.0,5.0,4.1,40,LOW,0
2026-01-15 06:30:00,Z001,5.0,8.0,7.3,40,LOW,0
2026-01-15 07:00:00,Z001,8.0,6.0,6.7,40,LOW,0
2026-01-15 07:30:00,Z001,6.0,7.0,6.4,40,LOW,0
2026-01-15 08:00:00,Z001,7.0,13.0,11.7,40,LOW,1
2026-01-15 08:30:00,Z001,13.0,14.0,16.5,40,LOW,0
2026-01-15 09:00:00,Z001,14.0,19.0,17.0,40,LOW,0
2026-01-15 09:30:00,Z001,19.0,18.0,17.5,40,LOW,0
2026-01-15 10:00:00,Z001,18.0,17.0,17.6,40,LOW,0
2026-01-15 10:30:00,Z001,17.0,14.0,16.1,40,LOW,0
2026-01-15 11:00:00,Z001,14.0,8.0,9.7,40,LOW,0
2026-01-15 11:30:00,Z001,8.0,13.0,8.5,40,LOW,1
2026-01-15 12:00:00,Z001,13.0,18.0,18.1,40,LOW,0
2026-01-15 12:30:00,Z001,18.0,15.0,16.3,40,LOW,1
2026-01-15 13:00:00,Z001,15.0,16.0,17.3,40,LOW,0
2026-01-15 13:30:00,Z001,16.0,17.0,17.9,40,LOW,0
2026-01-15 14:00:00,Z001,17.0,14.0,13.0,40,LOW,0
2026-01-15 14:30:00,Z001,14.0,13.0,11.5,40,LOW,0
2026-01-15 15:00:00,Z001,13.0,9.0,9.9,40,LOW,0
2026-01-15 15:30:00,Z001,9.0,6.0,7.2,40,LOW,0
2026-01-15 16:00:00,Z001,6.0,5.0,5.1,40,LOW,0
2026-01-15 16:30:00,Z001,5.0,4.0,5.3,40,LOW,1
2026-01-15 17:00:00,Z001,4.0,11.0,10.7,40,LOW,0
2026-01-15 17:30:00,Z001,11.0,19.0,15.7,40,LOW,1
2026-01-15 18:00:00,Z001,19.0,20.0,23.9,40,LOW,1
2026-01-15 18:30:00,Z001,20.0,29.0,25.2,40,MEDIUM,0
2026-01-15 19:00:00,Z001,29.0,21.0,24.6,40,MEDIUM,0
2026-01-15 19:30:00,Z001,21.0,22.0,23.2,40,LOW,0
2026-01-15 20:00:00,Z001,22.0,15.0,14.0,40,LOW,0
2026-01-15 20:30:00,Z001,15.0,8.0,8.8,40,LOW,0
2026-01-15 21:00:00,Z001,8.0,6.0,5.6,40,LOW,1
2026-01-15 21:30:00,Z001,6.0,7.0,6.6,40,LOW,1
2026-01-15 22:00:00,Z001,7.0,6.0,6.3,40,LOW,0
2026-01-15 22:30:00,Z001,6.0,8.0,7.2,40,LOW,0
2026-01-15 23:00:00,Z001,8.0,8.0,6.2,40,LOW,1
2026-01-15 23:30:00,Z001,8.0,7.0,6.2,40,LOW,0
2026-01-16 00:00:00,Z001,7.0,5.0,4.4,40,LOW,0
2026-01-16 00:30:00,Z001,5.0,3.0,3.1,40,LOW,0
2026-01-16 01:00:00,Z001,3.0,2.0,1.5,40,LOW,0
2026-01-16 01:30:00,Z001,2.0,1.0,1.0,40,LOW,0
2026-01-16 02:00:00,Z001,1.0,0.0,1.1,40,LOW,1
2026-01-16 02:30:00,Z001,0.0,1.0,0.7,40,LOW,0
2026-01-16 03:00:00,Z001,1.0,1.0,1.1,40,LOW,0
2026-01-16 03:30:00,Z001,1.0,1.0,1.1,40,LOW,0
2026-01-16 04:00:00,Z001,1.0,2.0,1.3,40,LOW,0
2026-01-16 04:30:00,Z001,2.0,1.0,1.6,40,LOW,1
2026-01-16 05:00:00,Z001,1.0,2.0,2.1,40,LOW,0
2026-01-16 05:30:00,Z001,2.0,1.0,2.3,40,LOW,0
2026-01-16 06:00:00,Z001,1.0,1.0,2.3,40,LOW,0
2026-01-16 06:30:00,Z001,1.0,1.0,2.3,40,LOW,1
2026-01-16 07:00:00,Z001,1.0,4.0,2.7,40,LOW,0
2026-01-16 07:30:00,Z001,4.0,6.0,4.9,40,LOW,1
2026-01-16 08:00:00,Z001,6.0,12.0,13.3,40,LOW,1
2026-01-16 08:30:00,Z001,12.0,14.0,15.1,40,LOW,0
2026-01-16 09:00:00,Z001,14.0,17.0,16.1,40,LOW,1
2026-01-16 09:30:00,Z001,17.0,6.0,13.0,40,LOW,0
2026-01-16 10:00:00,Z001,6.0,14.0,13.1,40,LOW,0
2026-01-16 10:30:00,Z001,14.0,17.0,15.7,40,LOW,1
2026-01-16 11:00:00,Z001,17.0,13.0,12.4,40,LOW,0
2026-01-16 11:30:00,Z001,13.0,10.0,9.6,40,LOW,0
2026-01-16 12:00:00,Z001,10.0,13.0,16.1,40,LOW,1
2026-01-16 12:30:00,Z001,13.0,16.0,17.6,40,LOW,0
2026-01-16 13:00:00,Z001,16.0,21.0,20.6,40,LOW,0
2026-01-16 13:30:00,Z001,21.0,18.0,19.6,40,LOW,0
2026-01-16 14:00:00,Z001,18.0,12.0,12.8,40,LOW,0
2026-01-16 14:30:00,Z001,12.0,9.0,8.9,40,LOW,0
2026-01-16 15:00:00,Z001,9.0,6.0,6.9,40,LOW,0
2026-01-16 15:30:00,Z001,6.0,7.0,4.6,40,LOW,1
2026-01-16 16:00:00,Z001,7.0,3.0,4.2,40,LOW,0
2026-01-16 16:30:00,Z001,3.0,1.0,2.8,40,LOW,0
2026-01-16 17:00:00,Z001,1.0,13.0,9.5,40,LOW,0
2026-01-16 17:30:00,Z001,13.0,14.0,16.1,40,LOW,0
2026-01-16 18:00:00,Z001,14.0,21.0,19.8,40,LOW,0
2026-01-16 18:30:00,Z001,21.0,22.0,20.6,40,LOW,0
2026-01-16 19:00:00,Z001,22.0,19.0,19.6,40,LOW,0
2026-01-16 19:30:00,Z001,19.0,21.0,22.1,40,LOW,0
2026-01-16 20:00:00,Z001,21.0,13.0,14.2,40,LOW,0
2026-01-16 20:30:00,Z001,13.0,11.0,9.6,40,LOW,0
2026-01-16 21:00:00,Z001,11.0,7.0,7.3,40,LOW,0
2026-01-16 21:30:00,Z001,7.0,7.0,6.4,40,LOW,0
2026-01-16 22:00:00,Z001,7.0,7.0,6.3,40,LOW,0
2026-01-16 22:30:00,Z001,7.0,6.0,6.3,40,LOW,0
2026-01-16 23:00:00,Z001,6.0,7.0,5.9,40,LOW,0
2026-01-16 23:30:00,Z001,7.0,3.0,5.7,40,LOW,0
2026-01-17 00:00:00,Z001,3.0,2.0,1.9,40,LOW,0
2026-01-17 00:30:00,Z001,2.0,0.0,0.9,40,LOW,0
2026-01-17 01:00:00,Z001,0.0,0.0,0.0,40,LOW,0
2026-01-17 01:30:00,Z001,0.0,0.0,0.0,40,LOW,0
2026-01-17 02:00:00,Z001,0.0,0.0,0.1,40,LOW,0
2026-01-17 02:30:00,Z001,0.0,0.0,0.1,40,LOW,0
2026-01-17 03:00:00,Z001,0.0,0.0,0.2,40,LOW,0
2026-01-17 03:30:00,Z001,0.0,0.0,0.2,40,LOW,0
2026-01-17 04:00:00,Z001,0.0,1.0,0.4,40,LOW,0
2026-01-17 04:30:00,Z001,1.0,1.0,0.8,40,LOW,0
2026-01-17 05:00:00,Z001,1.0,8.0,4.7,40,LOW,0
2026-01-17 05:30:00,Z001,8.0,9.0,7.2,40,LOW,0
2026-01-17 06:00:00,Z001,9.0,8.0,7.8,40,LOW,0
2026-01-17 06:30:00,Z001,8.0,5.0,6.7,40,LOW,0
2026-01-17 07:00:00,Z001,5.0,6.0,6.4,40,LOW,0
2026-01-17 07:30:00,Z001,6.0,7.0,6.3,40,LOW,0
2026-01-17 08:00:00,Z001,7.0,15.0,13.0,40,LOW,0
2026-01-17 08:30:00,Z001,15.0,24.0,20.0,40,LOW,0
2026-01-17 09:00:00,Z001,24.0,25.0,25.5,40,MEDIUM,0
2026-01-17 09:30:00,Z001,25.0,31.0,27.3,40,MEDIUM,0
2026-01-17 10:00:00,Z001,31.0,21.0,26.5,40,MEDIUM,0
2026-01-17 10:30:00,Z001,21.0,18.0,20.3,40,LOW,0
2026-01-17 11:00:00,Z001,18.0,10.0,11.4,40,LOW,0
2026-01-17 11:30:00,Z001,10.0,8.0,7.9,40,LOW,0
2026-01-17 12:00:00,Z001,8.0,15.0,14.2,40,LOW,0
2026-01-17 12:30:00,Z001,15.0,17.0,17.6,40,LOW,0
2026-01-17 13:00:00,Z001,17.0,17.0,18.3,40,LOW,0
2026-01-17 13:30:00,Z001,17.0,19.0,18.3,40,LOW,1
2026-01-17 14:00:00,Z001,19.0,13.0,14.0,40,LOW,0
2026-01-17 14:30:00,Z001,13.0,9.0,9.0,40,LOW,0
2026-01-17 15:00:00,Z001,9.0,11.0,8.4,40,LOW,0
2026-01-17 15:30:00,Z001,11.0,8.0,8.6,40,LOW,0
2026-01-17 16:00:00,Z001,8.0,9.0,7.7,40,LOW,0
2026-01-17 16:30:00,Z001,9.0,6.0,7.8,40,LOW,0
2026-01-17 17:00:00,Z001,6.0,13.0,13.6,40,LOW,0
2026-01-17 17:30:00,Z001,13.0,19.0,17.6,40,LOW,1
2026-01-17 18:00:00,Z001,19.0,20.0,22.9,40,LOW,0
2026-01-17 18:30:00,Z001,20.0,24.0,24.5,40,MEDIUM,0
2026-01-17 19:00:00,Z001,24.0,24.0,27.1,40,MEDIUM,0
2026-01-17 19:30:00,Z001,24.0,34.0,27.1,40,MEDIUM,0
2026-01-17 20:00:00,Z001,34.0,20.0,20.8,40,LOW,0
2026-01-17 20:30:00,Z001,20.0,12.0,12.3,40,LOW,0
2026-01-17 21:00:00,Z001,12.0,6.0,7.3,40,LOW,0
2026-01-17 21:30:00,Z001,6.0,8.0,7.4,40,LOW,0
2026-01-17 22:00:00,Z001,8.0,8.0,5.8,40,LOW,1
2026-01-17 22:30:00,Z001,8.0,5.0,5.8,40,LOW,0
2026-01-17 23:00:00,Z001,5.0,5.0,4.5,40,LOW,0
2026-01-17 23:30:00,Z001,5.0,4.0,4.5,40,LOW,0
2026-01-18 00:00:00,Z001,4.0,3.0,3.0,40,LOW,0
2026-01-18 00:30:00,Z001,3.0,3.0,1.2,40,LOW,1
2026-01-18 01:00:00,Z001,3.0,0.0,1.2,40,LOW,0
2026-01-18 01:30:00,Z001,0.0,0.0,0.0,40,LOW,0
2026-01-18 02:00:00,Z001,0.0,0.0,0.1,40,LOW,1
2026-01-18 02:30:00,Z001,0.0,0.0,0.1,40,LOW,0
2026-01-18 03:00:00,Z001,0.0,0.0,0.0,40,LOW,0
2026-01-18 03:30:00,Z001,0.0,0.0,0.0,40,LOW,0
2026-01-18 04:00:00,Z001,0.0,0.0,0.1,40,LOW,0
2026-01-18 04:30:00,Z001,0.0,0.0,0.1,40,LOW,0
2026-01-18 05:00:00,Z001,0.0,1.0,2.8,40,LOW,1
2026-01-18 05:30:00,Z001,1.0,3.0,3.3,40,LOW,0
2026-01-18 06:00:00,Z001,3.0,3.0,3.4,40,LOW,1
2026-01-18 06:30:00,Z001,3.0,3.0,3.4,40,LOW,0
2026-01-18 07:00:00,Z001,3.0,3.0,3.5,40,LOW,0
2026-01-18 07:30:00,Z001,3.0,4.0,3.5,40,LOW,0
2026-01-18 08:00:00,Z001,4.0,5.0,6.3,40,LOW,0
2026-01-18 08:30:00,Z001,5.0,8.0,9.2,40,LOW,0
2026-01-18 09:00:00,Z001,8.0,15.0,13.0,40,LOW,0
2026-01-18 09:30:00,Z001,15.0,16.0,15.7,40,LOW,0
2026-01-18 10:00:00,Z001,16.0,16.0,15.4,40,LOW,1
2026-01-18 10:30:00,Z001,16.0,15.0,15.4,40,LOW,0
2026-01-18 11:00:00,Z001,15.0,9.0,10.6,40,LOW,0
2026-01-18 11:30:00,Z001,9.0,4.0,6.8,40,LOW,0
2026-01-18 12:00:00,Z001,4.0,6.0,6.2,40,LOW,0
2026-01-18 12:30:00,Z001,6.0,10.0,11.6,40,LOW,1
2026-01-18 13:00:00,Z001,10.0,17.0,15.9,40,LOW,0
2026-01-18 13:30:00,Z001,17.0,18.0,19.5,40,LOW,1
2026-01-18 14:00:00,Z001,18.0,16.0,13.9,40,LOW,0
2026-01-18 14:30:00,Z001,16.0,12.0,11.8,40,LOW,0
2026-01-18 15:00:00,Z001,12.0,5.0,7.3,40,LOW,0
2026-01-18 15:30:00,Z001,5.0,3.0,3.5,40,LOW,0
2026-01-18 16:00:00,Z001,3.0,3.0,2.6,40,LOW,0
2026-01-18 16:30:00,Z001,3.0,2.0,2.6,40,LOW,0
2026-01-18 17:00:00,Z001,2.0,13.0,11.1,40,LOW,0
2026-01-18 17:30:00,Z001,13.0,16.0,16.2,40,LOW,0
2026-01-18 18:00:00,Z001,16.0,21.0,19.2,40,LOW,1
2026-01-18 18:30:00,Z001,21.0,20.0,20.3,40,LOW,0
2026-01-18 19:00:00,Z001,20.0,19.0,19.7,40,LOW,0
2026-01-18 19:30:00,Z001,19.0,22.0,22.5,40,LOW,0
2026-01-18 20:00:00,Z001,22.0,19.0,14.9,40,LOW,1
2026-01-18 20:30:00,Z001,19.0,9.0,9.7,40,LOW,0
2026-01-18 21:00:00,Z001,9.0,6.0,7.0,40,LOW,0
2026-01-18 21:30:00,Z001,6.0,6.0,5.8,40,LOW,0
2026-01-18 22:00:00,Z001,6.0,5.0,5.7,40,LOW,0
2026-01-18 22:30:00,Z001,5.0,2.0,4.4,40,LOW,0
2026-01-18 23:00:00,Z001,2.0,3.0,3.8,40,LOW,0
2026-01-18 23:30:00,Z001,3.0,4.0,3.9,40,LOW,0
2026-01-19 00:00:00,Z001,4.0,3.0,2.8,40,LOW,0
2026-01-19 00:30:00,Z001,3.0,2.0,1.7,40,LOW,0
2026-01-19 01:00:00,Z001,2.0,2.0,2.0,40,LOW,0
2026-01-19 01:30:00,Z001,2.0,2.0,2.0,40,LOW,0
2026-01-19 02:00:00,Z001,2.0,1.0,1.6,40,LOW,0
2026-01-19 02:30:00,Z001,1.0,1.0,0.8,40,LOW,0
2026-01-19 03:00:00,Z001,1.0,0.0,0.5,40,LOW,0
2026-01-19 03:30:00,Z001,0.0,0.0,0.2,40,LOW,0
2026-01-19 04:00:00,Z001,0.0,0.0,0.3,40,LOW,0
2026-01-19 04:30:00,Z001,0.0,0.0,0.3,40,LOW,0
2026-01-19 05:00:00,Z001,0.0,1.0,2.4,40,LOW,0
2026-01-19 05:30:00,Z001,1.0,4.0,3.2,40,LOW,0
2026-01-19 06:00:00,Z001,4.0,9.0,7.1,40,LOW,0
2026-01-19 06:30:00,Z001,9.0,4.0,6.8,40,LOW,0
2026-01-19 07:00:00,Z001,4.0,6.0,6.9,40,LOW,1
2026-01-19 07:30:00,Z001,6.0,3.0,5.3,40,LOW,0
2026-01-19 08:00:00,Z001,3.0,14.0,9.9,40,LOW,0
2026-01-19 08:30:00,Z001,14.0,19.0,16.8,40,LOW,0
2026-01-19 09:00:00,Z001,19.0,16.0,16.1,40,LOW,0
2026-01-19 09:30:00,Z001,16.0,13.0,13.7,40,LOW,0
2026-01-19 10:00:00,Z001,13.0,8.0,15.7,40,LOW,1
2026-01-19 10:30:00,Z001,8.0,9.0,10.0,40,LOW,0
2026-01-19 11:00:00,Z001,9.0,11.0,9.1,40,LOW,0
2026-01-19 11:30:00,Z001,11.0,9.0,9.0,40,LOW,0
2026-01-19 12:00:00,Z001,9.0,17.0,15.3,40,LOW,0
2026-01-19 12:30:00,Z001,17.0,19.0,17.8,40,LOW,0
2026-01-19 13:00:00,Z001,19.0,19.0,17.3,40,LOW,0
2026-01-19 13:30:00,Z001,19.0,14.0,17.3,40,LOW,0
2026-01-19 14:00:00,Z001,14.0,9.0,9.5,40,LOW,0
2026-01-19 14:30:00,Z001,9.0,6.0,7.9,40,LOW,0
2026-01-19 15:00:00,Z001,6.0,10.0,7.9,40,LOW,0
2026-01-19 15:30:00,Z001,10.0,12.0,8.5,40,LOW,0
2026-01-19 16:00:00,Z001,12.0,11.0,9.4,40,LOW,0
2026-01-19 16:30:00,Z001,11.0,8.0,8.7,40,LOW,0
2026-01-19 17:00:00,Z001,8.0,14.0,13.8,40,LOW,0
2026-01-19 17:30:00,Z001,14.0,18.0,18.4,40,LOW,0
2026-01-19 18:00:00,Z001,18.0,22.0,20.9,40,LOW,1
2026-01-19 18:30:00,Z001,22.0,33.0,25.6,40,MEDIUM,0
2026-01-19 19:00:00,Z001,33.0,31.0,31.0,40,MEDIUM,1
2026-01-19 19:30:00,Z001,31.0,25.0,27.8,40,MEDIUM,0
2026-01-19 20:00:00,Z001,25.0,15.0,17.2,40,LOW,0
2026-01-19 20:30:00,Z001,15.0,9.0,10.0,40,LOW,0
2026-01-19 21:00:00,Z001,9.0,8.0,8.0,40,LOW,0
2026-01-19 21:30:00,Z001,8.0,6.0,8.1,40,LOW,1
2026-01-19 22:00:00,Z001,6.0,10.0,7.7,40,LOW,0
2026-01-19 22:30:00,Z001,10.0,6.0,6.8,40,LOW,0
2026-01-19 23:00:00,Z001,6.0,8.0,7.6,40,LOW,0
2026-01-19 23:30:00,Z001,8.0,7.0,8.0,40,LOW,1
2026-01-20 00:00:00,Z001,7.0,3.0,3.7,40,LOW,0
2026-01-20 00:30:00,Z001,3.0,1.0,1.4,40,LOW,0
2026-01-20 01:00:00,Z001,1.0,1.0,1.1,40,LOW,0
2026-01-20 01:30:00,Z001,1.0,2.0,1.1,40,LOW,0
2026-01-20 02:00:00,Z001,2.0,1.0,1.2,40,LOW,0
2026-01-20 02:30:00,Z001,1.0,0.0,0.7,40,LOW,0
2026-01-20 03:00:00,Z001,0.0,0.0,0.5,40,LOW,0
2026-01-20 03:30:00,Z001,0.0,0.0,0.5,40,LOW,0
2026-01-20 04:00:00,Z001,0.0,2.0,0.9,40,LOW,0
2026-01-20 04:30:00,Z001,2.0,2.0,1.5,40,LOW,1
2026-01-20 05:00:00,Z001,2.0,2.0,2.7,40,LOW,0
2026-01-20 05:30:00,Z001,2.0,3.0,2.7,40,LOW,0
2026-01-20 06:00:00,Z001,3.0,4.0,3.4,40,LOW,0
2026-01-20 06:30:00,Z001,4.0,6.0,6.4,40,LOW,0
2026-01-20 07:00:00,Z001,6.0,6.0,6.0,40,LOW,0
2026-01-20 07:30:00,Z001,6.0,7.0,6.0,40,LOW,1
2026-01-20 08:00:00,Z001,7.0,15.0,9.5,40,LOW,1
2026-01-20 08:30:00,Z001,15.0,16.0,16.1,40,LOW,0
2026-01-20 09:00:00,Z001,16.0,21.0,14.5,40,LOW,1
2026-01-20 09:30:00,Z001,21.0,22.0,19.1,40,LOW,0
2026-01-20 10:00:00,Z001,22.0,13.0,16.7,40,LOW,0
2026-01-20 10:30:00,Z001,13.0,16.0,16.2,40,LOW,0
2026-01-20 11:00:00,Z001,16.0,11.0,11.9,40,LOW,1
2026-01-20 11:30:00,Z001,11.0,9.0,8.5,40,LOW,0
2026-01-20 12:00:00,Z001,9.0,13.0,15.9,40,LOW,1
2026-01-20 12:30:00,Z001,13.0,16.0,17.0,40,LOW,0
2026-01-20 13:00:00,Z001,16.0,22.0,21.6,40,LOW,0
2026-01-20 13:30:00,Z001,22.0,23.0,22.6,40,LOW,0
2026-01-20 14:00:00,Z001,23.0,18.0,18.3,40,LOW,0
2026-01-20 14:30:00,Z001,18.0,10.0,11.1,40,LOW,0
2026-01-20 15:00:00,Z001,10.0,6.0,6.9,40,LOW,0
2026-01-20 15:30:00,Z001,6.0,2.0,3.9,40,LOW,0
2026-01-20 16:00:00,Z001,2.0,5.0,4.8,40,LOW,0
2026-01-20 16:30:00,Z001,5.0,4.0,4.4,40,LOW,0
2026-01-20 17:00:00,Z001,4.0,11.0,11.1,40,LOW,0
2026-01-20 17:30:00,Z001,11.0,17.0,16.8,40,LOW,0
2026-01-20 18:00:00,Z001,17.0,21.0,21.2,40,LOW,0
2026-01-20 18:30:00,Z001,21.0,27.0,24.4,40,MEDIUM,0
2026-01-20 19:00:00,Z001,27.0,27.0,23.8,40,LOW,0
2026-01-20 19:30:00,Z001,27.0,17.0,23.8,40,LOW,0
2026-01-20 20:00:00,Z001,17.0,12.0,10.2,40,LOW,0
2026-01-20 20:30:00,Z001,12.0,11.0,8.4,40,LOW,1
2026-01-20 21:00:00,Z001,11.0,9.0,8.4,40,LOW,0
2026-01-20 21:30:00,Z001,9.0,11.0,9.5,40,LOW,0
2026-01-20 22:00:00,Z001,11.0,8.0,8.3,40,LOW,0
2026-01-20 22:30:00,Z001,8.0,10.0,8.8,40,LOW,0
2026-01-20 23:00:00,Z001,10.0,10.0,9.1,40,LOW,0
2026-01-20 23:30:00,Z001,10.0,7.0,9.1,40,LOW,1
2026-01-21 00:00:00,Z001,7.0,5.0,3.9,40,LOW,1
2026-01-21 00:30:00,Z001,5.0,3.0,3.4,40,LOW,0
2026-01-21 01:00:00,Z001,3.0,1.0,1.4,40,LOW,0
2026-01-21 01:30:00,Z001,1.0,0.0,0.7,40,LOW,1
2026-01-21 02:00:00,Z001,0.0,1.0,0.7,40,LOW,0
2026-01-21 02:30:00,Z001,1.0,0.0,0.6,40,LOW,0
2026-01-21 03:00:00,Z001,0.0,1.0,0.6,40,LOW,0
2026-01-21 03:30:00,Z001,1.0,1.0,0.5,40,LOW,1
2026-01-21 04:00:00,Z001,1.0,1.0,0.8,40,LOW,0
2026-01-21 04:30:00,Z001,1.0,0.0,0.8,40,LOW,0
2026-01-21 05:00:00,Z001,0.0,5.0,2.6,40,LOW,1
2026-01-21 05:30:00,Z001,5.0,9.0,5.8,40,LOW,1
2026-01-21 06:00:00,Z001,9.0,8.0,7.6,40,LOW,0
2026-01-21 06:30:00,Z001,8.0,7.0,7.2,40,LOW,0
2026-01-21 07:00:00,Z001,7.0,8.0,7.3,40,LOW,0
2026-01-21 07:30:00,Z001,8.0,10.0,7.6,40,LOW,0
2026-01-21 08:00:00,Z001,10.0,13.0,15.8,40,LOW,0
2026-01-21 08:30:00,Z001,13.0,14.0,15.6,40,LOW,1
2026-01-21 09:00:00,Z001,14.0,13.0,14.5,40,LOW,0
2026-01-21 09:30:00,Z001,13.0,12.0,14.4,40,LOW,0
2026-01-21 10:00:00,Z001,12.0,14.0,14.8,40,LOW,1
2026-01-21 10:30:00,Z001,14.0,15.0,14.2,40,LOW,0
2026-01-21 11:00:00,Z001,15.0,11.0,11.0,40,LOW,0
2026-01-21 11:30:00,Z001,11.0,8.0,8.2,40,LOW,0
2026-01-21 12:00:00,Z001,8.0,14.0,14.1,40,LOW,0
2026-01-21 12:30:00,Z001,14.0,18.0,18.7,40,LOW,0
2026-01-21 13:00:00,Z001,18.0,16.0,16.5,40,LOW,0
2026-01-21 13:30:00,Z001,16.0,24.0,20.6,40,LOW,0
2026-01-21 14:00:00,Z001,24.0,18.0,17.7,40,LOW,0
2026-01-21 14:30:00,Z001,18.0,11.0,12.2,40,LOW,0
2026-01-21 15:00:00,Z001,11.0,8.0,8.5,40,LOW,0
2026-01-21 15:30:00,Z001,8.0,6.0,6.3,40,LOW,0
2026-01-21 16:00:00,Z001,6.0,6.0,6.2,40,LOW,0
2026-01-21 16:30:00,Z001,6.0,11.0,6.2,40,LOW,1
2026-01-21 17:00:00,Z001,11.0,11.0,14.3,40,LOW,0
2026-01-21 17:30:00,Z001,11.0,16.0,14.3,40,LOW,0
2026-01-21 18:00:00,Z001,16.0,21.0,20.0,40,LOW,0
2026-01-21 18:30:00,Z001,21.0,17.0,21.1,40,LOW,0
2026-01-21 19:00:00,Z001,17.0,19.0,20.2,40,LOW,0
2026-01-21 19:30:00,Z001,19.0,30.0,24.6,40,MEDIUM,0
2026-01-21 20:00:00,Z001,30.0,19.0,20.7,40,LOW,0
2026-01-21 20:30:00,Z001,19.0,8.0,9.8,40,LOW,0
2026-01-21 21:00:00,Z001,8.0,5.0,7.7,40,LOW,1
2026-01-21 21:30:00,Z001,5.0,2.0,3.2,40,LOW,0
2026-01-21 22:00:00,Z001,2.0,5.0,4.4,40,LOW,0
2026-01-21 22:30:00,Z001,5.0,10.0,4.8,40,LOW,1
2026-01-21 23:00:00,Z001,10.0,10.0,7.9,40,LOW,1
2026-01-14 23:00:00,Z002,20.0,19.0,17.9,122,LOW,0
2026-01-14 23:30:00,Z002,19.0,20.0,17.9,122,LOW,0
2026-01-15 00:00:00,Z002,20.0,14.0,13.7,122,LOW,0
2026-01-15 00:30:00,Z002,14.0,8.0,9.3,122,LOW,0
2026-01-15 01:00:00,Z002,8.0,4.0,4.4,122,LOW,0
2026-01-15 01:30:00,Z002,4.0,3.0,2.9,122,LOW,0
2026-01-15 02:00:00,Z002,3.0,2.0,2.4,122,LOW,0
2026-01-15 02:30:00,Z002,2.0,4.0,2.8,122,LOW,0
2026-01-15 03:00:00,Z002,4.0,2.0,2.5,122,LOW,0
2026-01-15 03:30:00,Z002,2.0,2.0,2.0,122,LOW,0
2026-01-15 04:00:00,Z002,2.0,2.0,1.7,122,LOW,0
2026-01-15 04:30:00,Z002,2.0,1.0,1.7,122,LOW,0
2026-01-15 05:00:00,Z002,1.0,4.0,4.4,122,LOW,0
2026-01-15 05:30:00,Z002,4.0,10.0,9.2,122,LOW,0
2026-01-15 06:00:00,Z002,10.0,13.0,12.9,122,LOW,1
2026-01-15 06:30:00,Z002,13.0,15.0,14.6,122,LOW,1
2026-01-15 07:00:00,Z002,15.0,19.0,17.9,122,LOW,0
2026-01-15 07:30:00,Z002,19.0,16.0,16.0,122,LOW,0
2026-01-15 08:00:00,Z002,16.0,30.0,29.1,122,LOW,0
2026-01-15 08:30:00,Z002,30.0,33.0,35.9,122,LOW,0
2026-01-15 09:00:00,Z002,33.0,37.0,39.5,122,LOW,1
2026-01-15 09:30:00,Z002,37.0,45.0,39.7,122,LOW,1
2026-01-15 10:00:00,Z002,45.0,47.0,46.1,122,LOW,0
2026-01-15 10:30:00,Z002,47.0,37.0,43.5,122,LOW,0
2026-01-15 11:00:00,Z002,37.0,27.0,27.6,122,LOW,0
2026-01-15 11:30:00,Z002,27.0,22.0,25.6,122,LOW,0
2026-01-15 12:00:00,Z002,22.0,35.0,32.7,122,LOW,0
2026-01-15 12:30:00,Z002,35.0,39.0,43.2,122,LOW,1
2026-01-15 13:00:00,Z002,39.0,50.0,43.6,122,LOW,1
2026-01-15 13:30:00,Z002,50.0,53.0,52.4,122,LOW,0
2026-01-15 14:00:00,Z002,53.0,43.0,41.2,122,LOW,0
2026-01-15 14:30:00,Z002,43.0,21.0,28.0,122,LOW,0
2026-01-15 15:00:00,Z002,21.0,14.0,17.2,122,LOW,0
2026-01-15 15:30:00,Z002,14.0,13.0,11.7,122,LOW,1
2026-01-15 16:00:00,Z002,13.0,11.0,12.2,122,LOW,0
2026-01-15 16:30:00,Z002,11.0,10.0,14.0,122,LOW,1
2026-01-15 17:00:00,Z002,10.0,33.0,22.8,122,LOW,1
2026-01-15 17:30:00,Z002,33.0,52.0,49.4,122,LOW,0
2026-01-15 18:00:00,Z002,52.0,57.0,55.9,122,LOW,0
2026-01-15 18:30:00,Z002,57.0,57.0,57.9,122,LOW,0
2026-01-15 19:00:00,Z002,57.0,57.0,56.5,122,LOW,0
2026-01-15 19:30:00,Z002,57.0,53.0,56.5,122,LOW,0
2026-01-15 20:00:00,Z002,53.0,38.0,38.6,122,LOW,0
2026-01-15 20:30:00,Z002,38.0,28.0,28.4,122,LOW,0
2026-01-15 21:00:00,Z002,28.0,21.0,21.2,122,LOW,0
2026-01-15 21:30:00,Z002,21.0,17.0,17.8,122,LOW,1
2026-01-15 22:00:00,Z002,17.0,15.0,16.3,122,LOW,0
2026-01-15 22:30:00,Z002,15.0,15.0,15.8,122,LOW,0
2026-01-15 23:00:00,Z002,15.0,17.0,16.5,122,LOW,0
2026-01-15 23:30:00,Z002,17.0,22.0,17.8,122,LOW,0
2026-01-16 00:00:00,Z002,22.0,16.0,14.8,122,LOW,0
2026-01-16 00:30:00,Z002,16.0,10.0,10.7,122,LOW,0
2026-01-16 01:00:00,Z002,10.0,9.0,5.5,122,LOW,1
2026-01-16 01:30:00,Z002,9.0,8.0,5.2,122,LOW,1
2026-01-16 02:00:00,Z002,8.0,6.0,5.3,122,LOW,1
2026-01-16 02:30:00,Z002,6.0,6.0,4.5,122,LOW,0
2026-01-16 03:00:00,Z002,6.0,3.0,4.1,122,LOW,0
2026-01-16 03:30:00,Z002,3.0,2.0,2.0,122,LOW,0
2026-01-16 04:00:00,Z002,2.0,2.0,2.3,122,LOW,0
2026-01-16 04:30:00,Z002,2.0,3.0,2.3,122,LOW,0
2026-01-16 05:00:00,Z002,3.0,7.0,7.4,122,LOW,0
2026-01-16 05:30:00,Z002,7.0,11.0,10.6,122,LOW,0
2026-01-16 06:00:00,Z002,11.0,12.0,12.0,122,LOW,1
2026-01-16 06:30:00,Z002,12.0,12.0,13.3,122,LOW,0
2026-01-16 07:00:00,Z002,12.0,12.0,13.2,122,LOW,0
2026-01-16 07:30:00,Z002,12.0,14.0,13.2,122,LOW,0
2026-01-16 08:00:00,Z002,14.0,30.0,28.6,122,LOW,0
2026-01-16 08:30:00,Z002,30.0,39.0,37.4,122,LOW,0
2026-01-16 09:00:00,Z002,39.0,40.0,40.9,122,LOW,0
2026-01-16 09:30:00,Z002,40.0,46.0,43.8,122,LOW,0
2026-01-16 10:00:00,Z002,46.0,45.0,46.1,122,LOW,1
2026-01-16 10:30:00,Z002,45.0,47.0,46.7,122,LOW,0
2026-01-16 11:00:00,Z002,47.0,32.0,34.6,122,LOW,0
2026-01-16 11:30:00,Z002,32.0,32.0,28.4,122,LOW,0
2026-01-16 12:00:00,Z002,32.0,37.0,35.3,122,LOW,0
2026-01-16 12:30:00,Z002,37.0,37.0,40.0,122,LOW,0
2026-01-16 13:00:00,Z002,37.0,41.0,41.4,122,LOW,0
2026-01-16 13:30:00,Z002,41.0,42.0,44.7,122,LOW,0
2026-01-16 14:00:00,Z002,42.0,36.0,33.4,122,LOW,0
2026-01-16 14:30:00,Z002,36.0,27.0,27.0,122,LOW,0
2026-01-16 15:00:00,Z002,27.0,23.0,23.5,122,LOW,0
2026-01-16 15:30:00,Z002,23.0,14.0,17.1,122,LOW,0
2026-01-16 16:00:00,Z002,14.0,13.0,13.7,122,LOW,0
2026-01-16 16:30:00,Z002,13.0,17.0,14.8,122,LOW,0
2026-01-16 17:00:00,Z002,17.0,23.0,27.5,122,LOW,0
2026-01-16 17:30:00,Z002,23.0,50.0,43.1,122,LOW,0
2026-01-16 18:00:00,Z002,50.0,55.0,55.8,122,LOW,0
2026-01-16 18:30:00,Z002,55.0,58.0,59.1,122,LOW,0
2026-01-16 19:00:00,Z002,58.0,66.0,64.3,122,LOW,0
2026-01-16 19:30:00,Z002,66.0,67.0,65.2,122,LOW,0
2026-01-16 20:00:00,Z002,67.0,52.0,52.1,122,LOW,1
2026-01-16 20:30:00,Z002,52.0,46.0,37.9,122,LOW,1
2026-01-16 21:00:00,Z002,46.0,34.0,35.4,122,LOW,0
2026-01-16 21:30:00,Z002,34.0,23.0,24.3,122,LOW,0
2026-01-16 22:00:00,Z002,23.0,17.0,18.8,122,LOW,0
2026-01-16 22:30:00,Z002,17.0,13.0,14.0,122,LOW,0
2026-01-16 23:00:00,Z002,13.0,10.0,11.8,122,LOW,0
2026-01-16 23:30:00,Z002,10.0,8.0,10.0,122,LOW,0
2026-01-17 00:00:00,Z002,8.0,2.0,3.7,122,LOW,0
2026-01-17 00:30:00,Z002,2.0,1.0,2.2,122,LOW,1
2026-01-17 01:00:00,Z002,1.0,1.0,0.7,122,LOW,0
2026-01-17 01:30:00,Z002,1.0,0.0,0.7,122,LOW,0
2026-01-17 02:00:00,Z002,0.0,0.0,0.5,122,LOW,0
2026-01-17 02:30:00,Z002,0.0,1.0,0.5,122,LOW,0
2026-01-17 03:00:00,Z002,1.0,2.0,1.2,122,LOW,0
2026-01-17 03:30:00,Z002,2.0,3.0,2.4,122,LOW,0
2026-01-17 04:00:00,Z002,3.0,4.0,2.5,122,LOW,1
2026-01-17 04:30:00,Z002,4.0,3.0,3.5,122,LOW,0
2026-01-17 05:00:00,Z002,3.0,6.0,7.2,122,LOW,0
2026-01-17 05:30:00,Z002,6.0,9.0,10.4,122,LOW,0
2026-01-17 06:00:00,Z002,9.0,14.0,12.9,122,LOW,0
2026-01-17 06:30:00,Z002,14.0,17.0,16.2,122,LOW,1
2026-01-17 07:00:00,Z002,17.0,15.0,16.3,122,LOW,0
2026-01-17 07:30:00,Z002,15.0,16.0,16.7,122,LOW,0
2026-01-17 08:00:00,Z002,16.0,17.0,24.7,122,LOW,0
2026-01-17 08:30:00,Z002,17.0,33.0,27.6,122,LOW,0
2026-01-17 09:00:00,Z002,33.0,35.0,37.2,122,LOW,0
2026-01-17 09:30:00,Z002,35.0,38.0,38.6,122,LOW,0
2026-01-17 10:00:00,Z002,38.0,43.0,42.0,122,LOW,0
2026-01-17 10:30:00,Z002,43.0,47.0,46.8,122,LOW,0
2026-01-17 11:00:00,Z002,47.0,38.0,36.9,122,LOW,0
2026-01-17 11:30:00,Z002,38.0,32.0,30.4,122,LOW,0
2026-01-17 12:00:00,Z002,32.0,43.0,39.4,122,LOW,0
2026-01-17 12:30:00,Z002,43.0,47.0,49.1,122,LOW,0
2026-01-17 13:00:00,Z002,47.0,55.0,53.6,122,LOW,0
2026-01-17 13:30:00,Z002,55.0,53.0,56.3,122,LOW,0
2026-01-17 14:00:00,Z002,53.0,38.0,40.6,122,LOW,0
2026-01-17 14:30:00,Z002,38.0,23.0,30.7,122,LOW,1
2026-01-17 15:00:00,Z002,23.0,23.0,21.6,122,LOW,1
2026-01-17 15:30:00,Z002,23.0,23.0,21.6,122,LOW,0
2026-01-17 16:00:00,Z002,23.0,20.0,21.5,122,LOW,1
2026-01-17 16:30:00,Z002,20.0,20.0,19.5,122,LOW,0
2026-01-17 17:00:00,Z002,20.0,43.0,36.9,122,LOW,0
2026-01-17 17:30:00,Z002,43.0,55.0,56.1,122,LOW,0
2026-01-17 18:00:00,Z002,55.0,62.0,59.4,122,LOW,0
2026-01-17 18:30:00,Z002,62.0,64.0,65.7,122,LOW,0
2026-01-17 19:00:00,Z002,64.0,61.0,62.3,122,LOW,0
2026-01-17 19:30:00,Z002,61.0,65.0,64.8,122,LOW,0
2026-01-17 20:00:00,Z002,65.0,53.0,46.4,122,LOW,1
2026-01-17 20:30:00,Z002,53.0,36.0,37.3,122,LOW,0
2026-01-17 21:00:00,Z002,36.0,25.0,27.1,122,LOW,0
2026-01-17 21:30:00,Z002,25.0,16.0,19.1,122,LOW,0
2026-01-17 22:00:00,Z002,16.0,14.0,16.9,122,LOW,0
2026-01-17 22:30:00,Z002,14.0,22.0,17.9,122,LOW,0
2026-01-17 23:00:00,Z002,22.0,25.0,22.8,122,LOW,0
2026-01-17 23:30:00,Z002,25.0,22.0,21.6,122,LOW,0
2026-01-18 00:00:00,Z002,22.0,13.0,13.8,122,LOW,0
2026-01-18 00:30:00,Z002,13.0,7.0,8.3,122,LOW,0
2026-01-18 01:00:00,Z002,7.0,4.0,4.2,122,LOW,0
2026-01-18 01:30:00,Z002,4.0,2.0,2.5,122,LOW,0
2026-01-18 02:00:00,Z002,2.0,1.0,1.4,122,LOW,0
2026-01-18 02:30:00,Z002,1.0,0.0,0.6,122,LOW,0
2026-01-18 03:00:00,Z002,0.0,0.0,0.6,122,LOW,0
2026-01-18 03:30:00,Z002,0.0,1.0,0.6,122,LOW,0
2026-01-18 04:00:00,Z002,1.0,1.0,0.7,122,LOW,0
2026-01-18 04:30:00,Z002,1.0,0.0,0.7,122,LOW,0
2026-01-18 05:00:00,Z002,0.0,6.0,5.8,122,LOW,0
2026-01-18 05:30:00,Z002,6.0,12.0,10.7,122,LOW,0
2026-01-18 06:00:00,Z002,12.0,18.0,16.8,122,LOW,0
2026-01-18 06:30:00,Z002,18.0,16.0,17.2,122,LOW,0
2026-01-18 07:00:00,Z002,16.0,13.0,16.6,122,LOW,1
2026-01-18 07:30:00,Z002,13.0,18.0,16.9,122,LOW,1
2026-01-18 08:00:00,Z002,18.0,25.0,26.5,122,LOW,0
2026-01-18 08:30:00,Z002,25.0,33.0,32.9,122,LOW,0
2026-01-18 09:00:00,Z002,33.0,44.0,40.8,122,LOW,0
2026-01-18 09:30:00,Z002,44.0,44.0,46.7,122,LOW,0
2026-01-18 10:00:00,Z002,44.0,47.0,46.1,122,LOW,0
2026-01-18 10:30:00,Z002,47.0,45.0,45.5,122,LOW,0
2026-01-18 11:00:00,Z002,45.0,30.0,32.5,122,LOW,0
2026-01-18 11:30:00,Z002,30.0,26.0,28.5,122,LOW,0
2026-01-18 12:00:00,Z002,26.0,26.0,31.6,122,LOW,0
2026-01-18 12:30:00,Z002,26.0,37.0,31.6,122,LOW,0
2026-01-18 13:00:00,Z002,37.0,46.0,43.6,122,LOW,0
2026-01-18 13:30:00,Z002,46.0,51.0,52.5,122,LOW,0
2026-01-18 14:00:00,Z002,51.0,43.0,41.9,122,LOW,0
2026-01-18 14:30:00,Z002,43.0,28.0,29.7,122,LOW,0
2026-01-18 15:00:00,Z002,28.0,20.0,22.9,122,LOW,1
2026-01-18 15:30:00,Z002,20.0,18.0,19.0,122,LOW,0
2026-01-18 16:00:00,Z002,18.0,21.0,19.2,122,LOW,0
2026-01-18 16:30:00,Z002,21.0,21.0,20.0,122,LOW,0
2026-01-18 17:00:00,Z002,21.0,30.0,34.4,122,LOW,0
2026-01-18 17:30:00,Z002,30.0,40.0,40.1,122,LOW,0
2026-01-18 18:00:00,Z002,40.0,53.0,52.4,122,LOW,0
2026-01-18 18:30:00,Z002,53.0,57.0,56.5,122,LOW,0
2026-01-18 19:00:00,Z002,57.0,58.0,59.1,122,LOW,0
2026-01-18 19:30:00,Z002,58.0,59.0,61.7,122,LOW,1
2026-01-18 20:00:00,Z002,59.0,50.0,44.5,122,LOW,0
2026-01-18 20:30:00,Z002,50.0,36.0,35.9,122,LOW,0
2026-01-18 21:00:00,Z002,36.0,31.0,28.2,122,LOW,0
2026-01-18 21:30:00,Z002,31.0,25.0,22.6,122,LOW,1
2026-01-18 22:00:00,Z002,25.0,21.0,20.8,122,LOW,0
2026-01-18 22:30:00,Z002,21.0,17.0,17.2,122,LOW,0
2026-01-18 23:00:00,Z002,17.0,19.0,15.1,122,LOW,1
2026-01-18 23:30:00,Z002,19.0,19.0,16.0,122,LOW,1
2026-01-19 00:00:00,Z002,19.0,13.0,13.5,122,LOW,0
2026-01-19 00:30:00,Z002,13.0,8.0,8.4,122,LOW,0
2026-01-19 01:00:00,Z002,8.0,5.0,5.0,122,LOW,0
2026-01-19 01:30:00,Z002,5.0,4.0,3.3,122,LOW,0
2026-01-19 02:00:00,Z002,4.0,5.0,3.8,122,LOW,0
2026-01-19 02:30:00,Z002,5.0,3.0,3.3,122,LOW,0
2026-01-19 03:00:00,Z002,3.0,2.0,2.1,122,LOW,0
2026-01-19 03:30:00,Z002,2.0,2.0,1.8,122,LOW,0
2026-01-19 04:00:00,Z002,2.0,2.0,1.9,122,LOW,0
2026-01-19 04:30:00,Z002,2.0,2.0,1.9,122,LOW,0
2026-01-19 05:00:00,Z002,2.0,2.0,5.3,122,LOW,0
2026-01-19 05:30:00,Z002,2.0,7.0,5.3,122,LOW,0
2026-01-19 06:00:00,Z002,7.0,9.0,10.2,122,LOW,0
2026-01-19 06:30:00,Z002,9.0,10.0,10.4,122,LOW,0
2026-01-19 07:00:00,Z002,10.0,11.0,11.8,122,LOW,0
2026-01-19 07:30:00,Z002,11.0,16.0,13.4,122,LOW,0
2026-01-19 08:00:00,Z002,16.0,32.0,29.3,122,LOW,0
2026-01-19 08:30:00,Z002,32.0,41.0,40.4,122,LOW,0
2026-01-19 09:00:00,Z002,41.0,42.0,41.7,122,LOW,0
2026-01-19 09:30:00,Z002,42.0,40.0,42.4,122,LOW,0
2026-01-19 10:00:00,Z002,40.0,39.0,40.9,122,LOW,0
2026-01-19 10:30:00,Z002,39.0,40.0,40.6,122,LOW,0
2026-01-19 11:00:00,Z002,40.0,23.0,26.9,122,LOW,0
2026-01-19 11:30:00,Z002,23.0,20.0,24.4,122,LOW,0
2026-01-19 12:00:00,Z002,20.0,31.0,29.8,122,LOW,0
2026-01-19 12:30:00,Z002,31.0,37.0,36.0,122,LOW,0
2026-01-19 13:00:00,Z002,37.0,41.0,41.8,122,LOW,0
2026-01-19 13:30:00,Z002,41.0,56.0,50.4,122,LOW,0
2026-01-19 14:00:00,Z002,56.0,41.0,41.8,122,LOW,0
2026-01-19 14:30:00,Z002,41.0,30.0,30.8,122,LOW,0
2026-01-19 15:00:00,Z002,30.0,27.0,23.8,122,LOW,1
2026-01-19 15:30:00,Z002,27.0,26.0,24.4,122,LOW,0
2026-01-19 16:00:00,Z002,26.0,21.0,22.7,122,LOW,0
2026-01-19 16:30:00,Z002,21.0,18.0,19.6,122,LOW,0
2026-01-19 17:00:00,Z002,18.0,28.0,28.4,122,LOW,1
2026-01-19 17:30:00,Z002,28.0,41.0,41.0,122,LOW,0
2026-01-19 18:00:00,Z002,41.0,52.0,53.3,122,LOW,0
2026-01-19 18:30:00,Z002,52.0,63.0,60.7,122,LOW,0
2026-01-19 19:00:00,Z002,63.0,67.0,67.7,122,LOW,0
2026-01-19 19:30:00,Z002,67.0,64.0,66.2,122,LOW,0
2026-01-19 20:00:00,Z002,64.0,51.0,44.9,122,LOW,1
2026-01-19 20:30:00,Z002,51.0,31.0,34.9,122,LOW,0
2026-01-19 21:00:00,Z002,31.0,21.0,21.4,122,LOW,0
2026-01-19 21:30:00,Z002,21.0,16.0,16.8,122,LOW,0
2026-01-19 22:00:00,Z002,16.0,16.0,15.4,122,LOW,0
2026-01-19 22:30:00,Z002,16.0,14.0,15.4,122,LOW,0
2026-01-19 23:00:00,Z002,14.0,15.0,15.4,122,LOW,0
2026-01-19 23:30:00,Z002,15.0,17.0,15.8,122,LOW,0
2026-01-20 00:00:00,Z002,17.0,11.0,11.3,122,LOW,0
2026-01-20 00:30:00,Z002,11.0,6.0,6.1,122,LOW,0
2026-01-20 01:00:00,Z002,6.0,4.0,3.8,122,LOW,0
2026-01-20 01:30:00,Z002,4.0,1.0,2.1,122,LOW,0
2026-01-20 02:00:00,Z002,1.0,1.0,1.1,122,LOW,0
2026-01-20 02:30:00,Z002,1.0,1.0,1.1,122,LOW,0
2026-01-20 03:00:00,Z002,1.0,0.0,0.7,122,LOW,0
2026-01-20 03:30:00,Z002,0.0,0.0,0.4,122,LOW,1
2026-01-20 04:00:00,Z002,0.0,0.0,0.5,122,LOW,0
2026-01-20 04:30:00,Z002,0.0,1.0,0.5,122,LOW,0
2026-01-20 05:00:00,Z002,1.0,6.0,5.1,122,LOW,0
2026-01-20 05:30:00,Z002,6.0,6.0,9.2,122,LOW,0
2026-01-20 06:00:00,Z002,6.0,13.0,10.3,122,LOW,0
2026-01-20 06:30:00,Z002,13.0,15.0,15.0,122,LOW,0
2026-01-20 07:00:00,Z002,15.0,21.0,18.1,122,LOW,0
2026-01-20 07:30:00,Z002,21.0,17.0,18.2,122,LOW,0
2026-01-20 08:00:00,Z002,17.0,26.0,27.7,122,LOW,0
2026-01-20 08:30:00,Z002,26.0,33.0,33.9,122,LOW,0
2026-01-20 09:00:00,Z002,33.0,36.0,37.9,122,LOW,0
2026-01-20 09:30:00,Z002,36.0,40.0,40.4,122,LOW,0
2026-01-20 10:00:00,Z002,40.0,43.0,42.2,122,LOW,0
2026-01-20 10:30:00,Z002,43.0,38.0,43.1,122,LOW,0
2026-01-20 11:00:00,Z002,38.0,33.0,31.1,122,LOW,0
2026-01-20 11:30:00,Z002,33.0,29.0,28.1,122,LOW,0
2026-01-20 12:00:00,Z002,29.0,34.0,34.9,122,LOW,0
2026-01-20 12:30:00,Z002,34.0,40.0,42.7,122,LOW,1
2026-01-20 13:00:00,Z002,40.0,48.0,47.3,122,LOW,0
2026-01-20 13:30:00,Z002,48.0,47.0,49.8,122,LOW,0
2026-01-20 14:00:00,Z002,47.0,35.0,36.0,122,LOW,0
2026-01-20 14:30:00,Z002,35.0,28.0,26.6,122,LOW,0
2026-01-20 15:00:00,Z002,28.0,22.0,22.4,122,LOW,0
2026-01-20 15:30:00,Z002,22.0,21.0,21.0,122,LOW,0
2026-01-20 16:00:00,Z002,21.0,25.0,21.3,122,LOW,0
2026-01-20 16:30:00,Z002,25.0,17.0,21.5,122,LOW,1
2026-01-20 17:00:00,Z002,17.0,20.0,24.6,122,LOW,0
2026-01-20 17:30:00,Z002,20.0,31.0,30.8,122,LOW,0
2026-01-20 18:00:00,Z002,31.0,42.0,42.6,122,LOW,0
2026-01-20 18:30:00,Z002,42.0,54.0,54.1,122,LOW,0
2026-01-20 19:00:00,Z002,54.0,56.0,56.3,122,LOW,1
2026-01-20 19:30:00,Z002,56.0,63.0,59.1,122,LOW,0
2026-01-20 20:00:00,Z002,63.0,43.0,44.3,122,LOW,1
2026-01-20 20:30:00,Z002,43.0,33.0,33.9,122,LOW,0
2026-01-20 21:00:00,Z002,33.0,25.0,24.3,122,LOW,0
2026-01-20 21:30:00,Z002,25.0,20.0,21.2,122,LOW,1
2026-01-20 22:00:00,Z002,20.0,18.0,17.4,122,LOW,0
2026-01-20 22:30:00,Z002,18.0,17.0,16.5,122,LOW,0
2026-01-20 23:00:00,Z002,17.0,13.0,14.1,122,LOW,0
2026-01-20 23:30:00,Z002,13.0,15.0,13.7,122,LOW,0
2026-01-21 00:00:00,Z002,15.0,13.0,11.4,122,LOW,0
2026-01-21 00:30:00,Z002,13.0,7.0,8.7,122,LOW,1
2026-01-21 01:00:00,Z002,7.0,3.0,3.7,122,LOW,0
2026-01-21 01:30:00,Z002,3.0,3.0,2.5,122,LOW,0
2026-01-21 02:00:00,Z002,3.0,1.0,2.2,122,LOW,0
2026-01-21 02:30:00,Z002,1.0,0.0,0.9,122,LOW,1
2026-01-21 03:00:00,Z002,0.0,0.0,0.6,122,LOW,0
2026-01-21 03:30:00,Z002,0.0,1.0,0.6,122,LOW,0
2026-01-21 04:00:00,Z002,1.0,0.0,0.6,122,LOW,0
2026-01-21 04:30:00,Z002,0.0,1.0,0.6,122,LOW,0
2026-01-21 05:00:00,Z002,1.0,7.0,5.9,122,LOW,0
2026-01-21 05:30:00,Z002,7.0,10.0,10.4,122,LOW,1
2026-01-21 06:00:00,Z002,10.0,10.0,11.0,122,LOW,0
2026-01-21 06:30:00,Z002,10.0,12.0,11.0,122,LOW,0
2026-01-21 07:00:00,Z002,12.0,14.0,14.3,122,LOW,1
2026-01-21 07:30:00,Z002,14.0,20.0,18.1,122,LOW,0
2026-01-21 08:00:00,Z002,20.0,32.0,32.0,122,LOW,1
2026-01-21 08:30:00,Z002,32.0,40.0,40.0,122,LOW,0
2026-01-21 09:00:00,Z002,40.0,44.0,43.4,122,LOW,0
2026-01-21 09:30:00,Z002,44.0,53.0,50.3,122,LOW,0
2026-01-21 10:00:00,Z002,53.0,48.0,49.8,122,LOW,0
2026-01-21 10:30:00,Z002,48.0,51.0,49.0,122,LOW,0
2026-01-21 11:00:00,Z002,51.0,39.0,39.8,122,LOW,1
2026-01-21 11:30:00,Z002,39.0,32.0,30.5,122,LOW,0
2026-01-21 12:00:00,Z002,32.0,28.0,34.7,122,LOW,0
2026-01-21 12:30:00,Z002,28.0,40.0,36.5,122,LOW,0
2026-01-21 13:00:00,Z002,40.0,41.0,42.9,122,LOW,0
2026-01-21 13:30:00,Z002,41.0,35.0,46.9,122,LOW,1
2026-01-21 14:00:00,Z002,35.0,24.0,25.2,122,LOW,0
2026-01-21 14:30:00,Z002,24.0,16.0,19.0,122,LOW,0
2026-01-21 15:00:00,Z002,16.0,13.0,13.8,122,LOW,0
2026-01-21 15:30:00,Z002,13.0,16.0,14.8,122,LOW,0
2026-01-21 16:00:00,Z002,16.0,11.0,13.7,122,LOW,0
2026-01-21 16:30:00,Z002,11.0,14.0,15.0,122,LOW,0
2026-01-21 17:00:00,Z002,14.0,31.0,28.2,122,LOW,0
2026-01-21 17:30:00,Z002,31.0,38.0,42.3,122,LOW,1
2026-01-21 18:00:00,Z002,38.0,48.0,49.9,122,LOW,1
2026-01-21 18:30:00,Z002,48.0,56.0,55.0,122,LOW,0
2026-01-21 19:00:00,Z002,56.0,49.0,56.6,122,LOW,0
2026-01-21 19:30:00,Z002,49.0,52.0,52.8,122,LOW,0
2026-01-21 20:00:00,Z002,52.0,40.0,38.6,122,LOW,0
2026-01-21 20:30:00,Z002,40.0,35.0,29.5,122,LOW,1
2026-01-21 21:00:00,Z002,35.0,23.0,25.4,122,LOW,0
2026-01-21 21:30:00,Z002,23.0,19.0,19.1,122,LOW,0
2026-01-21 22:00:00,Z002,19.0,11.0,14.8,122,LOW,0
2026-01-21 22:30:00,Z002,11.0,10.0,11.9,122,LOW,0
2026-01-21 23:00:00,Z002,10.0,12.0,11.2,122,LOW,0
2026-01-14 23:00:00,Z003,28.0,26.0,23.8,108,LOW,0
2026-01-14 23:30:00,Z003,26.0,16.0,20.5,108,LOW,0
2026-01-15 00:00:00,Z003,16.0,13.0,12.4,108,LOW,0
2026-01-15 00:30:00,Z003,13.0,12.0,9.6,108,LOW,1
2026-01-15 01:00:00,Z003,12.0,6.0,6.9,108,LOW,0
2026-01-15 01:30:00,Z003,6.0,5.0,5.1,108,LOW,0
2026-01-15 02:00:00,Z003,5.0,2.0,2.9,108,LOW,0
2026-01-15 02:30:00,Z003,2.0,1.0,1.5,108,LOW,0
2026-01-15 03:00:00,Z003,1.0,1.0,1.1,108,LOW,0
2026-01-15 03:30:00,Z003,1.0,1.0,1.1,108,LOW,0
2026-01-15 04:00:00,Z003,1.0,1.0,1.4,108,LOW,0
2026-01-15 04:30:00,Z003,1.0,2.0,1.4,108,LOW,0
2026-01-15 05:00:00,Z003,2.0,4.0,4.8,108,LOW,0
2026-01-15 05:30:00,Z003,4.0,7.0,8.4,108,LOW,0
2026-01-15 06:00:00,Z003,7.0,13.0,12.6,108,LOW,1
2026-01-15 06:30:00,Z003,13.0,16.0,16.1,108,LOW,1
2026-01-15 07:00:00,Z003,16.0,18.0,18.4,108,LOW,0
2026-01-15 07:30:00,Z003,18.0,19.0,18.3,108,LOW,1
2026-01-15 08:00:00,Z003,19.0,32.0,30.6,108,LOW,1
2026-01-15 08:30:00,Z003,32.0,42.0,39.1,108,LOW,1
2026-01-15 09:00:00,Z003,42.0,46.0,45.9,108,LOW,0
2026-01-15 09:30:00,Z003,46.0,54.0,51.8,108,LOW,0
2026-01-15 10:00:00,Z003,54.0,58.0,60.1,108,LOW,0
2026-01-15 10:30:00,Z003,58.0,64.0,63.7,108,LOW,0
2026-01-15 11:00:00,Z003,64.0,57.0,56.1,108,LOW,0
2026-01-15 11:30:00,Z003,57.0,43.0,45.4,108,LOW,0
2026-01-15 12:00:00,Z003,43.0,48.0,50.0,108,LOW,0
2026-01-15 12:30:00,Z003,48.0,57.0,54.3,108,LOW,0
2026-01-15 13:00:00,Z003,57.0,56.0,59.7,108,LOW,1
2026-01-15 13:30:00,Z003,56.0,54.0,56.4,108,LOW,0
2026-01-15 14:00:00,Z003,54.0,38.0,50.3,108,LOW,1
2026-01-15 14:30:00,Z003,38.0,33.0,31.7,108,LOW,0
2026-01-15 15:00:00,Z003,33.0,31.0,29.1,108,LOW,0
2026-01-15 15:30:00,Z003,31.0,26.0,27.0,108,LOW,0
2026-01-15 16:00:00,Z003,26.0,22.0,22.2,108,LOW,0
2026-01-15 16:30:00,Z003,22.0,19.0,19.3,108,LOW,0
2026-01-15 17:00:00,Z003,19.0,32.0,33.2,108,LOW,0
2026-01-15 17:30:00,Z003,32.0,50.0,49.6,108,LOW,0
2026-01-15 18:00:00,Z003,50.0,57.0,57.6,108,LOW,0
2026-01-15 18:30:00,Z003,57.0,67.0,66.3,108,MEDIUM,0
2026-01-15 19:00:00,Z003,67.0,69.0,71.9,108,MEDIUM,1
2026-01-15 19:30:00,Z003,69.0,71.0,74.0,108,MEDIUM,1
2026-01-15 20:00:00,Z003,71.0,62.0,60.4,108,LOW,0
2026-01-15 20:30:00,Z003,62.0,53.0,48.6,108,LOW,1
2026-01-15 21:00:00,Z003,53.0,42.0,42.2,108,LOW,0
2026-01-15 21:30:00,Z003,42.0,29.0,32.7,108,LOW,0
2026-01-15 22:00:00,Z003,29.0,23.0,23.3,108,LOW,1
2026-01-15 22:30:00,Z003,23.0,24.0,21.8,108,LOW,0
2026-01-15 23:00:00,Z003,24.0,22.0,21.3,108,LOW,0
2026-01-15 23:30:00,Z003,22.0,15.0,18.8,108,LOW,0
2026-01-16 00:00:00,Z003,15.0,12.0,11.4,108,LOW,0
2026-01-16 00:30:00,Z003,12.0,7.0,8.1,108,LOW,0
2026-01-16 01:00:00,Z003,7.0,5.0,5.2,108,LOW,1
2026-01-16 01:30:00,Z003,5.0,4.0,3.6,108,LOW,0
2026-01-16 02:00:00,Z003,4.0,3.0,3.8,108,LOW,0
2026-01-16 02:30:00,Z003,3.0,1.0,1.8,108,LOW,0
2026-01-16 03:00:00,Z003,1.0,1.0,0.7,108,LOW,1
2026-01-16 03:30:00,Z003,1.0,1.0,0.7,108,LOW,0
2026-01-16 04:00:00,Z003,1.0,0.0,0.7,108,LOW,0
2026-01-16 04:30:00,Z003,0.0,0.0,0.3,108,LOW,1
2026-01-16 05:00:00,Z003,0.0,4.0,3.8,108,LOW,0
2026-01-16 05:30:00,Z003,4.0,8.0,8.1,108,LOW,0
2026-01-16 06:00:00,Z003,8.0,12.0,11.7,108,LOW,0
2026-01-16 06:30:00,Z003,12.0,14.0,14.9,108,LOW,0
2026-01-16 07:00:00,Z003,14.0,15.0,17.0,108,LOW,1
2026-01-16 07:30:00,Z003,15.0,15.0,16.6,108,LOW,0
2026-01-16 08:00:00,Z003,15.0,27.0,27.7,108,LOW,0
2026-01-16 08:30:00,Z003,27.0,31.0,33.5,108,LOW,1
2026-01-16 09:00:00,Z003,31.0,41.0,39.1,108,LOW,1
2026-01-16 09:30:00,Z003,41.0,52.0,42.7,108,LOW,1
2026-01-16 10:00:00,Z003,52.0,61.0,55.0,108,LOW,1
2026-01-16 10:30:00,Z003,61.0,57.0,60.9,108,LOW,0
2026-01-16 11:00:00,Z003,57.0,43.0,44.6,108,LOW,0
2026-01-16 11:30:00,Z003,43.0,36.0,37.5,108,LOW,0
2026-01-16 12:00:00,Z003,36.0,39.0,41.3,108,LOW,0
2026-01-16 12:30:00,Z003,39.0,50.0,48.1,108,LOW,0
2026-01-16 13:00:00,Z003,50.0,52.0,54.9,108,LOW,1
2026-01-16 13:30:00,Z003,52.0,55.0,55.3,108,LOW,0
2026-01-16 14:00:00,Z003,55.0,46.0,48.1,108,LOW,0
2026-01-16 14:30:00,Z003,46.0,34.0,36.3,108,LOW,0
2026-01-16 15:00:00,Z003,34.0,20.0,24.3,108,LOW,0
2026-01-16 15:30:00,Z003,20.0,13.0,15.5,108,LOW,0
2026-01-16 16:00:00,Z003,13.0,14.0,14.4,108,LOW,1
2026-01-16 16:30:00,Z003,14.0,11.0,13.5,108,LOW,1
2026-01-16 17:00:00,Z003,11.0,18.0,20.7,108,LOW,0
2026-01-16 17:30:00,Z003,18.0,29.0,28.6,108,LOW,0
2026-01-16 18:00:00,Z003,29.0,52.0,45.8,108,LOW,0
2026-01-16 18:30:00,Z003,52.0,65.0,60.6,108,LOW,1
2026-01-16 19:00:00,Z003,65.0,71.0,70.0,108,MEDIUM,0
2026-01-16 19:30:00,Z003,71.0,79.0,77.9,108,MEDIUM,0
2026-01-16 20:00:00,Z003,79.0,64.0,64.8,108,MEDIUM,0
2026-01-16 20:30:00,Z003,64.0,57.0,52.1,108,LOW,0
2026-01-16 21:00:00,Z003,57.0,37.0,41.3,108,LOW,0
2026-01-16 21:30:00,Z003,37.0,32.0,29.4,108,LOW,1
2026-01-16 22:00:00,Z003,32.0,32.0,28.6,108,LOW,0
2026-01-16 22:30:00,Z003,32.0,28.0,28.6,108,LOW,0
2026-01-16 23:00:00,Z003,28.0,24.0,24.2,108,LOW,0
2026-01-16 23:30:00,Z003,24.0,19.0,20.6,108,LOW,1
2026-01-17 00:00:00,Z003,19.0,15.0,14.6,108,LOW,0
2026-01-17 00:30:00,Z003,15.0,10.0,11.1,108,LOW,1
2026-01-17 01:00:00,Z003,10.0,8.0,7.5,108,LOW,0
2026-01-17 01:30:00,Z003,8.0,6.0,5.5,108,LOW,0
2026-01-17 02:00:00,Z003,6.0,3.0,3.1,108,LOW,0
2026-01-17 02:30:00,Z003,3.0,2.0,2.3,108,LOW,0
2026-01-17 03:00:00,Z003,2.0,1.0,1.4,108,LOW,0
2026-01-17 03:30:00,Z003,1.0,3.0,1.8,108,LOW,0
2026-01-17 04:00:00,Z003,3.0,3.0,2.2,108,LOW,0
2026-01-17 04:30:00,Z003,3.0,1.0,2.2,108,LOW,0
2026-01-17 05:00:00,Z003,1.0,5.0,5.0,108,LOW,0
2026-01-17 05:30:00,Z003,5.0,10.0,10.2,108,LOW,0
2026-01-17 06:00:00,Z003,10.0,12.0,13.3,108,LOW,1
2026-01-17 06:30:00,Z003,12.0,15.0,14.8,108,LOW,0
2026-01-17 07:00:00,Z003,15.0,17.0,17.2,108,LOW,1
2026-01-17 07:30:00,Z003,17.0,18.0,18.7,108,LOW,1
2026-01-17 08:00:00,Z003,18.0,35.0,32.2,108,LOW,0
2026-01-17 08:30:00,Z003,35.0,49.0,43.6,108,LOW,0
2026-01-17 09:00:00,Z003,49.0,59.0,55.3,108,LOW,0
2026-01-17 09:30:00,Z003,59.0,71.0,69.5,108,MEDIUM,0
2026-01-17 10:00:00,Z003,71.0,67.0,66.0,108,MEDIUM,0
2026-01-17 10:30:00,Z003,67.0,71.0,71.9,108,MEDIUM,0
2026-01-17 11:00:00,Z003,71.0,54.0,57.5,108,LOW,0
2026-01-17 11:30:00,Z003,54.0,44.0,45.8,108,LOW,1
2026-01-17 12:00:00,Z003,44.0,49.0,49.7,108,LOW,0
2026-01-17 12:30:00,Z003,49.0,53.0,54.4,108,LOW,0
2026-01-17 13:00:00,Z003,53.0,56.0,55.7,108,LOW,0
2026-01-17 13:30:00,Z003,56.0,54.0,56.6,108,LOW,0
2026-01-17 14:00:00,Z003,54.0,51.0,49.7,108,LOW,0
2026-01-17 14:30:00,Z003,51.0,45.0,45.7,108,LOW,0
2026-01-17 15:00:00,Z003,45.0,33.0,37.9,108,LOW,1
2026-01-17 15:30:00,Z003,33.0,28.0,27.3,108,LOW,0
2026-01-17 16:00:00,Z003,28.0,24.0,23.2,108,LOW,1
2026-01-17 16:30:00,Z003,24.0,21.0,21.3,108,LOW,0
2026-01-17 17:00:00,Z003,21.0,35.0,35.3,108,LOW,0
2026-01-17 17:30:00,Z003,35.0,42.0,44.6,108,LOW,0
2026-01-17 18:00:00,Z003,42.0,54.0,54.0,108,LOW,0
2026-01-17 18:30:00,Z003,54.0,66.0,65.5,108,MEDIUM,0
2026-01-17 19:00:00,Z003,66.0,72.0,72.9,108,MEDIUM,0
2026-01-17 19:30:00,Z003,72.0,72.0,75.2,108,MEDIUM,0
2026-01-17 20:00:00,Z003,72.0,64.0,60.3,108,LOW,0
2026-01-17 20:30:00,Z003,64.0,46.0,47.2,108,LOW,0
2026-01-17 21:00:00,Z003,46.0,37.0,36.2,108,LOW,0
2026-01-17 21:30:00,Z003,37.0,27.0,29.3,108,LOW,0
2026-01-17 22:00:00,Z003,27.0,26.0,26.7,108,LOW,1
2026-01-17 22:30:00,Z003,26.0,26.0,27.0,108,LOW,0
2026-01-17 23:00:00,Z003,26.0,31.0,26.6,108,LOW,0
2026-01-17 23:30:00,Z003,31.0,29.0,27.3,108,LOW,0
2026-01-18 00:00:00,Z003,29.0,24.0,19.7,108,LOW,1
2026-01-18 00:30:00,Z003,24.0,19.0,17.5,108,LOW,0
2026-01-18 01:00:00,Z003,19.0,14.0,14.2,108,LOW,0
2026-01-18 01:30:00,Z003,14.0,8.0,9.4,108,LOW,0
2026-01-18 02:00:00,Z003,8.0,6.0,5.1,108,LOW,0
2026-01-18 02:30:00,Z003,6.0,3.0,3.1,108,LOW,0
2026-01-18 03:00:00,Z003,3.0,2.0,1.8,108,LOW,0
2026-01-18 03:30:00,Z003,2.0,2.0,2.0,108,LOW,0
2026-01-18 04:00:00,Z003,2.0,2.0,1.6,108,LOW,0
2026-01-18 04:30:00,Z003,2.0,1.0,1.6,108,LOW,0
2026-01-18 05:00:00,Z003,1.0,5.0,5.9,108,LOW,0
2026-01-18 05:30:00,Z003,5.0,10.0,10.4,108,LOW,0
2026-01-18 06:00:00,Z003,10.0,15.0,13.1,108,LOW,0
2026-01-18 06:30:00,Z003,15.0,15.0,16.6,108,LOW,0
2026-01-18 07:00:00,Z003,15.0,18.0,17.1,108,LOW,0
2026-01-18 07:30:00,Z003,18.0,18.0,18.8,108,LOW,0
2026-01-18 08:00:00,Z003,18.0,28.0,29.0,108,LOW,0
2026-01-18 08:30:00,Z003,28.0,28.0,33.0,108,LOW,0
2026-01-18 09:00:00,Z003,28.0,38.0,33.1,108,LOW,1
2026-01-18 09:30:00,Z003,38.0,48.0,45.7,108,LOW,0
2026-01-18 10:00:00,Z003,48.0,52.0,51.9,108,LOW,0
2026-01-18 10:30:00,Z003,52.0,55.0,55.9,108,LOW,0
2026-01-18 11:00:00,Z003,55.0,43.0,45.0,108,LOW,0
2026-01-18 11:30:00,Z003,43.0,43.0,39.7,108,LOW,0
2026-01-18 12:00:00,Z003,43.0,47.0,48.1,108,LOW,0
2026-01-18 12:30:00,Z003,47.0,52.0,53.3,108,LOW,0
2026-01-18 13:00:00,Z003,52.0,56.0,58.6,108,LOW,1
2026-01-18 13:30:00,Z003,56.0,58.0,60.3,108,LOW,0
2026-01-18 14:00:00,Z003,58.0,48.0,47.8,108,LOW,0
2026-01-18 14:30:00,Z003,48.0,35.0,39.2,108,LOW,1
2026-01-18 15:00:00,Z003,35.0,31.0,28.7,108,LOW,0
2026-01-18 15:30:00,Z003,31.0,28.0,26.0,108,LOW,0
2026-01-18 16:00:00,Z003,28.0,23.0,22.7,108,LOW,1
2026-01-18 16:30:00,Z003,23.0,12.0,17.1,108,LOW,0
2026-01-18 17:00:00,Z003,12.0,24.0,23.9,108,LOW,1
2026-01-18 17:30:00,Z003,24.0,41.0,39.5,108,LOW,0
2026-01-18 18:00:00,Z003,41.0,52.0,53.5,108,LOW,0
2026-01-18 18:30:00,Z003,52.0,64.0,63.0,108,LOW,0
2026-01-18 19:00:00,Z003,64.0,74.0,71.0,108,MEDIUM,0
2026-01-18 19:30:00,Z003,74.0,74.0,75.0,108,MEDIUM,0
2026-01-18 20:00:00,Z003,74.0,58.0,59.1,108,LOW,0
2026-01-18 20:30:00,Z003,58.0,47.0,45.9,108,LOW,0
2026-01-18 21:00:00,Z003,47.0,35.0,37.4,108,LOW,0
2026-01-18 21:30:00,Z003,35.0,29.0,28.4,108,LOW,0
2026-01-18 22:00:00,Z003,29.0,20.0,22.4,108,LOW,0
2026-01-18 22:30:00,Z003,20.0,27.0,22.3,108,LOW,0
2026-01-18 23:00:00,Z003,27.0,23.0,23.2,108,LOW,1
2026-01-18 23:30:00,Z003,23.0,24.0,22.2,108,LOW,0
2026-01-19 00:00:00,Z003,24.0,16.0,17.3,108,LOW,1
2026-01-19 00:30:00,Z003,16.0,9.0,10.9,108,LOW,1
2026-01-19 01:00:00,Z003,9.0,6.0,5.2,108,LOW,0
2026-01-19 01:30:00,Z003,6.0,6.0,5.4,108,LOW,0
2026-01-19 02:00:00,Z003,6.0,5.0,5.2,108,LOW,0
2026-01-19 02:30:00,Z003,5.0,6.0,4.8,108,LOW,0
2026-01-19 03:00:00,Z003,6.0,6.0,5.3,108,LOW,0
2026-01-19 03:30:00,Z003,6.0,6.0,5.3,108,LOW,1
2026-01-19 04:00:00,Z003,6.0,5.0,5.1,108,LOW,0
2026-01-19 04:30:00,Z003,5.0,3.0,3.8,108,LOW,0
2026-01-19 05:00:00,Z003,3.0,8.0,8.3,108,LOW,0
2026-01-19 05:30:00,Z003,8.0,11.0,12.7,108,LOW,0
2026-01-19 06:00:00,Z003,11.0,14.0,13.6,108,LOW,0
2026-01-19 06:30:00,Z003,14.0,18.0,17.5,108,LOW,0
2026-01-19 07:00:00,Z003,18.0,19.0,18.7,108,LOW,0
2026-01-19 07:30:00,Z003,19.0,18.0,19.2,108,LOW,0
2026-01-19 08:00:00,Z003,18.0,24.0,29.2,108,LOW,0
2026-01-19 08:30:00,Z003,24.0,38.0,34.4,108,LOW,0
2026-01-19 09:00:00,Z003,38.0,49.0,46.2,108,LOW,0
2026-01-19 09:30:00,Z003,49.0,47.0,51.6,108,LOW,0
2026-01-19 10:00:00,Z003,47.0,58.0,53.4,108,LOW,1
2026-01-19 10:30:00,Z003,58.0,68.0,65.2,108,MEDIUM,0
2026-01-19 11:00:00,Z003,68.0,59.0,60.2,108,LOW,0
2026-01-19 11:30:00,Z003,59.0,48.0,50.5,108,LOW,0
2026-01-19 12:00:00,Z003,48.0,44.0,50.0,108,LOW,0
2026-01-19 12:30:00,Z003,44.0,41.0,44.8,108,LOW,0
2026-01-19 13:00:00,Z003,41.0,47.0,48.1,108,LOW,0
2026-01-19 13:30:00,Z003,47.0,59.0,54.8,108,LOW,0
2026-01-19 14:00:00,Z003,59.0,45.0,47.8,108,LOW,0
2026-01-19 14:30:00,Z003,45.0,37.0,36.1,108,LOW,0
2026-01-19 15:00:00,Z003,37.0,34.0,31.1,108,LOW,0
2026-01-19 15:30:00,Z003,34.0,29.0,27.3,108,LOW,1
2026-01-19 16:00:00,Z003,29.0,26.0,25.8,108,LOW,1
2026-01-19 16:30:00,Z003,26.0,27.0,24.2,108,LOW,0
2026-01-19 17:00:00,Z003,27.0,45.0,41.5,108,LOW,1
2026-01-19 17:30:00,Z003,45.0,49.0,53.6,108,LOW,0
2026-01-19 18:00:00,Z003,49.0,61.0,60.4,108,LOW,0
2026-01-19 18:30:00,Z003,61.0,60.0,69.9,108,MEDIUM,1
2026-01-19 19:00:00,Z003,60.0,61.0,63.9,108,LOW,0
2026-01-19 19:30:00,Z003,61.0,69.0,68.4,108,MEDIUM,0
2026-01-19 20:00:00,Z003,69.0,64.0,59.8,108,LOW,0
2026-01-19 20:30:00,Z003,64.0,46.0,49.2,108,LOW,0
2026-01-19 21:00:00,Z003,46.0,35.0,35.8,108,LOW,0
2026-01-19 21:30:00,Z003,35.0,29.0,30.0,108,LOW,0
2026-01-19 22:00:00,Z003,29.0,23.0,22.8,108,LOW,0
2026-01-19 22:30:00,Z003,23.0,18.0,18.9,108,LOW,0
2026-01-19 23:00:00,Z003,18.0,20.0,20.0,108,LOW,0
2026-01-19 23:30:00,Z003,20.0,20.0,19.9,108,LOW,0
2026-01-20 00:00:00,Z003,20.0,12.0,13.3,108,LOW,0
2026-01-20 00:30:00,Z003,12.0,8.0,8.5,108,LOW,0
2026-01-20 01:00:00,Z003,8.0,3.0,4.0,108,LOW,0
2026-01-20 01:30:00,Z003,3.0,1.0,2.8,108,LOW,1
2026-01-20 02:00:00,Z003,1.0,2.0,0.9,108,LOW,1
2026-01-20 02:30:00,Z003,2.0,1.0,1.3,108,LOW,0
2026-01-20 03:00:00,Z003,1.0,1.0,0.6,108,LOW,1
2026-01-20 03:30:00,Z003,1.0,0.0,0.6,108,LOW,0
2026-01-20 04:00:00,Z003,0.0,1.0,0.7,108,LOW,0
2026-01-20 04:30:00,Z003,1.0,2.0,0.9,108,LOW,1
2026-01-20 05:00:00,Z003,2.0,8.0,6.7,108,LOW,0
2026-01-20 05:30:00,Z003,8.0,13.0,12.4,108,LOW,1
2026-01-20 06:00:00,Z003,13.0,15.0,15.6,108,LOW,0
2026-01-20 06:30:00,Z003,15.0,17.0,16.8,108,LOW,0
2026-01-20 07:00:00,Z003,17.0,20.0,19.7,108,LOW,0
2026-01-20 07:30:00,Z003,20.0,20.0,19.8,108,LOW,0
2026-01-20 08:00:00,Z003,20.0,31.0,30.9,108,LOW,0
2026-01-20 08:30:00,Z003,31.0,39.0,38.9,108,LOW,0
2026-01-20 09:00:00,Z003,39.0,43.0,44.1,108,LOW,0
2026-01-20 09:30:00,Z003,43.0,47.0,48.6,108,LOW,0
2026-01-20 10:00:00,Z003,47.0,49.0,51.7,108,LOW,1
2026-01-20 10:30:00,Z003,49.0,53.0,52.7,108,LOW,0
2026-01-20 11:00:00,Z003,53.0,45.0,42.4,108,LOW,1
2026-01-20 11:30:00,Z003,45.0,38.0,39.4,108,LOW,0
2026-01-20 12:00:00,Z003,38.0,33.0,46.9,108,LOW,1
2026-01-20 12:30:00,Z003,33.0,42.0,40.1,108,LOW,0
2026-01-20 13:00:00,Z003,42.0,51.0,49.1,108,LOW,0
2026-01-20 13:30:00,Z003,51.0,52.0,56.0,108,LOW,1
2026-01-20 14:00:00,Z003,52.0,48.0,42.0,108,LOW,1
2026-01-20 14:30:00,Z003,48.0,37.0,37.4,108,LOW,0
2026-01-20 15:00:00,Z003,37.0,32.0,31.7,108,LOW,0
2026-01-20 15:30:00,Z003,32.0,24.0,26.1,108,LOW,0
2026-01-20 16:00:00,Z003,24.0,18.0,22.8,108,LOW,1
2026-01-20 16:30:00,Z003,18.0,12.0,16.4,108,LOW,1
2026-01-20 17:00:00,Z003,12.0,22.0,22.8,108,LOW,0
2026-01-20 17:30:00,Z003,22.0,36.0,35.7,108,LOW,0
2026-01-20 18:00:00,Z003,36.0,57.0,51.9,108,LOW,0
2026-01-20 18:30:00,Z003,57.0,60.0,62.8,108,LOW,0
2026-01-20 19:00:00,Z003,60.0,60.0,62.7,108,LOW,0
2026-01-20 19:30:00,Z003,60.0,65.0,62.7,108,LOW,0
2026-01-20 20:00:00,Z003,65.0,65.0,55.1,108,LOW,0
2026-01-20 20:30:00,Z003,65.0,50.0,55.1,108,LOW,0
2026-01-20 21:00:00,Z003,50.0,44.0,39.4,108,LOW,1
2026-01-20 21:30:00,Z003,44.0,38.0,37.3,108,LOW,0
2026-01-20 22:00:00,Z003,38.0,23.0,27.4,108,LOW,0
2026-01-20 22:30:00,Z003,23.0,19.0,19.1,108,LOW,0
2026-01-20 23:00:00,Z003,19.0,14.0,15.8,108,LOW,0
2026-01-20 23:30:00,Z003,14.0,8.0,15.0,108,LOW,1
2026-01-21 00:00:00,Z003,8.0,5.0,5.1,108,LOW,1
2026-01-21 00:30:00,Z003,5.0,4.0,4.4,108,LOW,0
2026-01-21 01:00:00,Z003,4.0,6.0,4.3,108,LOW,0
2026-01-21 01:30:00,Z003,6.0,6.0,5.4,108,LOW,0
2026-01-21 02:00:00,Z003,6.0,5.0,5.2,108,LOW,0
2026-01-21 02:30:00,Z003,5.0,5.0,4.5,108,LOW,0
2026-01-21 03:00:00,Z003,5.0,3.0,4.3,108,LOW,0
2026-01-21 03:30:00,Z003,3.0,4.0,2.9,108,LOW,1
2026-01-21 04:00:00,Z003,4.0,4.0,3.6,108,LOW,0
2026-01-21 04:30:00,Z003,4.0,3.0,3.6,108,LOW,0
2026-01-21 05:00:00,Z003,3.0,8.0,7.4,108,LOW,0
2026-01-21 05:30:00,Z003,8.0,16.0,13.5,108,LOW,0
2026-01-21 06:00:00,Z003,16.0,21.0,19.1,108,LOW,0
2026-01-21 06:30:00,Z003,21.0,18.0,19.3,108,LOW,0
2026-01-21 07:00:00,Z003,18.0,23.0,18.6,108,LOW,1
2026-01-21 07:30:00,Z003,23.0,18.0,20.3,108,LOW,0
2026-01-21 08:00:00,Z003,18.0,34.0,31.1,108,LOW,0
2026-01-21 08:30:00,Z003,34.0,41.0,42.2,108,LOW,0
2026-01-21 09:00:00,Z003,41.0,52.0,44.7,108,LOW,1
2026-01-21 09:30:00,Z003,52.0,59.0,57.0,108,LOW,0
2026-01-21 10:00:00,Z003,59.0,70.0,66.2,108,MEDIUM,0
2026-01-21 10:30:00,Z003,70.0,70.0,68.3,108,MEDIUM,0
2026-01-21 11:00:00,Z003,70.0,66.0,60.9,108,LOW,0
2026-01-21 11:30:00,Z003,66.0,59.0,59.1,108,LOW,0
2026-01-21 12:00:00,Z003,59.0,57.0,60.3,108,LOW,1
2026-01-21 12:30:00,Z003,57.0,65.0,60.8,108,LOW,0
2026-01-21 13:00:00,Z003,65.0,65.0,66.6,108,MEDIUM,1
2026-01-21 13:30:00,Z003,65.0,66.0,66.6,108,MEDIUM,0
2026-01-21 14:00:00,Z003,66.0,61.0,51.9,108,LOW,1
2026-01-21 14:30:00,Z003,61.0,48.0,51.2,108,LOW,0
2026-01-21 15:00:00,Z003,48.0,41.0,39.2,108,LOW,0
2026-01-21 15:30:00,Z003,41.0,33.0,34.1,108,LOW,0
2026-01-21 16:00:00,Z003,33.0,32.0,28.1,108,LOW,0
2026-01-21 16:30:00,Z003,32.0,24.0,26.0,108,LOW,0
2026-01-21 17:00:00,Z003,24.0,40.0,40.4,108,LOW,0
2026-01-21 17:30:00,Z003,40.0,50.0,51.2,108,LOW,0
2026-01-21 18:00:00,Z003,50.0,60.0,61.0,108,LOW,0
2026-01-21 18:30:00,Z003,60.0,78.0,67.3,108,MEDIUM,1
2026-01-21 19:00:00,Z003,78.0,83.0,83.5,108,MEDIUM,0
2026-01-21 19:30:00,Z003,83.0,93.0,87.1,108,MEDIUM,0
2026-01-21 20:00:00,Z003,93.0,79.0,76.3,108,MEDIUM,1
2026-01-21 20:30:00,Z003,79.0,66.0,64.2,108,LOW,1
2026-01-21 21:00:00,Z003,66.0,53.0,51.9,108,LOW,0
2026-01-21 21:30:00,Z003,53.0,44.0,43.0,108,LOW,0
2026-01-21 22:00:00,Z003,44.0,30.0,36.9,108,LOW,1
2026-01-21 22:30:00,Z003,30.0,20.0,22.2,108,LOW,0
2026-01-21 23:00:00,Z003,20.0,20.0,20.1,108,LOW,0
2026-01-14 23:00:00,Z004,17.0,9.0,14.4,82,LOW,0
2026-01-14 23:30:00,Z004,9.0,10.0,11.7,82,LOW,0
2026-01-15 00:00:00,Z004,10.0,7.0,6.5,82,LOW,0
2026-01-15 00:30:00,Z004,7.0,4.0,3.8,82,LOW,0
2026-01-15 01:00:00,Z004,4.0,4.0,3.9,82,LOW,0
2026-01-15 01:30:00,Z004,4.0,4.0,3.9,82,LOW,0
2026-01-15 02:00:00,Z004,4.0,4.0,3.7,82,LOW,0
2026-01-15 02:30:00,Z004,4.0,1.0,3.7,82,LOW,1
2026-01-15 03:00:00,Z004,1.0,0.0,1.4,82,LOW,1
2026-01-15 03:30:00,Z004,0.0,1.0,0.9,82,LOW,0
2026-01-15 04:00:00,Z004,1.0,2.0,1.5,82,LOW,0
2026-01-15 04:30:00,Z004,2.0,3.0,1.4,82,LOW,1
2026-01-15 05:00:00,Z004,3.0,10.0,8.0,82,LOW,1
2026-01-15 05:30:00,Z004,10.0,9.0,14.0,82,LOW,1
2026-01-15 06:00:00,Z004,9.0,14.0,12.8,82,LOW,0
2026-01-15 06:30:00,Z004,14.0,19.0,15.9,82,LOW,0
2026-01-15 07:00:00,Z004,19.0,18.0,15.8,82,LOW,1
2026-01-15 07:30:00,Z004,18.0,14.0,15.2,82,LOW,0
2026-01-15 08:00:00,Z004,14.0,27.0,27.6,82,LOW,0
2026-01-15 08:30:00,Z004,27.0,39.0,33.8,82,LOW,1
2026-01-15 09:00:00,Z004,39.0,56.0,50.9,82,MEDIUM,0
2026-01-15 09:30:00,Z004,56.0,55.0,52.8,82,MEDIUM,0
2026-01-15 10:00:00,Z004,55.0,49.0,50.9,82,MEDIUM,0
2026-01-15 10:30:00,Z004,49.0,46.0,45.0,82,LOW,0
2026-01-15 11:00:00,Z004,46.0,38.0,34.6,82,LOW,0
2026-01-15 11:30:00,Z004,38.0,22.0,25.1,82,LOW,0
2026-01-15 12:00:00,Z004,22.0,29.0,33.2,82,LOW,0
2026-01-15 12:30:00,Z004,29.0,38.0,37.9,82,LOW,0
2026-01-15 13:00:00,Z004,38.0,46.0,46.9,82,LOW,0
2026-01-15 13:30:00,Z004,46.0,46.0,46.3,82,LOW,0
2026-01-15 14:00:00,Z004,46.0,32.0,31.1,82,LOW,1
2026-01-15 14:30:00,Z004,32.0,24.0,22.9,82,LOW,0
2026-01-15 15:00:00,Z004,24.0,27.0,21.9,82,LOW,0
2026-01-15 15:30:00,Z004,27.0,17.0,19.0,82,LOW,0
2026-01-15 16:00:00,Z004,17.0,15.0,16.9,82,LOW,1
2026-01-15 16:30:00,Z004,15.0,10.0,11.9,82,LOW,0
2026-01-15 17:00:00,Z004,10.0,31.0,29.8,82,LOW,0
2026-01-15 17:30:00,Z004,31.0,44.0,50.9,82,MEDIUM,1
2026-01-15 18:00:00,Z004,44.0,51.0,51.4,82,MEDIUM,0
2026-01-15 18:30:00,Z004,51.0,50.0,54.0,82,MEDIUM,0
2026-01-15 19:00:00,Z004,50.0,56.0,55.4,82,MEDIUM,0
2026-01-15 19:30:00,Z004,56.0,61.0,60.4,82,MEDIUM,0
2026-01-15 20:00:00,Z004,61.0,39.0,43.9,82,LOW,1
2026-01-15 20:30:00,Z004,39.0,29.0,27.6,82,LOW,0
2026-01-15 21:00:00,Z004,29.0,16.0,18.6,82,LOW,0
2026-01-15 21:30:00,Z004,16.0,14.0,14.9,82,LOW,0
2026-01-15 22:00:00,Z004,14.0,16.0,16.1,82,LOW,0
2026-01-15 22:30:00,Z004,16.0,13.0,14.1,82,LOW,0
2026-01-15 23:00:00,Z004,13.0,16.0,12.1,82,LOW,1
2026-01-15 23:30:00,Z004,16.0,14.0,14.5,82,LOW,0
2026-01-16 00:00:00,Z004,14.0,9.0,8.5,82,LOW,0
2026-01-16 00:30:00,Z004,9.0,4.0,5.0,82,LOW,0
2026-01-16 01:00:00,Z004,4.0,5.0,4.0,82,LOW,0
2026-01-16 01:30:00,Z004,5.0,2.0,3.0,82,LOW,0
2026-01-16 02:00:00,Z004,2.0,1.0,1.2,82,LOW,0
2026-01-16 02:30:00,Z004,1.0,2.0,1.6,82,LOW,0
2026-01-16 03:00:00,Z004,2.0,3.0,2.0,82,LOW,0
2026-01-16 03:30:00,Z004,3.0,1.0,1.8,82,LOW,0
2026-01-16 04:00:00,Z004,1.0,0.0,0.9,82,LOW,0
2026-01-16 04:30:00,Z004,0.0,2.0,0.9,82,LOW,0
2026-01-16 05:00:00,Z004,2.0,7.0,7.0,82,LOW,0
2026-01-16 05:30:00,Z004,7.0,14.0,11.6,82,LOW,1
2026-01-16 06:00:00,Z004,14.0,20.0,15.4,82,LOW,1
2026-01-16 06:30:00,Z004,20.0,19.0,18.9,82,LOW,0
2026-01-16 07:00:00,Z004,19.0,18.0,17.0,82,LOW,1
2026-01-16 07:30:00,Z004,18.0,17.0,16.7,82,LOW,0
2026-01-16 08:00:00,Z004,17.0,29.0,27.4,82,LOW,0
2026-01-16 08:30:00,Z004,29.0,38.0,37.1,82,LOW,0
2026-01-16 09:00:00,Z004,38.0,42.0,42.2,82,LOW,0
2026-01-16 09:30:00,Z004,42.0,41.0,42.4,82,LOW,0
2026-01-16 10:00:00,Z004,41.0,37.0,40.7,82,LOW,0
2026-01-16 10:30:00,Z004,37.0,36.0,38.0,82,LOW,0
2026-01-16 11:00:00,Z004,36.0,30.0,26.7,82,LOW,0
2026-01-16 11:30:00,Z004,30.0,22.0,22.0,82,LOW,0
2026-01-16 12:00:00,Z004,22.0,40.0,35.4,82,LOW,0
2026-01-16 12:30:00,Z004,40.0,52.0,50.0,82,MEDIUM,0
2026-01-16 13:00:00,Z004,52.0,49.0,52.3,82,MEDIUM,0
2026-01-16 13:30:00,Z004,49.0,48.0,50.3,82,MEDIUM,0
2026-01-16 14:00:00,Z004,48.0,38.0,36.3,82,LOW,1
2026-01-16 14:30:00,Z004,38.0,30.0,29.5,82,LOW,0
2026-01-16 15:00:00,Z004,30.0,24.0,21.8,82,LOW,0
2026-01-16 15:30:00,Z004,24.0,15.0,18.7,82,LOW,0
2026-01-16 16:00:00,Z004,15.0,15.0,13.3,82,LOW,0
2026-01-16 16:30:00,Z004,15.0,14.0,13.3,82,LOW,0
2026-01-16 17:00:00,Z004,14.0,35.0,36.6,82,LOW,0
2026-01-16 17:30:00,Z004,35.0,46.0,47.0,82,LOW,1
2026-01-16 18:00:00,Z004,46.0,63.0,57.6,82,MEDIUM,0
2026-01-16 18:30:00,Z004,63.0,62.0,60.7,82,MEDIUM,1
2026-01-16 19:00:00,Z004,62.0,50.0,55.2,82,MEDIUM,0
2026-01-16 19:30:00,Z004,50.0,56.0,55.1,82,MEDIUM,0
2026-01-16 20:00:00,Z004,56.0,42.0,40.7,82,LOW,0
2026-01-16 20:30:00,Z004,42.0,25.0,26.5,82,LOW,0
2026-01-16 21:00:00,Z004,25.0,15.0,17.2,82,LOW,0
2026-01-16 21:30:00,Z004,15.0,10.0,14.4,82,LOW,1
2026-01-16 22:00:00,Z004,10.0,12.0,12.0,82,LOW,0
2026-01-16 22:30:00,Z004,12.0,9.0,10.8,82,LOW,0
2026-01-16 23:00:00,Z004,9.0,9.0,11.6,82,LOW,0
2026-01-16 23:30:00,Z004,9.0,15.0,11.6,82,LOW,0
2026-01-17 00:00:00,Z004,15.0,8.0,7.3,82,LOW,0
2026-01-17 00:30:00,Z004,8.0,2.0,3.1,82,LOW,0
2026-01-17 01:00:00,Z004,2.0,1.0,1.2,82,LOW,0
2026-01-17 01:30:00,Z004,1.0,1.0,2.0,82,LOW,0
2026-01-17 02:00:00,Z004,1.0,4.0,2.3,82,LOW,0
2026-01-17 02:30:00,Z004,4.0,4.0,3.3,82,LOW,1
2026-01-17 03:00:00,Z004,4.0,3.0,2.8,82,LOW,1
2026-01-17 03:30:00,Z004,3.0,3.0,2.4,82,LOW,0
2026-01-17 04:00:00,Z004,3.0,2.0,2.4,82,LOW,0
2026-01-17 04:30:00,Z004,2.0,1.0,1.5,82,LOW,1
2026-01-17 05:00:00,Z004,1.0,9.0,7.2,82,LOW,0
2026-01-17 05:30:00,Z004,9.0,12.0,13.4,82,LOW,1
2026-01-17 06:00:00,Z004,12.0,19.0,16.1,82,LOW,0
2026-01-17 06:30:00,Z004,19.0,22.0,21.6,82,LOW,0
2026-01-17 07:00:00,Z004,22.0,19.0,20.9,82,LOW,0
2026-01-17 07:30:00,Z004,19.0,24.0,21.8,82,LOW,0
2026-01-17 08:00:00,Z004,24.0,26.0,28.8,82,LOW,0
2026-01-17 08:30:00,Z004,26.0,31.0,33.1,82,LOW,0
2026-01-17 09:00:00,Z004,31.0,37.0,37.3,82,LOW,0
2026-01-17 09:30:00,Z004,37.0,35.0,37.1,82,LOW,0
2026-01-17 10:00:00,Z004,35.0,35.0,39.1,82,LOW,0
2026-01-17 10:30:00,Z004,35.0,44.0,39.1,82,LOW,0
2026-01-17 11:00:00,Z004,44.0,39.0,34.8,82,LOW,0
2026-01-17 11:30:00,Z004,39.0,28.0,26.9,82,LOW,0
2026-01-17 12:00:00,Z004,28.0,30.0,33.0,82,LOW,0
2026-01-17 12:30:00,Z004,30.0,37.0,37.4,82,LOW,0
2026-01-17 13:00:00,Z004,37.0,51.0,49.3,82,MEDIUM,0
2026-01-17 13:30:00,Z004,51.0,55.0,54.4,82,MEDIUM,0
2026-01-17 14:00:00,Z004,55.0,36.0,37.0,82,LOW,0
2026-01-17 14:30:00,Z004,36.0,30.0,27.2,82,LOW,0
2026-01-17 15:00:00,Z004,30.0,19.0,20.7,82,LOW,0
2026-01-17 15:30:00,Z004,19.0,22.0,17.3,82,LOW,1
2026-01-17 16:00:00,Z004,22.0,18.0,18.9,82,LOW,1
2026-01-17 16:30:00,Z004,18.0,16.0,16.5,82,LOW,0
2026-01-17 17:00:00,Z004,16.0,39.0,38.0,82,LOW,0
2026-01-17 17:30:00,Z004,39.0,58.0,55.9,82,MEDIUM,0
2026-01-17 18:00:00,Z004,58.0,57.0,60.9,82,MEDIUM,0
2026-01-17 18:30:00,Z004,57.0,49.0,59.4,82,MEDIUM,1
2026-01-17 19:00:00,Z004,49.0,60.0,55.6,82,MEDIUM,0
2026-01-17 19:30:00,Z004,60.0,66.0,63.5,82,MEDIUM,0
2026-01-17 20:00:00,Z004,66.0,46.0,46.7,82,LOW,0
2026-01-17 20:30:00,Z004,46.0,31.0,30.7,82,LOW,0
2026-01-17 21:00:00,Z004,31.0,23.0,22.1,82,LOW,0
2026-01-17 21:30:00,Z004,23.0,18.0,18.5,82,LOW,0
2026-01-17 22:00:00,Z004,18.0,19.0,16.4,82,LOW,0
2026-01-17 22:30:00,Z004,19.0,15.0,16.1,82,LOW,0
2026-01-17 23:00:00,Z004,15.0,14.0,14.6,82,LOW,0
2026-01-17 23:30:00,Z004,14.0,17.0,15.0,82,LOW,1
2026-01-18 00:00:00,Z004,17.0,13.0,10.9,82,LOW,0
2026-01-18 00:30:00,Z004,13.0,9.0,8.0,82,LOW,0
2026-01-18 01:00:00,Z004,9.0,6.0,4.7,82,LOW,0
2026-01-18 01:30:00,Z004,6.0,3.0,3.4,82,LOW,0
2026-01-18 02:00:00,Z004,3.0,3.0,2.6,82,LOW,0
2026-01-18 02:30:00,Z004,3.0,3.0,2.6,82,LOW,0
2026-01-18 03:00:00,Z004,3.0,4.0,2.4,82,LOW,1
2026-01-18 03:30:00,Z004,4.0,4.0,2.6,82,LOW,1
2026-01-18 04:00:00,Z004,4.0,3.0,3.1,82,LOW,0
2026-01-18 04:30:00,Z004,3.0,2.0,2.5,82,LOW,1
2026-01-18 05:00:00,Z004,2.0,9.0,8.1,82,LOW,0
2026-01-18 05:30:00,Z004,9.0,12.0,13.6,82,LOW,1
2026-01-18 06:00:00,Z004,12.0,12.0,14.3,82,LOW,0
2026-01-18 06:30:00,Z004,12.0,16.0,14.3,82,LOW,0
2026-01-18 07:00:00,Z004,16.0,11.0,14.5,82,LOW,0
2026-01-18 07:30:00,Z004,11.0,9.0,11.1,82,LOW,0
2026-01-18 08:00:00,Z004,9.0,26.0,25.0,82,LOW,0
2026-01-18 08:30:00,Z004,26.0,39.0,35.6,82,LOW,0
2026-01-18 09:00:00,Z004,39.0,37.0,42.3,82,LOW,0
2026-01-18 09:30:00,Z004,37.0,42.0,40.3,82,LOW,0
2026-01-18 10:00:00,Z004,42.0,27.0,41.6,82,LOW,1
2026-01-18 10:30:00,Z004,27.0,31.0,32.4,82,LOW,0
2026-01-18 11:00:00,Z004,31.0,24.0,22.7,82,LOW,0
2026-01-18 11:30:00,Z004,24.0,21.0,19.9,82,LOW,1
2026-01-18 12:00:00,Z004,21.0,29.0,30.7,82,LOW,0
2026-01-18 12:30:00,Z004,29.0,39.0,39.3,82,LOW,0
2026-01-18 13:00:00,Z004,39.0,47.0,48.3,82,LOW,0
2026-01-18 13:30:00,Z004,47.0,54.0,51.9,82,MEDIUM,0
2026-01-18 14:00:00,Z004,54.0,42.0,38.8,82,LOW,0
2026-01-18 14:30:00,Z004,42.0,32.0,30.8,82,LOW,0
2026-01-18 15:00:00,Z004,32.0,19.0,20.9,82,LOW,0
2026-01-18 15:30:00,Z004,19.0,19.0,17.4,82,LOW,0
2026-01-18 16:00:00,Z004,19.0,17.0,17.3,82,LOW,0
2026-01-18 16:30:00,Z004,17.0,18.0,17.0,82,LOW,0
2026-01-18 17:00:00,Z004,18.0,37.0,36.3,82,LOW,0
2026-01-18 17:30:00,Z004,37.0,50.0,49.6,82,MEDIUM,0
2026-01-18 18:00:00,Z004,50.0,56.0,56.3,82,MEDIUM,0
2026-01-18 18:30:00,Z004,56.0,64.0,62.3,82,MEDIUM,0
2026-01-18 19:00:00,Z004,64.0,65.0,62.0,82,MEDIUM,0
2026-01-18 19:30:00,Z004,65.0,61.0,61.4,82,MEDIUM,0
2026-01-18 20:00:00,Z004,61.0,37.0,39.8,82,LOW,0
2026-01-18 20:30:00,Z004,37.0,30.0,26.5,82,LOW,0
2026-01-18 21:00:00,Z004,30.0,24.0,22.4,82,LOW,0
2026-01-18 21:30:00,Z004,24.0,16.0,16.7,82,LOW,0
2026-01-18 22:00:00,Z004,16.0,16.0,14.2,82,LOW,0
2026-01-18 22:30:00,Z004,16.0,12.0,14.2,82,LOW,0
2026-01-18 23:00:00,Z004,12.0,13.0,13.3,82,LOW,0
2026-01-18 23:30:00,Z004,13.0,10.0,12.1,82,LOW,0
2026-01-19 00:00:00,Z004,10.0,5.0,5.6,82,LOW,0
2026-01-19 00:30:00,Z004,5.0,4.0,3.7,82,LOW,1
2026-01-19 01:00:00,Z004,4.0,2.0,2.7,82,LOW,1
2026-01-19 01:30:00,Z004,2.0,1.0,1.4,82,LOW,0
2026-01-19 02:00:00,Z004,1.0,2.0,1.5,82,LOW,0
2026-01-19 02:30:00,Z004,2.0,1.0,1.1,82,LOW,0
2026-01-19 03:00:00,Z004,1.0,1.0,1.1,82,LOW,0
2026-01-19 03:30:00,Z004,1.0,1.0,1.1,82,LOW,0
2026-01-19 04:00:00,Z004,1.0,1.0,1.0,82,LOW,0
2026-01-19 04:30:00,Z004,1.0,1.0,1.0,82,LOW,1
2026-01-19 05:00:00,Z004,1.0,6.0,5.1,82,LOW,0
2026-01-19 05:30:00,Z004,6.0,8.0,9.0,82,LOW,0
2026-01-19 06:00:00,Z004,8.0,8.0,10.9,82,LOW,0
2026-01-19 06:30:00,Z004,8.0,12.0,10.9,82,LOW,0
2026-01-19 07:00:00,Z004,12.0,14.0,13.4,82,LOW,0
2026-01-19 07:30:00,Z004,14.0,12.0,13.6,82,LOW,0
2026-01-19 08:00:00,Z004,12.0,31.0,29.7,82,LOW,1
2026-01-19 08:30:00,Z004,31.0,40.0,39.4,82,LOW,0
2026-01-19 09:00:00,Z004,40.0,48.0,45.7,82,LOW,0
2026-01-19 09:30:00,Z004,48.0,45.0,45.5,82,LOW,0
2026-01-19 10:00:00,Z004,45.0,42.0,43.7,82,LOW,0
2026-01-19 10:30:00,Z004,42.0,42.0,41.9,82,LOW,0
2026-01-19 11:00:00,Z004,42.0,31.0,32.9,82,LOW,0
2026-01-19 11:30:00,Z004,31.0,25.0,23.9,82,LOW,0
2026-01-19 12:00:00,Z004,25.0,31.0,32.2,82,LOW,0
2026-01-19 12:30:00,Z004,31.0,43.0,35.9,82,LOW,1
2026-01-19 13:00:00,Z004,43.0,40.0,44.0,82,LOW,0
2026-01-19 13:30:00,Z004,40.0,50.0,47.1,82,LOW,1
2026-01-19 14:00:00,Z004,50.0,42.0,38.8,82,LOW,0
2026-01-19 14:30:00,Z004,42.0,28.0,29.2,82,LOW,0
2026-01-19 15:00:00,Z004,28.0,19.0,19.5,82,LOW,0
2026-01-19 15:30:00,Z004,19.0,16.0,16.7,82,LOW,0
2026-01-19 16:00:00,Z004,16.0,18.0,17.9,82,LOW,0
2026-01-19 16:30:00,Z004,18.0,20.0,18.2,82,LOW,0
2026-01-19 17:00:00,Z004,20.0,33.0,34.2,82,LOW,1
2026-01-19 17:30:00,Z004,33.0,43.0,44.9,82,LOW,0
2026-01-19 18:00:00,Z004,43.0,51.0,51.6,82,MEDIUM,1
2026-01-19 18:30:00,Z004,51.0,53.0,56.3,82,MEDIUM,1
2026-01-19 19:00:00,Z004,53.0,63.0,58.3,82,MEDIUM,0
2026-01-19 19:30:00,Z004,63.0,67.0,65.0,82,MEDIUM,0
2026-01-19 20:00:00,Z004,67.0,50.0,49.1,82,LOW,0
2026-01-19 20:30:00,Z004,50.0,24.0,29.8,82,LOW,1
2026-01-19 21:00:00,Z004,24.0,15.0,15.6,82,LOW,0
2026-01-19 21:30:00,Z004,15.0,16.0,15.8,82,LOW,0
2026-01-19 22:00:00,Z004,16.0,17.0,16.5,82,LOW,0
2026-01-19 22:30:00,Z004,17.0,24.0,18.9,82,LOW,0
2026-01-19 23:00:00,Z004,24.0,23.0,15.9,82,LOW,1
2026-01-19 23:30:00,Z004,23.0,14.0,15.9,82,LOW,0
2026-01-20 00:00:00,Z004,14.0,7.0,7.9,82,LOW,0
2026-01-20 00:30:00,Z004,7.0,4.0,3.9,82,LOW,1
2026-01-20 01:00:00,Z004,4.0,5.0,3.9,82,LOW,0
2026-01-20 01:30:00,Z004,5.0,7.0,4.9,82,LOW,0
2026-01-20 02:00:00,Z004,7.0,5.0,4.4,82,LOW,0
2026-01-20 02:30:00,Z004,5.0,3.0,4.2,82,LOW,0
2026-01-20 03:00:00,Z004,3.0,2.0,1.8,82,LOW,0
2026-01-20 03:30:00,Z004,2.0,2.0,1.5,82,LOW,0
2026-01-20 04:00:00,Z004,2.0,2.0,1.1,82,LOW,1
2026-01-20 04:30:00,Z004,2.0,0.0,1.1,82,LOW,0
2026-01-20 05:00:00,Z004,0.0,3.0,4.6,82,LOW,0
2026-01-20 05:30:00,Z004,3.0,14.0,10.0,82,LOW,0
2026-01-20 06:00:00,Z004,14.0,17.0,16.4,82,LOW,0
2026-01-20 06:30:00,Z004,17.0,14.0,14.6,82,LOW,0
2026-01-20 07:00:00,Z004,14.0,6.0,15.3,82,LOW,1
2026-01-20 07:30:00,Z004,6.0,9.0,9.7,82,LOW,1
2026-01-20 08:00:00,Z004,9.0,23.0,24.0,82,LOW,0
2026-01-20 08:30:00,Z004,23.0,38.0,30.9,82,LOW,1
2026-01-20 09:00:00,Z004,38.0,40.0,40.9,82,LOW,0
2026-01-20 09:30:00,Z004,40.0,47.0,45.2,82,LOW,0
2026-01-20 10:00:00,Z004,47.0,43.0,45.6,82,LOW,0
2026-01-20 10:30:00,Z004,43.0,38.0,41.4,82,LOW,0
2026-01-20 11:00:00,Z004,38.0,29.0,29.1,82,LOW,0
2026-01-20 11:30:00,Z004,29.0,21.0,21.3,82,LOW,0
2026-01-20 12:00:00,Z004,21.0,28.0,31.0,82,LOW,0
2026-01-20 12:30:00,Z004,28.0,39.0,33.3,82,LOW,1
2026-01-20 13:00:00,Z004,39.0,49.0,48.3,82,LOW,0
2026-01-20 13:30:00,Z004,49.0,50.0,50.4,82,MEDIUM,0
2026-01-20 14:00:00,Z004,50.0,41.0,39.5,82,LOW,0
2026-01-20 14:30:00,Z004,41.0,29.0,29.6,82,LOW,0
2026-01-20 15:00:00,Z004,29.0,21.0,21.2,82,LOW,0
2026-01-20 15:30:00,Z004,21.0,16.0,17.9,82,LOW,1
2026-01-20 16:00:00,Z004,16.0,13.0,16.7,82,LOW,1
2026-01-20 16:30:00,Z004,13.0,16.0,15.8,82,LOW,0
2026-01-20 17:00:00,Z004,16.0,28.0,30.9,82,LOW,0
2026-01-20 17:30:00,Z004,28.0,46.0,46.9,82,LOW,0
2026-01-20 18:00:00,Z004,46.0,59.0,56.6,82,MEDIUM,0
2026-01-20 18:30:00,Z004,59.0,62.0,60.8,82,MEDIUM,0
2026-01-20 19:00:00,Z004,62.0,55.0,58.5,82,MEDIUM,1
2026-01-20 19:30:00,Z004,55.0,60.0,60.8,82,MEDIUM,0
2026-01-20 20:00:00,Z004,60.0,44.0,43.8,82,LOW,0
2026-01-20 20:30:00,Z004,44.0,35.0,29.6,82,LOW,1
2026-01-20 21:00:00,Z004,35.0,26.0,25.9,82,LOW,1
2026-01-20 21:30:00,Z004,26.0,19.0,18.6,82,LOW,0
2026-01-20 22:00:00,Z004,19.0,15.0,15.4,82,LOW,0
2026-01-20 22:30:00,Z004,15.0,13.0,13.5,82,LOW,1
2026-01-20 23:00:00,Z004,13.0,12.0,13.0,82,LOW,1
2026-01-20 23:30:00,Z004,12.0,17.0,15.0,82,LOW,0
2026-01-21 00:00:00,Z004,17.0,10.0,10.2,82,LOW,0
2026-01-21 00:30:00,Z004,10.0,9.0,7.1,82,LOW,0
2026-01-21 01:00:00,Z004,9.0,8.0,6.3,82,LOW,0
2026-01-21 01:30:00,Z004,8.0,8.0,5.7,82,LOW,1
2026-01-21 02:00:00,Z004,8.0,6.0,6.0,82,LOW,0
2026-01-21 02:30:00,Z004,6.0,4.0,3.6,82,LOW,0
2026-01-21 03:00:00,Z004,4.0,2.0,2.9,82,LOW,0
2026-01-21 03:30:00,Z004,2.0,1.0,1.4,82,LOW,0
2026-01-21 04:00:00,Z004,1.0,1.0,1.0,82,LOW,0
2026-01-21 04:30:00,Z004,1.0,1.0,1.0,82,LOW,0
2026-01-21 05:00:00,Z004,1.0,4.0,4.9,82,LOW,0
2026-01-21 05:30:00,Z004,4.0,9.0,8.2,82,LOW,0
2026-01-21 06:00:00,Z004,9.0,9.0,12.0,82,LOW,1
2026-01-21 06:30:00,Z004,9.0,13.0,12.0,82,LOW,0
2026-01-21 07:00:00,Z004,13.0,14.0,14.3,82,LOW,0
2026-01-21 07:30:00,Z004,14.0,14.0,13.7,82,LOW,0
2026-01-21 08:00:00,Z004,14.0,32.0,31.0,82,LOW,0
2026-01-21 08:30:00,Z004,32.0,38.0,38.5,82,LOW,0
2026-01-21 09:00:00,Z004,38.0,45.0,41.3,82,LOW,1
2026-01-21 09:30:00,Z004,45.0,53.0,49.4,82,MEDIUM,0
2026-01-21 10:00:00,Z004,53.0,49.0,48.8,82,LOW,0
2026-01-21 10:30:00,Z004,49.0,42.0,45.0,82,LOW,0
2026-01-21 11:00:00,Z004,42.0,38.0,34.3,82,LOW,0
2026-01-21 11:30:00,Z004,38.0,31.0,29.3,82,LOW,0
2026-01-21 12:00:00,Z004,31.0,34.0,35.9,82,LOW,0
2026-01-21 12:30:00,Z004,34.0,46.0,45.9,82,LOW,0
2026-01-21 13:00:00,Z004,46.0,49.0,46.7,82,LOW,1
2026-01-21 13:30:00,Z004,49.0,56.0,53.2,82,MEDIUM,0
2026-01-21 14:00:00,Z004,56.0,29.0,33.9,82,LOW,0
2026-01-21 14:30:00,Z004,29.0,15.0,21.3,82,LOW,1
2026-01-21 15:00:00,Z004,15.0,10.0,11.7,82,LOW,0
2026-01-21 15:30:00,Z004,10.0,19.0,14.7,82,LOW,0
2026-01-21 16:00:00,Z004,19.0,19.0,16.3,82,LOW,1
2026-01-21 16:30:00,Z004,19.0,15.0,16.3,82,LOW,0
2026-01-21 17:00:00,Z004,15.0,37.0,33.8,82,LOW,0
2026-01-21 17:30:00,Z004,37.0,45.0,46.2,82,LOW,0
2026-01-21 18:00:00,Z004,45.0,49.0,51.1,82,MEDIUM,0
2026-01-21 18:30:00,Z004,49.0,52.0,52.4,82,MEDIUM,0
2026-01-21 19:00:00,Z004,52.0,50.0,52.6,82,MEDIUM,0
2026-01-21 19:30:00,Z004,50.0,52.0,53.0,82,MEDIUM,0
2026-01-21 20:00:00,Z004,52.0,37.0,38.0,82,LOW,1
2026-01-21 20:30:00,Z004,37.0,23.0,25.8,82,LOW,0
2026-01-21 21:00:00,Z004,23.0,13.0,16.4,82,LOW,0
2026-01-21 21:30:00,Z004,13.0,15.0,13.8,82,LOW,1
2026-01-21 22:00:00,Z004,15.0,12.0,13.1,82,LOW,0
2026-01-21 22:30:00,Z004,12.0,22.0,15.2,82,LOW,0
2026-01-21 23:00:00,Z004,22.0,20.0,18.2,82,LOW,0
2026-01-14 23:00:00,Z005,14.0,13.0,14.0,81,LOW,0
2026-01-14 23:30:00,Z005,13.0,11.0,12.4,81,LOW,1
2026-01-15 00:00:00,Z005,11.0,7.0,6.7,81,LOW,0
2026-01-15 00:30:00,Z005,7.0,3.0,3.9,81,LOW,0
2026-01-15 01:00:00,Z005,3.0,2.0,1.8,81,LOW,0
2026-01-15 01:30:00,Z005,2.0,0.0,1.2,81,LOW,0
2026-01-15 02:00:00,Z005,0.0,2.0,1.5,81,LOW,0
2026-01-15 02:30:00,Z005,2.0,3.0,2.0,81,LOW,0
2026-01-15 03:00:00,Z005,3.0,3.0,1.9,81,LOW,1
2026-01-15 03:30:00,Z005,3.0,2.0,1.9,81,LOW,0
2026-01-15 04:00:00,Z005,2.0,1.0,1.3,81,LOW,0
2026-01-15 04:30:00,Z005,1.0,1.0,1.2,81,LOW,0
2026-01-15 05:00:00,Z005,1.0,8.0,8.4,81,LOW,0
2026-01-15 05:30:00,Z005,8.0,14.0,13.7,81,LOW,0
2026-01-15 06:00:00,Z005,14.0,15.0,14.3,81,LOW,0
2026-01-15 06:30:00,Z005,15.0,11.0,12.4,81,LOW,0
2026-01-15 07:00:00,Z005,11.0,12.0,13.7,81,LOW,0
2026-01-15 07:30:00,Z005,12.0,11.0,12.9,81,LOW,0
2026-01-15 08:00:00,Z005,11.0,29.0,30.3,81,LOW,0
2026-01-15 08:30:00,Z005,29.0,39.0,38.7,81,LOW,0
2026-01-15 09:00:00,Z005,39.0,50.0,50.2,81,MEDIUM,0
2026-01-15 09:30:00,Z005,50.0,42.0,44.2,81,LOW,0
2026-01-15 10:00:00,Z005,42.0,44.0,45.8,81,LOW,1
2026-01-15 10:30:00,Z005,44.0,43.0,44.2,81,LOW,0
2026-01-15 11:00:00,Z005,43.0,25.0,27.2,81,LOW,0
2026-01-15 11:30:00,Z005,25.0,14.0,16.4,81,LOW,0
2026-01-15 12:00:00,Z005,14.0,26.0,29.1,81,LOW,0
2026-01-15 12:30:00,Z005,26.0,43.0,40.5,81,LOW,0
2026-01-15 13:00:00,Z005,43.0,43.0,44.3,81,LOW,0
2026-01-15 13:30:00,Z005,43.0,43.0,44.3,81,LOW,0
2026-01-15 14:00:00,Z005,43.0,20.0,22.3,81,LOW,0
2026-01-15 14:30:00,Z005,20.0,13.0,14.9,81,LOW,0
2026-01-15 15:00:00,Z005,13.0,14.0,11.4,81,LOW,1
2026-01-15 15:30:00,Z005,14.0,11.0,11.9,81,LOW,1
2026-01-15 16:00:00,Z005,11.0,12.0,13.0,81,LOW,0
2026-01-15 16:30:00,Z005,12.0,17.0,14.5,81,LOW,0
2026-01-15 17:00:00,Z005,17.0,42.0,39.8,81,LOW,0
2026-01-15 17:30:00,Z005,42.0,68.0,62.5,81,MEDIUM,0
2026-01-15 18:00:00,Z005,68.0,68.0,68.5,81,MEDIUM,0
2026-01-15 18:30:00,Z005,68.0,71.0,68.5,81,MEDIUM,0
2026-01-15 19:00:00,Z005,71.0,70.0,67.5,81,MEDIUM,1
2026-01-15 19:30:00,Z005,70.0,65.0,67.2,81,MEDIUM,1
2026-01-15 20:00:00,Z005,65.0,37.0,38.1,81,LOW,1
2026-01-15 20:30:00,Z005,37.0,19.0,22.6,81,LOW,1
2026-01-15 21:00:00,Z005,19.0,19.0,17.5,81,LOW,0
2026-01-15 21:30:00,Z005,19.0,22.0,17.5,81,LOW,1
2026-01-15 22:00:00,Z005,22.0,17.0,16.8,81,LOW,0
2026-01-15 22:30:00,Z005,17.0,14.0,14.7,81,LOW,0
2026-01-15 23:00:00,Z005,14.0,18.0,16.4,81,LOW,0
2026-01-15 23:30:00,Z005,18.0,14.0,15.3,81,LOW,0
2026-01-16 00:00:00,Z005,14.0,7.0,7.8,81,LOW,0
2026-01-16 00:30:00,Z005,7.0,6.0,4.5,81,LOW,0
2026-01-16 01:00:00,Z005,6.0,2.0,2.9,81,LOW,0
2026-01-16 01:30:00,Z005,2.0,1.0,1.1,81,LOW,0
2026-01-16 02:00:00,Z005,1.0,0.0,1.0,81,LOW,0
2026-01-16 02:30:00,Z005,0.0,1.0,1.1,81,LOW,0
2026-01-16 03:00:00,Z005,1.0,2.0,1.3,81,LOW,0
2026-01-16 03:30:00,Z005,2.0,4.0,1.8,81,LOW,1
2026-01-16 04:00:00,Z005,4.0,3.0,3.6,81,LOW,0
2026-01-16 04:30:00,Z005,3.0,3.0,2.7,81,LOW,0
2026-01-16 05:00:00,Z005,3.0,4.0,8.0,81,LOW,0
2026-01-16 05:30:00,Z005,4.0,11.0,8.7,81,LOW,0
2026-01-16 06:00:00,Z005,11.0,13.0,12.5,81,LOW,0
2026-01-16 06:30:00,Z005,13.0,12.0,14.7,81,LOW,0
2026-01-16 07:00:00,Z005,12.0,14.0,14.2,81,LOW,0
2026-01-16 07:30:00,Z005,14.0,21.0,16.9,81,LOW,0
2026-01-16 08:00:00,Z005,21.0,37.0,34.6,81,LOW,0
2026-01-16 08:30:00,Z005,37.0,31.0,38.2,81,LOW,0
2026-01-16 09:00:00,Z005,31.0,40.0,39.8,81,LOW,0
2026-01-16 09:30:00,Z005,40.0,57.0,44.3,81,LOW,1
2026-01-16 10:00:00,Z005,57.0,60.0,52.2,81,MEDIUM,1
2026-01-16 10:30:00,Z005,60.0,51.0,55.0,81,MEDIUM,0
2026-01-16 11:00:00,Z005,51.0,34.0,31.2,81,LOW,1
2026-01-16 11:30:00,Z005,34.0,24.0,22.7,81,LOW,1
2026-01-16 12:00:00,Z005,24.0,32.0,40.2,81,LOW,1
2026-01-16 12:30:00,Z005,32.0,42.0,44.5,81,LOW,0
2026-01-16 13:00:00,Z005,42.0,53.0,51.5,81,MEDIUM,0
2026-01-16 13:30:00,Z005,53.0,55.0,53.5,81,MEDIUM,0
2026-01-16 14:00:00,Z005,55.0,30.0,32.2,81,LOW,0
2026-01-16 14:30:00,Z005,30.0,14.0,17.6,81,LOW,0
2026-01-16 15:00:00,Z005,14.0,13.0,12.5,81,LOW,0
2026-01-16 15:30:00,Z005,13.0,13.0,11.4,81,LOW,1
2026-01-16 16:00:00,Z005,13.0,7.0,11.0,81,LOW,0
2026-01-16 16:30:00,Z005,7.0,12.0,10.9,81,LOW,0
2026-01-16 17:00:00,Z005,12.0,60.0,44.6,81,LOW,0
2026-01-16 17:30:00,Z005,60.0,59.0,66.0,81,MEDIUM,1
2026-01-16 18:00:00,Z005,59.0,63.0,61.5,81,MEDIUM,0
2026-01-16 18:30:00,Z005,63.0,63.0,60.9,81,MEDIUM,0
2026-01-16 19:00:00,Z005,63.0,57.0,58.8,81,MEDIUM,0
2026-01-16 19:30:00,Z005,57.0,55.0,57.6,81,MEDIUM,0
2026-01-16 20:00:00,Z005,55.0,31.0,29.7,81,LOW,0
2026-01-16 20:30:00,Z005,31.0,24.0,22.7,81,LOW,0
2026-01-16 21:00:00,Z005,24.0,21.0,19.7,81,LOW,0
2026-01-16 21:30:00,Z005,21.0,20.0,19.6,81,LOW,0
2026-01-16 22:00:00,Z005,20.0,19.0,18.5,81,LOW,0
2026-01-16 22:30:00,Z005,19.0,16.0,16.9,81,LOW,0
2026-01-16 23:00:00,Z005,16.0,7.0,14.4,81,LOW,1
2026-01-16 23:30:00,Z005,7.0,6.0,10.2,81,LOW,0
2026-01-17 00:00:00,Z005,6.0,2.0,2.6,81,LOW,0
2026-01-17 00:30:00,Z005,2.0,1.0,1.0,81,LOW,0
2026-01-17 01:00:00,Z005,1.0,3.0,2.0,81,LOW,0
2026-01-17 01:30:00,Z005,3.0,3.0,2.8,81,LOW,0
2026-01-17 02:00:00,Z005,3.0,4.0,3.1,81,LOW,0
2026-01-17 02:30:00,Z005,4.0,4.0,3.0,81,LOW,0
2026-01-17 03:00:00,Z005,4.0,1.0,2.2,81,LOW,0
2026-01-17 03:30:00,Z005,1.0,1.0,1.3,81,LOW,0
2026-01-17 04:00:00,Z005,1.0,1.0,1.5,81,LOW,0
2026-01-17 04:30:00,Z005,1.0,2.0,1.5,81,LOW,0
2026-01-17 05:00:00,Z005,2.0,11.0,11.1,81,LOW,0
2026-01-17 05:30:00,Z005,11.0,15.0,13.9,81,LOW,0
2026-01-17 06:00:00,Z005,15.0,15.0,15.7,81,LOW,0
2026-01-17 06:30:00,Z005,15.0,17.0,15.7,81,LOW,0
2026-01-17 07:00:00,Z005,17.0,15.0,15.1,81,LOW,0
2026-01-17 07:30:00,Z005,15.0,14.0,14.5,81,LOW,0
2026-01-17 08:00:00,Z005,14.0,29.0,30.4,81,LOW,0
2026-01-17 08:30:00,Z005,29.0,41.0,39.2,81,LOW,0
2026-01-17 09:00:00,Z005,41.0,45.0,44.8,81,LOW,0
2026-01-17 09:30:00,Z005,45.0,48.0,45.0,81,LOW,0
2026-01-17 10:00:00,Z005,48.0,48.0,44.5,81,LOW,1
2026-01-17 10:30:00,Z005,48.0,44.0,44.5,81,LOW,0
2026-01-17 11:00:00,Z005,44.0,28.0,29.8,81,LOW,0
2026-01-17 11:30:00,Z005,28.0,19.0,18.3,81,LOW,0
2026-01-17 12:00:00,Z005,19.0,41.0,39.2,81,LOW,0
2026-01-17 12:30:00,Z005,41.0,49.0,51.4,81,MEDIUM,1
2026-01-17 13:00:00,Z005,49.0,48.0,50.6,81,MEDIUM,1
2026-01-17 13:30:00,Z005,48.0,44.0,47.7,81,LOW,0
2026-01-17 14:00:00,Z005,44.0,33.0,25.0,81,LOW,1
2026-01-17 14:30:00,Z005,33.0,19.0,20.2,81,LOW,0
2026-01-17 15:00:00,Z005,19.0,20.0,18.1,81,LOW,0
2026-01-17 15:30:00,Z005,20.0,18.0,17.2,81,LOW,0
2026-01-17 16:00:00,Z005,18.0,19.0,17.2,81,LOW,1
2026-01-17 16:30:00,Z005,19.0,18.0,17.9,81,LOW,0
2026-01-17 17:00:00,Z005,18.0,45.0,42.4,81,LOW,0
2026-01-17 17:30:00,Z005,45.0,63.0,60.9,81,MEDIUM,0
2026-01-17 18:00:00,Z005,63.0,76.0,62.0,81,MEDIUM,1
2026-01-17 18:30:00,Z005,76.0,54.0,64.3,81,MEDIUM,0
2026-01-17 19:00:00,Z005,54.0,58.0,58.8,81,MEDIUM,0
2026-01-17 19:30:00,Z005,58.0,68.0,63.7,81,MEDIUM,0
2026-01-17 20:00:00,Z005,68.0,42.0,38.7,81,LOW,1
2026-01-17 20:30:00,Z005,42.0,27.0,26.3,81,LOW,0
2026-01-17 21:00:00,Z005,27.0,15.0,16.9,81,LOW,0
2026-01-17 21:30:00,Z005,15.0,19.0,16.4,81,LOW,0
2026-01-17 22:00:00,Z005,19.0,17.0,15.9,81,LOW,0
2026-01-17 22:30:00,Z005,17.0,11.0,13.2,81,LOW,0
2026-01-17 23:00:00,Z005,11.0,13.0,16.8,81,LOW,1
2026-01-17 23:30:00,Z005,13.0,17.0,15.4,81,LOW,0
2026-01-18 00:00:00,Z005,17.0,7.0,7.8,81,LOW,0
2026-01-18 00:30:00,Z005,7.0,5.0,4.5,81,LOW,0
2026-01-18 01:00:00,Z005,5.0,1.0,2.2,81,LOW,0
2026-01-18 01:30:00,Z005,1.0,1.0,1.4,81,LOW,1
2026-01-18 02:00:00,Z005,1.0,2.0,1.3,81,LOW,1
2026-01-18 02:30:00,Z005,2.0,1.0,1.3,81,LOW,0
2026-01-18 03:00:00,Z005,1.0,1.0,1.0,81,LOW,0
2026-01-18 03:30:00,Z005,1.0,0.0,1.0,81,LOW,0
2026-01-18 04:00:00,Z005,0.0,1.0,0.8,81,LOW,1
2026-01-18 04:30:00,Z005,1.0,4.0,2.5,81,LOW,0
2026-01-18 05:00:00,Z005,4.0,5.0,8.4,81,LOW,0
2026-01-18 05:30:00,Z005,5.0,7.0,8.4,81,LOW,0
2026-01-18 06:00:00,Z005,7.0,3.0,8.6,81,LOW,0
2026-01-18 06:30:00,Z005,3.0,12.0,8.9,81,LOW,0
2026-01-18 07:00:00,Z005,12.0,15.0,14.3,81,LOW,0
2026-01-18 07:30:00,Z005,15.0,10.0,12.6,81,LOW,0
2026-01-18 08:00:00,Z005,10.0,29.0,28.9,81,LOW,0
2026-01-18 08:30:00,Z005,29.0,39.0,39.1,81,LOW,0
2026-01-18 09:00:00,Z005,39.0,45.0,42.8,81,LOW,0
2026-01-18 09:30:00,Z005,45.0,38.0,42.5,81,LOW,0
2026-01-18 10:00:00,Z005,38.0,41.0,41.1,81,LOW,0
2026-01-18 10:30:00,Z005,41.0,38.0,40.3,81,LOW,0
2026-01-18 11:00:00,Z005,38.0,23.0,25.4,81,LOW,0
2026-01-18 11:30:00,Z005,23.0,13.0,17.3,81,LOW,0
2026-01-18 12:00:00,Z005,13.0,43.0,36.5,81,LOW,0
2026-01-18 12:30:00,Z005,43.0,46.0,48.6,81,MEDIUM,0
2026-01-18 13:00:00,Z005,46.0,46.0,49.7,81,MEDIUM,0
2026-01-18 13:30:00,Z005,46.0,55.0,49.7,81,MEDIUM,1
2026-01-18 14:00:00,Z005,55.0,33.0,34.6,81,LOW,0
2026-01-18 14:30:00,Z005,33.0,22.0,21.0,81,LOW,0
2026-01-18 15:00:00,Z005,22.0,18.0,18.1,81,LOW,1
2026-01-18 15:30:00,Z005,18.0,13.0,14.8,81,LOW,0
2026-01-18 16:00:00,Z005,13.0,16.0,15.4,81,LOW,0
2026-01-18 16:30:00,Z005,16.0,15.0,17.0,81,LOW,1
2026-01-18 17:00:00,Z005,15.0,31.0,36.8,81,LOW,0
2026-01-18 17:30:00,Z005,31.0,55.0,55.3,81,MEDIUM,0
2026-01-18 18:00:00,Z005,55.0,61.0,61.2,81,MEDIUM,1
2026-01-18 18:30:00,Z005,61.0,55.0,59.9,81,MEDIUM,1
2026-01-18 19:00:00,Z005,55.0,61.0,61.0,81,MEDIUM,0
2026-01-18 19:30:00,Z005,61.0,60.0,59.5,81,MEDIUM,0
2026-01-18 20:00:00,Z005,60.0,26.0,35.1,81,LOW,1
2026-01-18 20:30:00,Z005,26.0,24.0,19.1,81,LOW,1
2026-01-18 21:00:00,Z005,24.0,18.0,18.2,81,LOW,0
2026-01-18 21:30:00,Z005,18.0,18.0,17.8,81,LOW,0
2026-01-18 22:00:00,Z005,18.0,20.0,17.5,81,LOW,0
2026-01-18 22:30:00,Z005,20.0,19.0,18.1,81,LOW,0
2026-01-18 23:00:00,Z005,19.0,15.0,16.6,81,LOW,0
2026-01-18 23:30:00,Z005,15.0,14.0,14.0,81,LOW,0
2026-01-19 00:00:00,Z005,14.0,10.0,8.5,81,LOW,0
2026-01-19 00:30:00,Z005,10.0,5.0,5.5,81,LOW,0
2026-01-19 01:00:00,Z005,5.0,1.0,2.2,81,LOW,1
2026-01-19 01:30:00,Z005,1.0,2.0,1.6,81,LOW,0
2026-01-19 02:00:00,Z005,2.0,2.0,2.3,81,LOW,1
2026-01-19 02:30:00,Z005,2.0,3.0,2.3,81,LOW,0
2026-01-19 03:00:00,Z005,3.0,4.0,2.8,81,LOW,0
2026-01-19 03:30:00,Z005,4.0,2.0,2.2,81,LOW,0
2026-01-19 04:00:00,Z005,2.0,1.0,1.2,81,LOW,0
2026-01-19 04:30:00,Z005,1.0,2.0,1.6,81,LOW,0
2026-01-19 05:00:00,Z005,2.0,11.0,8.2,81,LOW,1
2026-01-19 05:30:00,Z005,11.0,12.0,15.9,81,LOW,1
2026-01-19 06:00:00,Z005,12.0,13.0,13.8,81,LOW,0
2026-01-19 06:30:00,Z005,13.0,17.0,15.4,81,LOW,0
2026-01-19 07:00:00,Z005,17.0,14.0,13.3,81,LOW,0
2026-01-19 07:30:00,Z005,14.0,19.0,16.6,81,LOW,0
2026-01-19 08:00:00,Z005,19.0,37.0,33.9,81,LOW,0
2026-01-19 08:30:00,Z005,37.0,51.0,44.1,81,LOW,0
2026-01-19 09:00:00,Z005,51.0,46.0,45.6,81,LOW,0
2026-01-19 09:30:00,Z005,46.0,40.0,44.5,81,LOW,0
2026-01-19 10:00:00,Z005,40.0,39.0,42.9,81,LOW,0
2026-01-19 10:30:00,Z005,39.0,48.0,45.5,81,LOW,0
2026-01-19 11:00:00,Z005,48.0,25.0,27.8,81,LOW,1
2026-01-19 11:30:00,Z005,25.0,17.0,15.2,81,LOW,0
2026-01-19 12:00:00,Z005,17.0,44.0,40.5,81,LOW,0
2026-01-19 12:30:00,Z005,44.0,46.0,45.0,81,LOW,0
2026-01-19 13:00:00,Z005,46.0,45.0,44.9,81,LOW,1
2026-01-19 13:30:00,Z005,45.0,42.0,45.0,81,LOW,0
2026-01-19 14:00:00,Z005,42.0,17.0,21.8,81,LOW,0
2026-01-19 14:30:00,Z005,17.0,17.0,14.6,81,LOW,1
2026-01-19 15:00:00,Z005,17.0,12.0,14.6,81,LOW,0
2026-01-19 15:30:00,Z005,12.0,12.0,12.3,81,LOW,0
2026-01-19 16:00:00,Z005,12.0,15.0,14.8,81,LOW,0
2026-01-19 16:30:00,Z005,15.0,18.0,15.7,81,LOW,0
2026-01-19 17:00:00,Z005,18.0,25.0,32.2,81,LOW,0
2026-01-19 17:30:00,Z005,25.0,39.0,40.0,81,LOW,0
2026-01-19 18:00:00,Z005,39.0,50.0,50.4,81,MEDIUM,0
2026-01-19 18:30:00,Z005,50.0,55.0,56.4,81,MEDIUM,0
2026-01-19 19:00:00,Z005,55.0,64.0,60.3,81,MEDIUM,1
2026-01-19 19:30:00,Z005,64.0,62.0,65.4,81,MEDIUM,0
2026-01-19 20:00:00,Z005,62.0,32.0,35.0,81,LOW,0
2026-01-19 20:30:00,Z005,32.0,29.0,24.7,81,LOW,0
2026-01-19 21:00:00,Z005,29.0,21.0,21.5,81,LOW,0
2026-01-19 21:30:00,Z005,21.0,17.0,17.7,81,LOW,0
2026-01-19 22:00:00,Z005,17.0,13.0,17.4,81,LOW,1
2026-01-19 22:30:00,Z005,13.0,16.0,14.9,81,LOW,0
2026-01-19 23:00:00,Z005,16.0,15.0,15.8,81,LOW,0
2026-01-19 23:30:00,Z005,15.0,15.0,14.8,81,LOW,0
2026-01-20 00:00:00,Z005,15.0,6.0,6.4,81,LOW,0
2026-01-20 00:30:00,Z005,6.0,2.0,3.9,81,LOW,1
2026-01-20 01:00:00,Z005,2.0,2.0,1.8,81,LOW,0
2026-01-20 01:30:00,Z005,2.0,2.0,1.8,81,LOW,0
2026-01-20 02:00:00,Z005,2.0,1.0,1.5,81,LOW,0
2026-01-20 02:30:00,Z005,1.0,1.0,1.0,81,LOW,0
2026-01-20 03:00:00,Z005,1.0,1.0,0.7,81,LOW,0
2026-01-20 03:30:00,Z005,1.0,0.0,0.7,81,LOW,0
2026-01-20 04:00:00,Z005,0.0,0.0,0.5,81,LOW,0
2026-01-20 04:30:00,Z005,0.0,1.0,0.5,81,LOW,1
2026-01-20 05:00:00,Z005,1.0,10.0,8.2,81,LOW,0
2026-01-20 05:30:00,Z005,10.0,20.0,16.6,81,LOW,0
2026-01-20 06:00:00,Z005,20.0,15.0,16.2,81,LOW,0
2026-01-20 06:30:00,Z005,15.0,21.0,17.2,81,LOW,0
2026-01-20 07:00:00,Z005,21.0,21.0,16.5,81,LOW,1
2026-01-20 07:30:00,Z005,21.0,16.0,16.5,81,LOW,0
2026-01-20 08:00:00,Z005,16.0,27.0,29.5,81,LOW,0
2026-01-20 08:30:00,Z005,27.0,36.0,35.2,81,LOW,0
2026-01-20 09:00:00,Z005,36.0,41.0,40.0,81,LOW,0
2026-01-20 09:30:00,Z005,41.0,39.0,42.0,81,LOW,0
2026-01-20 10:00:00,Z005,39.0,46.0,45.6,81,LOW,0
2026-01-20 10:30:00,Z005,46.0,48.0,46.4,81,LOW,0
2026-01-20 11:00:00,Z005,48.0,27.0,27.9,81,LOW,0
2026-01-20 11:30:00,Z005,27.0,12.0,14.5,81,LOW,0
2026-01-20 12:00:00,Z005,12.0,39.0,36.2,81,LOW,0
2026-01-20 12:30:00,Z005,39.0,47.0,47.7,81,LOW,0
2026-01-20 13:00:00,Z005,47.0,49.0,49.3,81,MEDIUM,1
2026-01-20 13:30:00,Z005,49.0,55.0,51.6,81,MEDIUM,0
2026-01-20 14:00:00,Z005,55.0,41.0,35.3,81,LOW,0
2026-01-20 14:30:00,Z005,41.0,21.0,22.1,81,LOW,0
2026-01-20 15:00:00,Z005,21.0,19.0,18.2,81,LOW,0
2026-01-20 15:30:00,Z005,19.0,13.0,14.6,81,LOW,0
2026-01-20 16:00:00,Z005,13.0,16.0,15.2,81,LOW,1
2026-01-20 16:30:00,Z005,16.0,24.0,16.6,81,LOW,1
2026-01-20 17:00:00,Z005,24.0,36.0,38.1,81,LOW,0
2026-01-20 17:30:00,Z005,36.0,42.0,45.2,81,LOW,0
2026-01-20 18:00:00,Z005,42.0,46.0,52.4,81,MEDIUM,0
2026-01-20 18:30:00,Z005,46.0,62.0,55.7,81,MEDIUM,1
2026-01-20 19:00:00,Z005,62.0,59.0,57.7,81,MEDIUM,1
2026-01-20 19:30:00,Z005,59.0,56.0,57.2,81,MEDIUM,0
2026-01-20 20:00:00,Z005,56.0,37.0,33.3,81,LOW,1
2026-01-20 20:30:00,Z005,37.0,18.0,20.6,81,LOW,0
2026-01-20 21:00:00,Z005,18.0,13.0,15.1,81,LOW,0
2026-01-20 21:30:00,Z005,13.0,14.0,12.8,81,LOW,1
2026-01-20 22:00:00,Z005,14.0,12.0,12.6,81,LOW,1
2026-01-20 22:30:00,Z005,12.0,12.0,14.1,81,LOW,1
2026-01-20 23:00:00,Z005,12.0,14.0,14.9,81,LOW,0
2026-01-20 23:30:00,Z005,14.0,11.0,12.4,81,LOW,0
2026-01-21 00:00:00,Z005,11.0,4.0,6.4,81,LOW,1
2026-01-21 00:30:00,Z005,4.0,1.0,3.3,81,LOW,1
2026-01-21 01:00:00,Z005,1.0,2.0,1.6,81,LOW,0
2026-01-21 01:30:00,Z005,2.0,5.0,2.0,81,LOW,1
2026-01-21 02:00:00,Z005,5.0,3.0,2.6,81,LOW,0
2026-01-21 02:30:00,Z005,3.0,3.0,2.9,81,LOW,0
2026-01-21 03:00:00,Z005,3.0,3.0,2.7,81,LOW,0
2026-01-21 03:30:00,Z005,3.0,2.0,2.7,81,LOW,0
2026-01-21 04:00:00,Z005,2.0,0.0,0.9,81,LOW,0
2026-01-21 04:30:00,Z005,0.0,1.0,0.9,81,LOW,0
2026-01-21 05:00:00,Z005,1.0,6.0,7.2,81,LOW,0
2026-01-21 05:30:00,Z005,6.0,12.0,10.7,81,LOW,1
2026-01-21 06:00:00,Z005,12.0,12.0,13.4,81,LOW,1
2026-01-21 06:30:00,Z005,12.0,13.0,13.4,81,LOW,0
2026-01-21 07:00:00,Z005,13.0,17.0,15.6,81,LOW,0
2026-01-21 07:30:00,Z005,17.0,11.0,12.6,81,LOW,0
2026-01-21 08:00:00,Z005,11.0,34.0,32.3,81,LOW,0
2026-01-21 08:30:00,Z005,34.0,38.0,40.9,81,LOW,1
2026-01-21 09:00:00,Z005,38.0,42.0,42.3,81,LOW,0
2026-01-21 09:30:00,Z005,42.0,46.0,45.1,81,LOW,0
2026-01-21 10:00:00,Z005,46.0,47.0,47.1,81,LOW,0
2026-01-21 10:30:00,Z005,47.0,50.0,47.6,81,LOW,0
2026-01-21 11:00:00,Z005,50.0,27.0,30.1,81,LOW,0
2026-01-21 11:30:00,Z005,27.0,10.0,13.9,81,LOW,0
2026-01-21 12:00:00,Z005,10.0,27.0,27.7,81,LOW,0
2026-01-21 12:30:00,Z005,27.0,31.0,37.3,81,LOW,0
2026-01-21 13:00:00,Z005,31.0,43.0,37.5,81,LOW,0
2026-01-21 13:30:00,Z005,43.0,47.0,45.2,81,LOW,0
2026-01-21 14:00:00,Z005,47.0,33.0,29.2,81,LOW,0
2026-01-21 14:30:00,Z005,33.0,24.0,21.9,81,LOW,0
2026-01-21 15:00:00,Z005,24.0,15.0,17.6,81,LOW,1
2026-01-21 15:30:00,Z005,15.0,11.0,12.3,81,LOW,1
2026-01-21 16:00:00,Z005,11.0,16.0,15.3,81,LOW,1
2026-01-21 16:30:00,Z005,16.0,20.0,18.0,81,LOW,0
2026-01-21 17:00:00,Z005,20.0,46.0,35.4,81,LOW,1
2026-01-21 17:30:00,Z005,46.0,54.0,60.8,81,MEDIUM,1
2026-01-21 18:00:00,Z005,54.0,76.0,64.3,81,MEDIUM,0
2026-01-21 18:30:00,Z005,76.0,75.0,71.6,81,HIGH,0
2026-01-21 19:00:00,Z005,75.0,61.0,71.6,81,HIGH,1
2026-01-21 19:30:00,Z005,61.0,59.0,58.0,81,MEDIUM,0
2026-01-21 20:00:00,Z005,59.0,32.0,34.4,81,LOW,0
2026-01-21 20:30:00,Z005,32.0,23.0,24.1,81,LOW,0
2026-01-21 21:00:00,Z005,23.0,24.0,20.8,81,LOW,0
2026-01-21 21:30:00,Z005,24.0,17.0,19.3,81,LOW,1
2026-01-21 22:00:00,Z005,17.0,10.0,13.3,81,LOW,0
2026-01-21 22:30:00,Z005,10.0,9.0,13.1,81,LOW,0
2026-01-21 23:00:00,Z005,9.0,11.0,13.3,81,LOW,1
2026-01-14 23:00:00,Z006,30.0,34.0,31.9,133,LOW,0
2026-01-14 23:30:00,Z006,34.0,36.0,34.6,133,LOW,0
2026-01-15 00:00:00,Z006,36.0,20.0,20.6,133,LOW,0
2026-01-15 00:30:00,Z006,20.0,10.0,11.3,133,LOW,0
2026-01-15 01:00:00,Z006,10.0,5.0,5.4,133,LOW,0
2026-01-15 01:30:00,Z006,5.0,3.0,3.2,133,LOW,0
2026-01-15 02:00:00,Z006,3.0,2.0,3.0,133,LOW,1
2026-01-15 02:30:00,Z006,2.0,2.0,2.0,133,LOW,0
2026-01-15 03:00:00,Z006,2.0,0.0,1.5,133,LOW,0
2026-01-15 03:30:00,Z006,0.0,1.0,1.3,133,LOW,0
2026-01-15 04:00:00,Z006,1.0,2.0,1.6,133,LOW,0
2026-01-15 04:30:00,Z006,2.0,3.0,2.4,133,LOW,0
2026-01-15 05:00:00,Z006,3.0,9.0,10.1,133,LOW,0
2026-01-15 05:30:00,Z006,9.0,14.0,15.5,133,LOW,0
2026-01-15 06:00:00,Z006,14.0,25.0,19.4,133,LOW,1
2026-01-15 06:30:00,Z006,25.0,27.0,25.9,133,LOW,0
2026-01-15 07:00:00,Z006,27.0,23.0,24.7,133,LOW,0
2026-01-15 07:30:00,Z006,23.0,21.0,24.2,133,LOW,0
2026-01-15 08:00:00,Z006,21.0,45.0,42.0,133,LOW,1
2026-01-15 08:30:00,Z006,45.0,70.0,64.6,133,LOW,0
2026-01-15 09:00:00,Z006,70.0,87.0,80.9,133,MEDIUM,0
2026-01-15 09:30:00,Z006,87.0,77.0,78.7,133,LOW,0
2026-01-15 10:00:00,Z006,77.0,78.0,77.3,133,LOW,0
2026-01-15 10:30:00,Z006,78.0,85.0,80.1,133,MEDIUM,0
2026-01-15 11:00:00,Z006,85.0,69.0,66.2,133,LOW,0
2026-01-15 11:30:00,Z006,69.0,46.0,48.1,133,LOW,0
2026-01-15 12:00:00,Z006,46.0,57.0,56.8,133,LOW,0
2026-01-15 12:30:00,Z006,57.0,78.0,69.5,133,LOW,1
2026-01-15 13:00:00,Z006,78.0,95.0,90.5,133,MEDIUM,0
2026-01-15 13:30:00,Z006,95.0,87.0,92.1,133,MEDIUM,1
2026-01-15 14:00:00,Z006,87.0,62.0,62.2,133,LOW,0
2026-01-15 14:30:00,Z006,62.0,42.0,42.8,133,LOW,1
2026-01-15 15:00:00,Z006,42.0,32.0,30.6,133,LOW,0
2026-01-15 15:30:00,Z006,32.0,32.0,28.0,133,LOW,0
2026-01-15 16:00:00,Z006,32.0,21.0,26.2,133,LOW,0
2026-01-15 16:30:00,Z006,21.0,22.0,21.1,133,LOW,0
2026-01-15 17:00:00,Z006,22.0,53.0,53.4,133,LOW,0
2026-01-15 17:30:00,Z006,53.0,80.0,73.7,133,LOW,1
2026-01-15 18:00:00,Z006,80.0,92.0,91.3,133,MEDIUM,0
2026-01-15 18:30:00,Z006,92.0,102.0,100.2,133,MEDIUM,0
2026-01-15 19:00:00,Z006,102.0,112.0,106.5,133,MEDIUM,0
2026-01-15 19:30:00,Z006,112.0,112.0,108.5,133,MEDIUM,1
2026-01-15 20:00:00,Z006,112.0,81.0,75.9,133,LOW,0
2026-01-15 20:30:00,Z006,81.0,49.0,53.9,133,LOW,1
2026-01-15 21:00:00,Z006,49.0,36.0,33.2,133,LOW,0
2026-01-15 21:30:00,Z006,36.0,28.0,30.3,133,LOW,0
2026-01-15 22:00:00,Z006,28.0,24.0,25.1,133,LOW,0
2026-01-15 22:30:00,Z006,24.0,29.0,26.3,133,LOW,0
2026-01-15 23:00:00,Z006,29.0,27.0,27.8,133,LOW,0
2026-01-15 23:30:00,Z006,27.0,23.0,24.2,133,LOW,0
2026-01-16 00:00:00,Z006,23.0,13.0,14.2,133,LOW,0
2026-01-16 00:30:00,Z006,13.0,6.0,6.9,133,LOW,0
2026-01-16 01:00:00,Z006,6.0,2.0,3.0,133,LOW,0
2026-01-16 01:30:00,Z006,2.0,3.0,1.5,133,LOW,1
2026-01-16 02:00:00,Z006,3.0,3.0,3.0,133,LOW,0
2026-01-16 02:30:00,Z006,3.0,3.0,3.0,133,LOW,1
2026-01-16 03:00:00,Z006,3.0,1.0,2.8,133,LOW,1
2026-01-16 03:30:00,Z006,1.0,1.0,1.1,133,LOW,1
2026-01-16 04:00:00,Z006,1.0,1.0,0.9,133,LOW,1
2026-01-16 04:30:00,Z006,1.0,3.0,0.9,133,LOW,1
2026-01-16 05:00:00,Z006,3.0,12.0,11.2,133,LOW,0
2026-01-16 05:30:00,Z006,12.0,18.0,17.6,133,LOW,0
2026-01-16 06:00:00,Z006,18.0,20.0,19.6,133,LOW,0
2026-01-16 06:30:00,Z006,20.0,18.0,20.2,133,LOW,0
2026-01-16 07:00:00,Z006,18.0,19.0,20.0,133,LOW,0
2026-01-16 07:30:00,Z006,19.0,26.0,22.7,133,LOW,1
2026-01-16 08:00:00,Z006,26.0,60.0,41.9,133,LOW,1
2026-01-16 08:30:00,Z006,60.0,88.0,76.8,133,LOW,0
2026-01-16 09:00:00,Z006,88.0,86.0,80.9,133,MEDIUM,0
2026-01-16 09:30:00,Z006,86.0,74.0,79.2,133,LOW,0
2026-01-16 10:00:00,Z006,74.0,70.0,71.1,133,LOW,0
2026-01-16 10:30:00,Z006,70.0,70.0,71.9,133,LOW,0
2026-01-16 11:00:00,Z006,70.0,50.0,50.0,133,LOW,0
2026-01-16 11:30:00,Z006,50.0,39.0,38.7,133,LOW,0
2026-01-16 12:00:00,Z006,39.0,71.0,61.1,133,LOW,0
2026-01-16 12:30:00,Z006,71.0,81.0,82.4,133,MEDIUM,0
2026-01-16 13:00:00,Z006,81.0,91.0,87.6,133,MEDIUM,0
2026-01-16 13:30:00,Z006,91.0,86.0,90.1,133,MEDIUM,0
2026-01-16 14:00:00,Z006,86.0,61.0,61.6,133,LOW,0
2026-01-16 14:30:00,Z006,61.0,40.0,42.5,133,LOW,1
2026-01-16 15:00:00,Z006,40.0,30.0,31.7,133,LOW,0
2026-01-16 15:30:00,Z006,30.0,32.0,29.6,133,LOW,1
2026-01-16 16:00:00,Z006,32.0,31.0,26.1,133,LOW,1
2026-01-16 16:30:00,Z006,31.0,31.0,29.6,133,LOW,0
2026-01-16 17:00:00,Z006,31.0,49.0,53.2,133,LOW,0
2026-01-16 17:30:00,Z006,49.0,71.0,68.0,133,LOW,0
2026-01-16 18:00:00,Z006,71.0,101.0,91.7,133,MEDIUM,0
2026-01-16 18:30:00,Z006,101.0,113.0,104.5,133,MEDIUM,0
2026-01-16 19:00:00,Z006,113.0,100.0,102.7,133,MEDIUM,0
2026-01-16 19:30:00,Z006,100.0,88.0,93.6,133,MEDIUM,0
2026-01-16 20:00:00,Z006,88.0,65.0,61.9,133,LOW,0
2026-01-16 20:30:00,Z006,65.0,47.0,46.8,133,LOW,0
2026-01-16 21:00:00,Z006,47.0,26.0,29.1,133,LOW,0
2026-01-16 21:30:00,Z006,26.0,28.0,26.9,133,LOW,0
2026-01-16 22:00:00,Z006,28.0,25.0,25.7,133,LOW,0
2026-01-16 22:30:00,Z006,25.0,29.0,27.7,133,LOW,0
2026-01-16 23:00:00,Z006,29.0,33.0,29.9,133,LOW,0
2026-01-16 23:30:00,Z006,33.0,37.0,33.0,133,LOW,0
2026-01-17 00:00:00,Z006,37.0,25.0,22.5,133,LOW,0
2026-01-17 00:30:00,Z006,25.0,17.0,16.6,133,LOW,0
2026-01-17 01:00:00,Z006,17.0,10.0,10.4,133,LOW,1
2026-01-17 01:30:00,Z006,10.0,9.0,8.4,133,LOW,0
2026-01-17 02:00:00,Z006,9.0,7.0,5.7,133,LOW,0
2026-01-17 02:30:00,Z006,7.0,2.0,3.1,133,LOW,0
2026-01-17 03:00:00,Z006,2.0,2.0,2.8,133,LOW,0
2026-01-17 03:30:00,Z006,2.0,4.0,2.8,133,LOW,0
2026-01-17 04:00:00,Z006,4.0,3.0,3.1,133,LOW,0
2026-01-17 04:30:00,Z006,3.0,3.0,2.8,133,LOW,0
2026-01-17 05:00:00,Z006,3.0,13.0,12.6,133,LOW,0
2026-01-17 05:30:00,Z006,13.0,15.0,16.8,133,LOW,0
2026-01-17 06:00:00,Z006,15.0,23.0,20.8,133,LOW,0
2026-01-17 06:30:00,Z006,23.0,28.0,27.0,133,LOW,0
2026-01-17 07:00:00,Z006,28.0,28.0,29.0,133,LOW,0
2026-01-17 07:30:00,Z006,28.0,32.0,29.0,133,LOW,0
2026-01-17 08:00:00,Z006,32.0,49.0,51.4,133,LOW,0
2026-01-17 08:30:00,Z006,49.0,64.0,63.5,133,LOW,0
2026-01-17 09:00:00,Z006,64.0,80.0,76.7,133,LOW,0
2026-01-17 09:30:00,Z006,80.0,90.0,88.1,133,MEDIUM,0
2026-01-17 10:00:00,Z006,90.0,99.0,91.3,133,MEDIUM,0
2026-01-17 10:30:00,Z006,99.0,95.0,93.8,133,MEDIUM,0
2026-01-17 11:00:00,Z006,95.0,58.0,77.4,133,LOW,1
2026-01-17 11:30:00,Z006,58.0,34.0,39.9,133,LOW,1
2026-01-17 12:00:00,Z006,34.0,56.0,54.3,133,LOW,0
2026-01-17 12:30:00,Z006,56.0,80.0,76.5,133,LOW,0
2026-01-17 13:00:00,Z006,80.0,94.0,90.6,133,MEDIUM,0
2026-01-17 13:30:00,Z006,94.0,93.0,94.5,133,MEDIUM,0
2026-01-17 14:00:00,Z006,93.0,60.0,62.0,133,LOW,0
2026-01-17 14:30:00,Z006,60.0,42.0,42.4,133,LOW,0
2026-01-17 15:00:00,Z006,42.0,35.0,31.6,133,LOW,0
2026-01-17 15:30:00,Z006,35.0,28.0,26.7,133,LOW,1
2026-01-17 16:00:00,Z006,28.0,34.0,31.1,133,LOW,0
2026-01-17 16:30:00,Z006,34.0,29.0,27.8,133,LOW,0
2026-01-17 17:00:00,Z006,29.0,61.0,57.8,133,LOW,0
2026-01-17 17:30:00,Z006,61.0,84.0,80.5,133,MEDIUM,0
2026-01-17 18:00:00,Z006,84.0,89.0,91.6,133,MEDIUM,0
2026-01-17 18:30:00,Z006,89.0,92.0,93.1,133,MEDIUM,0
2026-01-17 19:00:00,Z006,92.0,85.0,92.5,133,MEDIUM,0
2026-01-17 19:30:00,Z006,85.0,92.0,91.6,133,MEDIUM,0
2026-01-17 20:00:00,Z006,92.0,59.0,61.2,133,LOW,0
2026-01-17 20:30:00,Z006,59.0,43.0,42.7,133,LOW,0
2026-01-17 21:00:00,Z006,43.0,31.0,32.2,133,LOW,0
2026-01-17 21:30:00,Z006,31.0,28.0,27.8,133,LOW,1
2026-01-17 22:00:00,Z006,28.0,24.0,25.8,133,LOW,1
2026-01-17 22:30:00,Z006,24.0,19.0,26.0,133,LOW,1
2026-01-17 23:00:00,Z006,19.0,23.0,23.0,133,LOW,0
2026-01-17 23:30:00,Z006,23.0,30.0,25.9,133,LOW,0
2026-01-18 00:00:00,Z006,30.0,12.0,16.3,133,LOW,0
2026-01-18 00:30:00,Z006,12.0,7.0,7.9,133,LOW,1
2026-01-18 01:00:00,Z006,7.0,4.0,3.7,133,LOW,0
2026-01-18 01:30:00,Z006,4.0,3.0,2.8,133,LOW,0
2026-01-18 02:00:00,Z006,3.0,3.0,2.8,133,LOW,0
2026-01-18 02:30:00,Z006,3.0,2.0,2.8,133,LOW,0
2026-01-18 03:00:00,Z006,2.0,2.0,1.7,133,LOW,1
2026-01-18 03:30:00,Z006,2.0,2.0,1.7,133,LOW,1
2026-01-18 04:00:00,Z006,2.0,1.0,1.6,133,LOW,1
2026-01-18 04:30:00,Z006,1.0,2.0,1.5,133,LOW,0
2026-01-18 05:00:00,Z006,2.0,10.0,10.6,133,LOW,1
2026-01-18 05:30:00,Z006,10.0,15.0,15.5,133,LOW,1
2026-01-18 06:00:00,Z006,15.0,21.0,20.6,133,LOW,1
2026-01-18 06:30:00,Z006,21.0,25.0,23.8,133,LOW,0
2026-01-18 07:00:00,Z006,25.0,27.0,24.6,133,LOW,1
2026-01-18 07:30:00,Z006,27.0,30.0,26.8,133,LOW,0
2026-01-18 08:00:00,Z006,30.0,53.0,52.8,133,LOW,0
2026-01-18 08:30:00,Z006,53.0,67.0,64.0,133,LOW,0
2026-01-18 09:00:00,Z006,67.0,80.0,74.2,133,LOW,0
2026-01-18 09:30:00,Z006,80.0,87.0,84.3,133,MEDIUM,0
2026-01-18 10:00:00,Z006,87.0,73.0,77.8,133,LOW,0
2026-01-18 10:30:00,Z006,73.0,67.0,70.6,133,LOW,0
2026-01-18 11:00:00,Z006,67.0,58.0,52.7,133,LOW,0
2026-01-18 11:30:00,Z006,58.0,39.0,40.4,133,LOW,0
2026-01-18 12:00:00,Z006,39.0,60.0,60.8,133,LOW,0
2026-01-18 12:30:00,Z006,60.0,67.0,69.9,133,LOW,0
2026-01-18 13:00:00,Z006,67.0,82.0,79.0,133,LOW,0
2026-01-18 13:30:00,Z006,82.0,97.0,93.5,133,MEDIUM,0
2026-01-18 14:00:00,Z006,97.0,68.0,68.0,133,LOW,0
2026-01-18 14:30:00,Z006,68.0,46.0,46.2,133,LOW,0
2026-01-18 15:00:00,Z006,46.0,38.0,37.5,133,LOW,0
2026-01-18 15:30:00,Z006,38.0,41.0,34.2,133,LOW,0
2026-01-18 16:00:00,Z006,41.0,29.0,33.0,133,LOW,1
2026-01-18 16:30:00,Z006,29.0,35.0,31.5,133,LOW,0
2026-01-18 17:00:00,Z006,35.0,60.0,57.4,133,LOW,1
2026-01-18 17:30:00,Z006,60.0,66.0,73.5,133,LOW,0
2026-01-18 18:00:00,Z006,66.0,84.0,81.0,133,MEDIUM,0
2026-01-18 18:30:00,Z006,84.0,84.0,96.9,133,MEDIUM,1
2026-01-18 19:00:00,Z006,84.0,106.0,97.8,133,MEDIUM,0
2026-01-18 19:30:00,Z006,106.0,112.0,109.2,133,MEDIUM,0
2026-01-18 20:00:00,Z006,112.0,76.0,75.4,133,LOW,0
2026-01-18 20:30:00,Z006,76.0,52.0,51.4,133,LOW,0
2026-01-18 21:00:00,Z006,52.0,37.0,35.0,133,LOW,1
2026-01-18 21:30:00,Z006,37.0,24.0,28.9,133,LOW,0
2026-01-18 22:00:00,Z006,24.0,24.0,24.7,133,LOW,0
2026-01-18 22:30:00,Z006,24.0,25.0,24.7,133,LOW,0
2026-01-18 23:00:00,Z006,25.0,26.0,26.6,133,LOW,0
2026-01-18 23:30:00,Z006,26.0,28.0,27.2,133,LOW,0
2026-01-19 00:00:00,Z006,28.0,23.0,21.4,133,LOW,0
2026-01-19 00:30:00,Z006,23.0,15.0,14.8,133,LOW,0
2026-01-19 01:00:00,Z006,15.0,11.0,9.6,133,LOW,0
2026-01-19 01:30:00,Z006,11.0,5.0,5.2,133,LOW,0
2026-01-19 02:00:00,Z006,5.0,3.0,2.8,133,LOW,0
2026-01-19 02:30:00,Z006,3.0,5.0,4.1,133,LOW,0
2026-01-19 03:00:00,Z006,5.0,7.0,3.3,133,LOW,1
2026-01-19 03:30:00,Z006,7.0,6.0,4.7,133,LOW,0
2026-01-19 04:00:00,Z006,6.0,3.0,3.9,133,LOW,0
2026-01-19 04:30:00,Z006,3.0,4.0,3.9,133,LOW,0
2026-01-19 05:00:00,Z006,4.0,8.0,8.7,133,LOW,0
2026-01-19 05:30:00,Z006,8.0,15.0,14.5,133,LOW,0
2026-01-19 06:00:00,Z006,15.0,22.0,20.8,133,LOW,0
2026-01-19 06:30:00,Z006,22.0,26.0,24.7,133,LOW,0
2026-01-19 07:00:00,Z006,26.0,24.0,24.6,133,LOW,0
2026-01-19 07:30:00,Z006,24.0,25.0,24.6,133,LOW,0
2026-01-19 08:00:00,Z006,25.0,40.0,39.5,133,LOW,0
2026-01-19 08:30:00,Z006,40.0,56.0,48.8,133,LOW,1
2026-01-19 09:00:00,Z006,56.0,69.0,68.7,133,LOW,0
2026-01-19 09:30:00,Z006,69.0,77.0,74.2,133,LOW,0
2026-01-19 10:00:00,Z006,77.0,70.0,74.0,133,LOW,0
2026-01-19 10:30:00,Z006,70.0,66.0,70.0,133,LOW,0
2026-01-19 11:00:00,Z006,66.0,45.0,49.3,133,LOW,0
2026-01-19 11:30:00,Z006,45.0,34.0,34.5,133,LOW,0
2026-01-19 12:00:00,Z006,34.0,44.0,54.7,133,LOW,1
2026-01-19 12:30:00,Z006,44.0,61.0,62.0,133,LOW,0
2026-01-19 13:00:00,Z006,61.0,66.0,69.0,133,LOW,1
2026-01-19 13:30:00,Z006,66.0,82.0,82.1,133,MEDIUM,0
2026-01-19 14:00:00,Z006,82.0,66.0,62.1,133,LOW,0
2026-01-19 14:30:00,Z006,66.0,41.0,47.0,133,LOW,1
2026-01-19 15:00:00,Z006,41.0,32.0,30.7,133,LOW,0
2026-01-19 15:30:00,Z006,32.0,29.0,28.0,133,LOW,0
2026-01-19 16:00:00,Z006,29.0,34.0,31.9,133,LOW,0
2026-01-19 16:30:00,Z006,34.0,28.0,27.2,133,LOW,0
2026-01-19 17:00:00,Z006,28.0,58.0,56.2,133,LOW,0
2026-01-19 17:30:00,Z006,58.0,88.0,74.6,133,LOW,1
2026-01-19 18:00:00,Z006,88.0,92.0,90.4,133,MEDIUM,0
2026-01-19 18:30:00,Z006,92.0,100.0,98.4,133,MEDIUM,0
2026-01-19 19:00:00,Z006,100.0,91.0,94.2,133,MEDIUM,0
2026-01-19 19:30:00,Z006,91.0,94.0,95.4,133,MEDIUM,0
2026-01-19 20:00:00,Z006,94.0,70.0,70.6,133,LOW,0
2026-01-19 20:30:00,Z006,70.0,49.0,50.1,133,LOW,1
2026-01-19 21:00:00,Z006,49.0,28.0,29.2,133,LOW,0
2026-01-19 21:30:00,Z006,28.0,24.0,24.7,133,LOW,0
2026-01-19 22:00:00,Z006,24.0,20.0,22.6,133,LOW,1
2026-01-19 22:30:00,Z006,20.0,19.0,21.2,133,LOW,0
2026-01-19 23:00:00,Z006,19.0,19.0,23.7,133,LOW,1
2026-01-19 23:30:00,Z006,19.0,25.0,23.7,133,LOW,0
2026-01-20 00:00:00,Z006,25.0,16.0,16.9,133,LOW,0
2026-01-20 00:30:00,Z006,16.0,9.0,9.4,133,LOW,1
2026-01-20 01:00:00,Z006,9.0,5.0,5.3,133,LOW,0
2026-01-20 01:30:00,Z006,5.0,4.0,3.9,133,LOW,0
2026-01-20 02:00:00,Z006,4.0,2.0,2.3,133,LOW,0
2026-01-20 02:30:00,Z006,2.0,0.0,1.1,133,LOW,1
2026-01-20 03:00:00,Z006,0.0,0.0,0.6,133,LOW,0
2026-01-20 03:30:00,Z006,0.0,3.0,0.6,133,LOW,1
2026-01-20 04:00:00,Z006,3.0,5.0,4.1,133,LOW,0
2026-01-20 04:30:00,Z006,5.0,4.0,4.2,133,LOW,0
2026-01-20 05:00:00,Z006,4.0,9.0,9.5,133,LOW,0
2026-01-20 05:30:00,Z006,9.0,19.0,17.2,133,LOW,0
2026-01-20 06:00:00,Z006,19.0,22.0,22.7,133,LOW,0
2026-01-20 06:30:00,Z006,22.0,18.0,22.5,133,LOW,0
2026-01-20 07:00:00,Z006,18.0,19.0,19.4,133,LOW,0
2026-01-20 07:30:00,Z006,19.0,27.0,24.2,133,LOW,0
2026-01-20 08:00:00,Z006,27.0,51.0,39.4,133,LOW,1
2026-01-20 08:30:00,Z006,51.0,45.0,55.9,133,LOW,0
2026-01-20 09:00:00,Z006,45.0,54.0,53.3,133,LOW,0
2026-01-20 09:30:00,Z006,54.0,63.0,64.0,133,LOW,0
2026-01-20 10:00:00,Z006,63.0,50.0,59.0,133,LOW,0
2026-01-20 10:30:00,Z006,50.0,52.0,52.8,133,LOW,0
2026-01-20 11:00:00,Z006,52.0,42.0,41.4,133,LOW,0
2026-01-20 11:30:00,Z006,42.0,41.0,32.3,133,LOW,1
2026-01-20 12:00:00,Z006,41.0,56.0,60.8,133,LOW,1
2026-01-20 12:30:00,Z006,56.0,85.0,76.3,133,LOW,0
2026-01-20 13:00:00,Z006,85.0,105.0,96.9,133,MEDIUM,0
2026-01-20 13:30:00,Z006,105.0,121.0,100.6,133,MEDIUM,0
2026-01-20 14:00:00,Z006,121.0,73.0,69.3,133,LOW,0
2026-01-20 14:30:00,Z006,73.0,46.0,46.6,133,LOW,0
2026-01-20 15:00:00,Z006,46.0,34.0,35.1,133,LOW,0
2026-01-20 15:30:00,Z006,34.0,20.0,22.9,133,LOW,0
2026-01-20 16:00:00,Z006,20.0,22.0,21.3,133,LOW,0
2026-01-20 16:30:00,Z006,22.0,23.0,23.1,133,LOW,0
2026-01-20 17:00:00,Z006,23.0,53.0,54.2,133,LOW,0
2026-01-20 17:30:00,Z006,53.0,68.0,70.8,133,LOW,0
2026-01-20 18:00:00,Z006,68.0,83.0,83.0,133,MEDIUM,0
2026-01-20 18:30:00,Z006,83.0,85.0,89.2,133,MEDIUM,0
2026-01-20 19:00:00,Z006,85.0,92.0,90.9,133,MEDIUM,0
2026-01-20 19:30:00,Z006,92.0,104.0,100.8,133,MEDIUM,0
2026-01-20 20:00:00,Z006,104.0,74.0,73.3,133,LOW,0
2026-01-20 20:30:00,Z006,74.0,54.0,52.8,133,LOW,0
2026-01-20 21:00:00,Z006,54.0,38.0,38.4,133,LOW,0
2026-01-20 21:30:00,Z006,38.0,34.0,32.0,133,LOW,1
2026-01-20 22:00:00,Z006,34.0,33.0,32.9,133,LOW,0
2026-01-20 22:30:00,Z006,33.0,32.0,29.0,133,LOW,1
2026-01-20 23:00:00,Z006,32.0,25.0,27.7,133,LOW,0
2026-01-20 23:30:00,Z006,25.0,35.0,30.0,133,LOW,0
2026-01-21 00:00:00,Z006,35.0,25.0,21.4,133,LOW,1
2026-01-21 00:30:00,Z006,25.0,12.0,17.7,133,LOW,1
2026-01-21 01:00:00,Z006,12.0,7.0,6.7,133,LOW,0
2026-01-21 01:30:00,Z006,7.0,5.0,3.5,133,LOW,1
2026-01-21 02:00:00,Z006,5.0,4.0,2.8,133,LOW,1
2026-01-21 02:30:00,Z006,4.0,4.0,3.7,133,LOW,0
2026-01-21 03:00:00,Z006,4.0,2.0,2.8,133,LOW,0
2026-01-21 03:30:00,Z006,2.0,2.0,1.3,133,LOW,1
2026-01-21 04:00:00,Z006,2.0,0.0,1.4,133,LOW,0
2026-01-21 04:30:00,Z006,0.0,1.0,1.3,133,LOW,0
2026-01-21 05:00:00,Z006,1.0,9.0,9.0,133,LOW,0
2026-01-21 05:30:00,Z006,9.0,15.0,15.4,133,LOW,1
2026-01-21 06:00:00,Z006,15.0,21.0,20.7,133,LOW,0
2026-01-21 06:30:00,Z006,21.0,22.0,22.7,133,LOW,0
2026-01-21 07:00:00,Z006,22.0,26.0,25.3,133,LOW,0
2026-01-21 07:30:00,Z006,26.0,24.0,24.9,133,LOW,0
2026-01-21 08:00:00,Z006,24.0,33.0,37.8,133,LOW,0
2026-01-21 08:30:00,Z006,33.0,57.0,52.4,133,LOW,0
2026-01-21 09:00:00,Z006,57.0,69.0,69.0,133,LOW,1
2026-01-21 09:30:00,Z006,69.0,73.0,75.3,133,LOW,0
2026-01-21 10:00:00,Z006,73.0,81.0,74.1,133,LOW,0
2026-01-21 10:30:00,Z006,81.0,87.0,83.7,133,MEDIUM,0
2026-01-21 11:00:00,Z006,87.0,65.0,64.6,133,LOW,0
2026-01-21 11:30:00,Z006,65.0,56.0,52.2,133,LOW,0
2026-01-21 12:00:00,Z006,56.0,59.0,67.6,133,LOW,0
2026-01-21 12:30:00,Z006,59.0,76.0,72.0,133,LOW,0
2026-01-21 13:00:00,Z006,76.0,80.0,81.3,133,MEDIUM,0
2026-01-21 13:30:00,Z006,80.0,75.0,81.4,133,MEDIUM,0
2026-01-21 14:00:00,Z006,75.0,57.0,57.9,133,LOW,1
2026-01-21 14:30:00,Z006,57.0,32.0,41.4,133,LOW,1
2026-01-21 15:00:00,Z006,32.0,22.0,25.3,133,LOW,0
2026-01-21 15:30:00,Z006,22.0,21.0,21.9,133,LOW,0
2026-01-21 16:00:00,Z006,21.0,23.0,22.7,133,LOW,0
2026-01-21 16:30:00,Z006,23.0,23.0,22.3,133,LOW,0
2026-01-21 17:00:00,Z006,23.0,62.0,57.1,133,LOW,0
2026-01-21 17:30:00,Z006,62.0,81.0,78.8,133,LOW,0
2026-01-21 18:00:00,Z006,81.0,89.0,91.8,133,MEDIUM,0
2026-01-21 18:30:00,Z006,89.0,95.0,97.1,133,MEDIUM,0
2026-01-21 19:00:00,Z006,95.0,94.0,99.8,133,MEDIUM,0
2026-01-21 19:30:00,Z006,94.0,108.0,101.0,133,MEDIUM,0
2026-01-21 20:00:00,Z006,108.0,78.0,74.3,133,LOW,0
2026-01-21 20:30:00,Z006,78.0,47.0,50.0,133,LOW,0
2026-01-21 21:00:00,Z006,47.0,26.0,27.9,133,LOW,0
2026-01-21 21:30:00,Z006,26.0,23.0,24.5,133,LOW,0
2026-01-21 22:00:00,Z006,23.0,24.0,23.9,133,LOW,0
2026-01-21 22:30:00,Z006,24.0,24.0,24.0,133,LOW,0
2026-01-21 23:00:00,Z006,24.0,22.0,23.8,133,LOW,0
2026-01-14 23:00:00,Z007,10.0,13.0,8.8,40,LOW,1
2026-01-14 23:30:00,Z007,13.0,8.0,8.2,40,LOW,0
2026-01-15 00:00:00,Z007,8.0,2.0,5.0,40,LOW,1
2026-01-15 00:30:00,Z007,2.0,2.0,1.1,40,LOW,0
2026-01-15 01:00:00,Z007,2.0,0.0,0.7,40,LOW,0
2026-01-15 01:30:00,Z007,0.0,0.0,0.0,40,LOW,1
2026-01-15 02:00:00,Z007,0.0,0.0,0.0,40,LOW,0
2026-01-15 02:30:00,Z007,0.0,0.0,0.0,40,LOW,0
2026-01-15 03:00:00,Z007,0.0,0.0,0.1,40,LOW,0
2026-01-15 03:30:00,Z007,0.0,0.0,0.1,40,LOW,0
2026-01-15 04:00:00,Z007,0.0,0.0,0.1,40,LOW,0
2026-01-15 04:30:00,Z007,0.0,0.0,0.1,40,LOW,1
2026-01-15 05:00:00,Z007,0.0,2.0,2.5,40,LOW,0
2026-01-15 05:30:00,Z007,2.0,7.0,4.4,40,LOW,1
2026-01-15 06:00:00,Z007,7.0,9.0,8.1,40,LOW,0
2026-01-15 06:30:00,Z007,9.0,9.0,8.1,40,LOW,0
2026-01-15 07:00:00,Z007,9.0,6.0,7.6,40,LOW,0
2026-01-15 07:30:00,Z007,6.0,6.0,6.7,40,LOW,1
2026-01-15 08:00:00,Z007,6.0,12.0,11.5,40,LOW,1
2026-01-15 08:30:00,Z007,12.0,18.0,16.5,40,LOW,0
2026-01-15 09:00:00,Z007,18.0,20.0,18.5,40,LOW,0
2026-01-15 09:30:00,Z007,20.0,13.0,17.0,40,LOW,0
2026-01-15 10:00:00,Z007,13.0,12.0,17.4,40,LOW,1
2026-01-15 10:30:00,Z007,12.0,14.0,16.4,40,LOW,1
2026-01-15 11:00:00,Z007,14.0,13.0,11.4,40,LOW,0
2026-01-15 11:30:00,Z007,13.0,10.0,10.3,40,LOW,0
2026-01-15 12:00:00,Z007,10.0,14.0,15.2,40,LOW,0
2026-01-15 12:30:00,Z007,14.0,20.0,19.5,40,LOW,0
2026-01-15 13:00:00,Z007,20.0,23.0,22.0,40,LOW,0
2026-01-15 13:30:00,Z007,23.0,25.0,22.9,40,LOW,1
2026-01-15 14:00:00,Z007,25.0,20.0,19.2,40,LOW,0
2026-01-15 14:30:00,Z007,20.0,18.0,16.1,40,LOW,0
2026-01-15 15:00:00,Z007,18.0,16.0,14.6,40,LOW,0
2026-01-15 15:30:00,Z007,16.0,14.0,13.0,40,LOW,0
2026-01-15 16:00:00,Z007,14.0,9.0,9.7,40,LOW,0
2026-01-15 16:30:00,Z007,9.0,6.0,7.3,40,LOW,0
2026-01-15 17:00:00,Z007,6.0,10.0,12.6,40,LOW,0
2026-01-15 17:30:00,Z007,10.0,15.0,15.7,40,LOW,0
2026-01-15 18:00:00,Z007,15.0,15.0,21.5,40,LOW,1
2026-01-15 18:30:00,Z007,15.0,22.0,21.5,40,LOW,0
2026-01-15 19:00:00,Z007,22.0,28.0,26.0,40,MEDIUM,0
2026-01-15 19:30:00,Z007,28.0,29.0,25.8,40,MEDIUM,1
2026-01-15 20:00:00,Z007,29.0,18.0,19.4,40,LOW,0
2026-01-15 20:30:00,Z007,18.0,7.0,9.2,40,LOW,0
2026-01-15 21:00:00,Z007,7.0,11.0,6.3,40,LOW,1
2026-01-15 21:30:00,Z007,11.0,11.0,9.8,40,LOW,1
2026-01-15 22:00:00,Z007,11.0,11.0,9.8,40,LOW,0
2026-01-15 22:30:00,Z007,11.0,9.0,9.8,40,LOW,0
2026-01-15 23:00:00,Z007,9.0,6.0,8.0,40,LOW,1
2026-01-15 23:30:00,Z007,6.0,7.0,6.8,40,LOW,0
2026-01-16 00:00:00,Z007,7.0,3.0,3.8,40,LOW,0
2026-01-16 00:30:00,Z007,3.0,2.0,1.8,40,LOW,0
2026-01-16 01:00:00,Z007,2.0,0.0,0.7,40,LOW,0
2026-01-16 01:30:00,Z007,0.0,0.0,0.4,40,LOW,0
2026-01-16 02:00:00,Z007,0.0,1.0,0.6,40,LOW,0
2026-01-16 02:30:00,Z007,1.0,1.0,1.2,40,LOW,0
2026-01-16 03:00:00,Z007,1.0,2.0,1.3,40,LOW,0
2026-01-16 03:30:00,Z007,2.0,2.0,1.8,40,LOW,0
2026-01-16 04:00:00,Z007,2.0,2.0,2.6,40,LOW,0
2026-01-16 04:30:00,Z007,2.0,4.0,2.6,40,LOW,0
2026-01-16 05:00:00,Z007,4.0,6.0,5.1,40,LOW,0
2026-01-16 05:30:00,Z007,6.0,3.0,4.8,40,LOW,0
2026-01-16 06:00:00,Z007,3.0,2.0,3.0,40,LOW,0
2026-01-16 06:30:00,Z007,2.0,4.0,3.3,40,LOW,1
2026-01-16 07:00:00,Z007,4.0,3.0,4.0,40,LOW,0
2026-01-16 07:30:00,Z007,3.0,4.0,3.7,40,LOW,0
2026-01-16 08:00:00,Z007,4.0,9.0,6.8,40,LOW,1
2026-01-16 08:30:00,Z007,9.0,20.0,15.1,40,LOW,1
2026-01-16 09:00:00,Z007,20.0,20.0,18.1,40,LOW,0
2026-01-16 09:30:00,Z007,20.0,16.0,18.1,40,LOW,0
2026-01-16 10:00:00,Z007,16.0,17.0,17.9,40,LOW,0
2026-01-16 10:30:00,Z007,17.0,18.0,17.5,40,LOW,0
2026-01-16 11:00:00,Z007,18.0,18.0,14.1,40,LOW,0
2026-01-16 11:30:00,Z007,18.0,12.0,14.1,40,LOW,0
2026-01-16 12:00:00,Z007,12.0,20.0,18.2,40,LOW,0
2026-01-16 12:30:00,Z007,20.0,22.0,20.4,40,LOW,0
2026-01-16 13:00:00,Z007,22.0,20.0,21.1,40,LOW,1
2026-01-16 13:30:00,Z007,20.0,20.0,20.8,40,LOW,0
2026-01-16 14:00:00,Z007,20.0,14.0,17.2,40,LOW,1
2026-01-16 14:30:00,Z007,14.0,7.0,8.9,40,LOW,0
2026-01-16 15:00:00,Z007,7.0,7.0,5.6,40,LOW,0
2026-01-16 15:30:00,Z007,7.0,3.0,5.6,40,LOW,0
2026-01-16 16:00:00,Z007,3.0,4.0,3.6,40,LOW,0
2026-01-16 16:30:00,Z007,4.0,3.0,4.0,40,LOW,0
2026-01-16 17:00:00,Z007,3.0,8.0,9.6,40,LOW,0
2026-01-16 17:30:00,Z007,8.0,15.0,15.1,40,LOW,0
2026-01-16 18:00:00,Z007,15.0,29.0,20.8,40,LOW,1
2026-01-16 18:30:00,Z007,29.0,28.0,29.0,40,MEDIUM,0
2026-01-16 19:00:00,Z007,28.0,24.0,26.1,40,MEDIUM,0
2026-01-16 19:30:00,Z007,24.0,16.0,21.2,40,LOW,0
2026-01-16 20:00:00,Z007,16.0,10.0,10.1,40,LOW,0
2026-01-16 20:30:00,Z007,10.0,6.0,7.0,40,LOW,0
2026-01-16 21:00:00,Z007,6.0,7.0,6.4,40,LOW,0
2026-01-16 21:30:00,Z007,7.0,8.0,7.5,40,LOW,0
2026-01-16 22:00:00,Z007,8.0,4.0,6.0,40,LOW,0
2026-01-16 22:30:00,Z007,4.0,1.0,2.8,40,LOW,0
2026-01-16 23:00:00,Z007,1.0,3.0,4.1,40,LOW,0
2026-01-16 23:30:00,Z007,3.0,5.0,4.3,40,LOW,0
2026-01-17 00:00:00,Z007,5.0,6.0,4.6,40,LOW,0
2026-01-17 00:30:00,Z007,6.0,3.0,3.1,40,LOW,0
2026-01-17 01:00:00,Z007,3.0,4.0,1.9,40,LOW,1
2026-01-17 01:30:00,Z007,4.0,3.0,3.1,40,LOW,1
2026-01-17 02:00:00,Z007,3.0,3.0,2.1,40,LOW,1
2026-01-17 02:30:00,Z007,3.0,2.0,2.1,40,LOW,0
2026-01-17 03:00:00,Z007,2.0,2.0,1.5,40,LOW,0
2026-01-17 03:30:00,Z007,2.0,0.0,1.5,40,LOW,1
2026-01-17 04:00:00,Z007,0.0,1.0,0.7,40,LOW,0
2026-01-17 04:30:00,Z007,1.0,1.0,0.9,40,LOW,0
2026-01-17 05:00:00,Z007,1.0,3.0,4.4,40,LOW,0
2026-01-17 05:30:00,Z007,3.0,5.0,4.8,40,LOW,0
2026-01-17 06:00:00,Z007,5.0,8.0,7.0,40,LOW,0
2026-01-17 06:30:00,Z007,8.0,6.0,6.9,40,LOW,0
2026-01-17 07:00:00,Z007,6.0,7.0,6.5,40,LOW,1
2026-01-17 07:30:00,Z007,7.0,6.0,6.2,40,LOW,0
2026-01-17 08:00:00,Z007,6.0,12.0,11.6,40,LOW,1
2026-01-17 08:30:00,Z007,12.0,17.0,17.2,40,LOW,0
2026-01-17 09:00:00,Z007,17.0,13.0,14.8,40,LOW,0
2026-01-17 09:30:00,Z007,13.0,18.0,15.8,40,LOW,1
2026-01-17 10:00:00,Z007,18.0,13.0,15.0,40,LOW,0
2026-01-17 10:30:00,Z007,13.0,14.0,15.5,40,LOW,0
2026-01-17 11:00:00,Z007,14.0,10.0,12.1,40,LOW,1
2026-01-17 11:30:00,Z007,10.0,8.0,7.9,40,LOW,0
2026-01-17 12:00:00,Z007,8.0,11.0,12.7,40,LOW,0
2026-01-17 12:30:00,Z007,11.0,11.0,14.7,40,LOW,1
2026-01-17 13:00:00,Z007,11.0,15.0,14.4,40,LOW,1
2026-01-17 13:30:00,Z007,15.0,20.0,19.0,40,LOW,0
2026-01-17 14:00:00,Z007,20.0,20.0,15.9,40,LOW,0
2026-01-17 14:30:00,Z007,20.0,11.0,15.9,40,LOW,0
2026-01-17 15:00:00,Z007,11.0,11.0,8.2,40,LOW,0
2026-01-17 15:30:00,Z007,11.0,4.0,8.2,40,LOW,0
2026-01-17 16:00:00,Z007,4.0,6.0,5.0,40,LOW,1
2026-01-17 16:30:00,Z007,6.0,8.0,6.2,40,LOW,0
2026-01-17 17:00:00,Z007,8.0,19.0,17.4,40,LOW,0
2026-01-17 17:30:00,Z007,19.0,27.0,24.0,40,MEDIUM,0
2026-01-17 18:00:00,Z007,27.0,24.0,29.6,40,MEDIUM,1
2026-01-17 18:30:00,Z007,24.0,27.0,27.0,40,MEDIUM,0
2026-01-17 19:00:00,Z007,27.0,25.0,30.1,40,MEDIUM,1
2026-01-17 19:30:00,Z007,25.0,38.0,31.6,40,MEDIUM,0
2026-01-17 20:00:00,Z007,38.0,27.0,27.3,40,MEDIUM,0
2026-01-17 20:30:00,Z007,27.0,17.0,17.8,40,LOW,0
2026-01-17 21:00:00,Z007,17.0,9.0,9.5,40,LOW,0
2026-01-17 21:30:00,Z007,9.0,8.0,7.9,40,LOW,0
2026-01-17 22:00:00,Z007,8.0,6.0,6.3,40,LOW,0
2026-01-17 22:30:00,Z007,6.0,10.0,7.9,40,LOW,0
2026-01-17 23:00:00,Z007,10.0,9.0,8.5,40,LOW,0
2026-01-17 23:30:00,Z007,9.0,10.0,8.6,40,LOW,0
2026-01-18 00:00:00,Z007,10.0,6.0,6.7,40,LOW,0
2026-01-18 00:30:00,Z007,6.0,3.0,3.4,40,LOW,0
2026-01-18 01:00:00,Z007,3.0,3.0,1.7,40,LOW,0
2026-01-18 01:30:00,Z007,3.0,1.0,1.7,40,LOW,0
2026-01-18 02:00:00,Z007,1.0,0.0,0.5,40,LOW,0
2026-01-18 02:30:00,Z007,0.0,0.0,0.2,40,LOW,0
2026-01-18 03:00:00,Z007,0.0,0.0,0.1,40,LOW,0
2026-01-18 03:30:00,Z007,0.0,0.0,0.1,40,LOW,0
2026-01-18 04:00:00,Z007,0.0,2.0,0.2,40,LOW,1
2026-01-18 04:30:00,Z007,2.0,2.0,1.9,40,LOW,0
2026-01-18 05:00:00,Z007,2.0,3.0,3.5,40,LOW,0
2026-01-18 05:30:00,Z007,3.0,6.0,5.1,40,LOW,0
2026-01-18 06:00:00,Z007,6.0,6.0,6.2,40,LOW,0
2026-01-18 06:30:00,Z007,6.0,4.0,6.2,40,LOW,0
2026-01-18 07:00:00,Z007,4.0,6.0,5.6,40,LOW,0
2026-01-18 07:30:00,Z007,6.0,11.0,7.7,40,LOW,0
2026-01-18 08:00:00,Z007,11.0,22.0,17.7,40,LOW,0
2026-01-18 08:30:00,Z007,22.0,22.0,22.2,40,LOW,0
2026-01-18 09:00:00,Z007,22.0,18.0,20.7,40,LOW,1
2026-01-18 09:30:00,Z007,18.0,21.0,17.9,40,LOW,0
2026-01-18 10:00:00,Z007,21.0,21.0,19.6,40,LOW,0
2026-01-18 10:30:00,Z007,21.0,21.0,19.6,40,LOW,1
2026-01-18 11:00:00,Z007,21.0,15.0,15.5,40,LOW,1
2026-01-18 11:30:00,Z007,15.0,14.0,12.0,40,LOW,0
2026-01-18 12:00:00,Z007,14.0,25.0,21.4,40,LOW,0
2026-01-18 12:30:00,Z007,25.0,22.0,22.7,40,LOW,0
2026-01-18 13:00:00,Z007,22.0,17.0,20.8,40,LOW,0
2026-01-18 13:30:00,Z007,17.0,21.0,20.3,40,LOW,0
2026-01-18 14:00:00,Z007,21.0,14.0,17.6,40,LOW,1
2026-01-18 14:30:00,Z007,14.0,7.0,8.2,40,LOW,0
2026-01-18 15:00:00,Z007,7.0,5.0,6.1,40,LOW,1
2026-01-18 15:30:00,Z007,5.0,3.0,3.9,40,LOW,0
2026-01-18 16:00:00,Z007,3.0,4.0,3.5,40,LOW,0
2026-01-18 16:30:00,Z007,4.0,5.0,4.7,40,LOW,0
2026-01-18 17:00:00,Z007,5.0,11.0,11.5,40,LOW,0
2026-01-18 17:30:00,Z007,11.0,19.0,18.5,40,LOW,0
2026-01-18 18:00:00,Z007,19.0,22.0,22.9,40,LOW,0
2026-01-18 18:30:00,Z007,22.0,25.0,24.7,40,MEDIUM,0
2026-01-18 19:00:00,Z007,25.0,23.0,24.8,40,MEDIUM,0
2026-01-18 19:30:00,Z007,23.0,26.0,25.0,40,MEDIUM,0
2026-01-18 20:00:00,Z007,26.0,20.0,19.7,40,LOW,0
2026-01-18 20:30:00,Z007,20.0,14.0,13.2,40,LOW,0
2026-01-18 21:00:00,Z007,14.0,9.0,9.4,40,LOW,0
2026-01-18 21:30:00,Z007,9.0,6.0,7.0,40,LOW,0
2026-01-18 22:00:00,Z007,6.0,5.0,5.9,40,LOW,0
2026-01-18 22:30:00,Z007,5.0,8.0,5.6,40,LOW,0
2026-01-18 23:00:00,Z007,8.0,7.0,8.2,40,LOW,1
2026-01-18 23:30:00,Z007,7.0,9.0,7.6,40,LOW,0
2026-01-19 00:00:00,Z007,9.0,6.0,5.7,40,LOW,0
2026-01-19 00:30:00,Z007,6.0,5.0,4.2,40,LOW,0
2026-01-19 01:00:00,Z007,5.0,3.0,3.1,40,LOW,0
2026-01-19 01:30:00,Z007,3.0,1.0,1.6,40,LOW,0
2026-01-19 02:00:00,Z007,1.0,1.0,1.3,40,LOW,0
2026-01-19 02:30:00,Z007,1.0,2.0,1.3,40,LOW,0
2026-01-19 03:00:00,Z007,2.0,3.0,1.9,40,LOW,0
2026-01-19 03:30:00,Z007,3.0,3.0,1.7,40,LOW,1
2026-01-19 04:00:00,Z007,3.0,2.0,1.8,40,LOW,0
2026-01-19 04:30:00,Z007,2.0,1.0,1.7,40,LOW,0
2026-01-19 05:00:00,Z007,1.0,3.0,3.2,40,LOW,0
2026-01-19 05:30:00,Z007,3.0,4.0,5.5,40,LOW,0
2026-01-19 06:00:00,Z007,4.0,4.0,4.9,40,LOW,1
2026-01-19 06:30:00,Z007,4.0,3.0,4.9,40,LOW,0
2026-01-19 07:00:00,Z007,3.0,5.0,4.9,40,LOW,1
2026-01-19 07:30:00,Z007,5.0,9.0,6.8,40,LOW,0
2026-01-19 08:00:00,Z007,9.0,17.0,16.0,40,LOW,0
2026-01-19 08:30:00,Z007,17.0,19.0,18.2,40,LOW,0
2026-01-19 09:00:00,Z007,19.0,18.0,17.0,40,LOW,0
2026-01-19 09:30:00,Z007,18.0,12.0,15.8,40,LOW,0
2026-01-19 10:00:00,Z007,12.0,19.0,15.8,40,LOW,1
2026-01-19 10:30:00,Z007,19.0,20.0,18.3,40,LOW,0
2026-01-19 11:00:00,Z007,20.0,14.0,14.3,40,LOW,0
2026-01-19 11:30:00,Z007,14.0,13.0,12.3,40,LOW,0
2026-01-19 12:00:00,Z007,13.0,13.0,18.1,40,LOW,1
2026-01-19 12:30:00,Z007,13.0,18.0,18.1,40,LOW,0
2026-01-19 13:00:00,Z007,18.0,22.0,18.6,40,LOW,1
2026-01-19 13:30:00,Z007,22.0,25.0,22.9,40,LOW,1
2026-01-19 14:00:00,Z007,25.0,18.0,18.7,40,LOW,0
2026-01-19 14:30:00,Z007,18.0,11.0,11.4,40,LOW,0
2026-01-19 15:00:00,Z007,11.0,8.0,8.4,40,LOW,1
2026-01-19 15:30:00,Z007,8.0,8.0,7.2,40,LOW,0
2026-01-19 16:00:00,Z007,8.0,7.0,7.0,40,LOW,0
2026-01-19 16:30:00,Z007,7.0,11.0,8.8,40,LOW,0
2026-01-19 17:00:00,Z007,11.0,12.0,14.3,40,LOW,0
2026-01-19 17:30:00,Z007,12.0,14.0,15.2,40,LOW,0
2026-01-19 18:00:00,Z007,14.0,24.0,21.1,40,LOW,0
2026-01-19 18:30:00,Z007,24.0,24.0,24.8,40,MEDIUM,0
2026-01-19 19:00:00,Z007,24.0,24.0,24.1,40,MEDIUM,0
2026-01-19 19:30:00,Z007,24.0,25.0,24.1,40,MEDIUM,0
2026-01-19 20:00:00,Z007,25.0,21.0,19.4,40,LOW,0
2026-01-19 20:30:00,Z007,21.0,17.0,15.5,40,LOW,0
2026-01-19 21:00:00,Z007,17.0,16.0,12.6,40,LOW,0
2026-01-19 21:30:00,Z007,16.0,11.0,11.3,40,LOW,0
2026-01-19 22:00:00,Z007,11.0,10.0,8.2,40,LOW,1
2026-01-19 22:30:00,Z007,10.0,11.0,7.1,40,LOW,1
2026-01-19 23:00:00,Z007,11.0,7.0,8.0,40,LOW,0
2026-01-19 23:30:00,Z007,7.0,7.0,7.5,40,LOW,0
2026-01-20 00:00:00,Z007,7.0,6.0,3.5,40,LOW,1
2026-01-20 00:30:00,Z007,6.0,1.0,3.8,40,LOW,1
2026-01-20 01:00:00,Z007,1.0,0.0,0.9,40,LOW,1
2026-01-20 01:30:00,Z007,0.0,1.0,0.8,40,LOW,0
2026-01-20 02:00:00,Z007,1.0,1.0,0.8,40,LOW,0
2026-01-20 02:30:00,Z007,1.0,1.0,0.8,40,LOW,1
2026-01-20 03:00:00,Z007,1.0,0.0,0.5,40,LOW,0
2026-01-20 03:30:00,Z007,0.0,1.0,0.7,40,LOW,0
2026-01-20 04:00:00,Z007,1.0,2.0,1.7,40,LOW,0
2026-01-20 04:30:00,Z007,2.0,3.0,2.4,40,LOW,0
2026-01-20 05:00:00,Z007,3.0,3.0,4.7,40,LOW,0
2026-01-20 05:30:00,Z007,3.0,6.0,4.7,40,LOW,0
2026-01-20 06:00:00,Z007,6.0,6.0,7.0,40,LOW,0
2026-01-20 06:30:00,Z007,6.0,9.0,7.0,40,LOW,0
2026-01-20 07:00:00,Z007,9.0,12.0,9.2,40,LOW,0
2026-01-20 07:30:00,Z007,12.0,11.0,12.5,40,LOW,1
2026-01-20 08:00:00,Z007,11.0,15.0,16.0,40,LOW,0
2026-01-20 08:30:00,Z007,15.0,13.0,15.9,40,LOW,0
2026-01-20 09:00:00,Z007,13.0,15.0,16.1,40,LOW,0
2026-01-20 09:30:00,Z007,15.0,22.0,17.6,40,LOW,0
2026-01-20 10:00:00,Z007,22.0,17.0,17.2,40,LOW,0
2026-01-20 10:30:00,Z007,17.0,19.0,18.0,40,LOW,0
2026-01-20 11:00:00,Z007,19.0,16.0,15.1,40,LOW,0
2026-01-20 11:30:00,Z007,16.0,11.0,12.5,40,LOW,1
2026-01-20 12:00:00,Z007,11.0,10.0,15.9,40,LOW,1
2026-01-20 12:30:00,Z007,10.0,17.0,16.6,40,LOW,0
2026-01-20 13:00:00,Z007,17.0,23.0,21.2,40,LOW,0
2026-01-20 13:30:00,Z007,23.0,29.0,24.8,40,MEDIUM,0
2026-01-20 14:00:00,Z007,29.0,23.0,22.7,40,LOW,0
2026-01-20 14:30:00,Z007,23.0,12.0,18.1,40,LOW,1
2026-01-20 15:00:00,Z007,12.0,7.0,7.8,40,LOW,0
2026-01-20 15:30:00,Z007,7.0,9.0,6.7,40,LOW,0
2026-01-20 16:00:00,Z007,9.0,5.0,6.4,40,LOW,0
2026-01-20 16:30:00,Z007,5.0,5.0,4.8,40,LOW,0
2026-01-20 17:00:00,Z007,5.0,10.0,12.5,40,LOW,0
2026-01-20 17:30:00,Z007,10.0,16.0,17.1,40,LOW,0
2026-01-20 18:00:00,Z007,16.0,25.0,22.8,40,LOW,0
2026-01-20 18:30:00,Z007,25.0,26.0,27.3,40,MEDIUM,0
2026-01-20 19:00:00,Z007,26.0,32.0,29.2,40,MEDIUM,0
2026-01-20 19:30:00,Z007,32.0,31.0,32.3,40,MEDIUM,0
2026-01-20 20:00:00,Z007,31.0,24.0,23.2,40,LOW,0
2026-01-20 20:30:00,Z007,24.0,17.0,17.0,40,LOW,0
2026-01-20 21:00:00,Z007,17.0,8.0,10.4,40,LOW,0
2026-01-20 21:30:00,Z007,8.0,11.0,9.3,40,LOW,0
2026-01-20 22:00:00,Z007,11.0,7.0,8.2,40,LOW,0
2026-01-20 22:30:00,Z007,7.0,6.0,6.9,40,LOW,0
2026-01-20 23:00:00,Z007,6.0,3.0,5.0,40,LOW,0
2026-01-20 23:30:00,Z007,3.0,5.0,5.1,40,LOW,0
2026-01-21 00:00:00,Z007,5.0,5.0,4.4,40,LOW,0
2026-01-21 00:30:00,Z007,5.0,5.0,4.4,40,LOW,0
2026-01-21 01:00:00,Z007,5.0,2.0,2.9,40,LOW,0
2026-01-21 01:30:00,Z007,2.0,2.0,1.4,40,LOW,0
2026-01-21 02:00:00,Z007,2.0,0.0,0.8,40,LOW,0
2026-01-21 02:30:00,Z007,0.0,0.0,0.6,40,LOW,1
2026-01-21 03:00:00,Z007,0.0,0.0,0.5,40,LOW,0
2026-01-21 03:30:00,Z007,0.0,1.0,0.5,40,LOW,0
2026-01-21 04:00:00,Z007,1.0,1.0,1.7,40,LOW,0
2026-01-21 04:30:00,Z007,1.0,3.0,1.7,40,LOW,0
2026-01-21 05:00:00,Z007,3.0,6.0,5.0,40,LOW,0
2026-01-21 05:30:00,Z007,6.0,3.0,4.8,40,LOW,0
2026-01-21 06:00:00,Z007,3.0,0.0,3.2,40,LOW,0
2026-01-21 06:30:00,Z007,0.0,5.0,3.3,40,LOW,0
2026-01-21 07:00:00,Z007,5.0,7.0,6.7,40,LOW,0
2026-01-21 07:30:00,Z007,7.0,6.0,6.9,40,LOW,0
2026-01-21 08:00:00,Z007,6.0,14.0,11.9,40,LOW,0
2026-01-21 08:30:00,Z007,14.0,21.0,17.8,40,LOW,0
2026-01-21 09:00:00,Z007,21.0,17.0,18.9,40,LOW,0
2026-01-21 09:30:00,Z007,17.0,15.0,15.7,40,LOW,0
2026-01-21 10:00:00,Z007,15.0,12.0,14.9,40,LOW,0
2026-01-21 10:30:00,Z007,12.0,17.0,16.1,40,LOW,0
2026-01-21 11:00:00,Z007,17.0,9.0,11.9,40,LOW,0
2026-01-21 11:30:00,Z007,9.0,8.0,8.0,40,LOW,0
2026-01-21 12:00:00,Z007,8.0,17.0,13.4,40,LOW,1
2026-01-21 12:30:00,Z007,17.0,15.0,16.6,40,LOW,0
2026-01-21 13:00:00,Z007,15.0,20.0,19.4,40,LOW,0
2026-01-21 13:30:00,Z007,20.0,20.0,21.4,40,LOW,0
2026-01-21 14:00:00,Z007,20.0,15.0,17.2,40,LOW,1
2026-01-21 14:30:00,Z007,15.0,13.0,10.9,40,LOW,0
2026-01-21 15:00:00,Z007,13.0,8.0,8.7,40,LOW,0
2026-01-21 15:30:00,Z007,8.0,8.0,6.3,40,LOW,1
2026-01-21 16:00:00,Z007,8.0,4.0,5.7,40,LOW,0
2026-01-21 16:30:00,Z007,4.0,8.0,6.3,40,LOW,0
2026-01-21 17:00:00,Z007,8.0,14.0,14.2,40,LOW,0
2026-01-21 17:30:00,Z007,14.0,18.0,19.5,40,LOW,0
2026-01-21 18:00:00,Z007,18.0,22.0,20.9,40,LOW,1
2026-01-21 18:30:00,Z007,22.0,24.0,24.4,40,MEDIUM,0
2026-01-21 19:00:00,Z007,24.0,27.0,23.6,40,LOW,1
2026-01-21 19:30:00,Z007,27.0,23.0,25.3,40,MEDIUM,0
2026-01-21 20:00:00,Z007,23.0,16.0,16.5,40,LOW,0
2026-01-21 20:30:00,Z007,16.0,11.0,10.5,40,LOW,0
2026-01-21 21:00:00,Z007,11.0,11.0,8.8,40,LOW,0
2026-01-21 21:30:00,Z007,11.0,6.0,8.8,40,LOW,0
2026-01-21 22:00:00,Z007,6.0,8.0,6.1,40,LOW,1
2026-01-21 22:30:00,Z007,8.0,9.0,8.0,40,LOW,0
2026-01-21 23:00:00,Z007,9.0,6.0,8.5,40,LOW,1
2026-01-14 23:00:00,Z008,14.0,13.0,16.2,113,LOW,1
2026-01-14 23:30:00,Z008,13.0,13.0,13.9,113,LOW,1
2026-01-15 00:00:00,Z008,13.0,11.0,10.0,113,LOW,0
2026-01-15 00:30:00,Z008,11.0,8.0,7.7,113,LOW,0
2026-01-15 01:00:00,Z008,8.0,5.0,6.0,113,LOW,1
2026-01-15 01:30:00,Z008,5.0,4.0,3.3,113,LOW,1
2026-01-15 02:00:00,Z008,4.0,3.0,3.4,113,LOW,1
2026-01-15 02:30:00,Z008,3.0,3.0,2.8,113,LOW,0
2026-01-15 03:00:00,Z008,3.0,3.0,2.5,113,LOW,0
2026-01-15 03:30:00,Z008,3.0,2.0,2.5,113,LOW,0
2026-01-15 04:00:00,Z008,2.0,2.0,2.0,113,LOW,1
2026-01-15 04:30:00,Z008,2.0,2.0,2.0,113,LOW,0
2026-01-15 05:00:00,Z008,2.0,8.0,5.4,113,LOW,1
2026-01-15 05:30:00,Z008,8.0,14.0,12.7,113,LOW,1
2026-01-15 06:00:00,Z008,14.0,15.0,15.7,113,LOW,0
2026-01-15 06:30:00,Z008,15.0,16.0,16.6,113,LOW,0
2026-01-15 07:00:00,Z008,16.0,19.0,18.6,113,LOW,0
2026-01-15 07:30:00,Z008,19.0,18.0,18.2,113,LOW,0
2026-01-15 08:00:00,Z008,18.0,35.0,31.9,113,LOW,0
2026-01-15 08:30:00,Z008,35.0,49.0,46.7,113,LOW,1
2026-01-15 09:00:00,Z008,49.0,54.0,52.9,113,LOW,0
2026-01-15 09:30:00,Z008,54.0,63.0,61.4,113,LOW,0
2026-01-15 10:00:00,Z008,63.0,63.0,62.8,113,LOW,0
2026-01-15 10:30:00,Z008,63.0,63.0,62.8,113,LOW,0
2026-01-15 11:00:00,Z008,63.0,50.0,51.2,113,LOW,0
2026-01-15 11:30:00,Z008,50.0,43.0,41.6,113,LOW,0
2026-01-15 12:00:00,Z008,43.0,42.0,53.0,113,LOW,1
2026-01-15 12:30:00,Z008,42.0,66.0,55.2,113,LOW,0
2026-01-15 13:00:00,Z008,66.0,73.0,71.5,113,MEDIUM,0
2026-01-15 13:30:00,Z008,73.0,84.0,73.2,113,MEDIUM,1
2026-01-15 14:00:00,Z008,84.0,66.0,64.6,113,LOW,0
2026-01-15 14:30:00,Z008,66.0,42.0,48.4,113,LOW,0
2026-01-15 15:00:00,Z008,42.0,30.0,33.8,113,LOW,1
2026-01-15 15:30:00,Z008,30.0,22.0,24.5,113,LOW,0
2026-01-15 16:00:00,Z008,22.0,22.0,19.2,113,LOW,1
2026-01-15 16:30:00,Z008,22.0,19.0,19.2,113,LOW,0
2026-01-15 17:00:00,Z008,19.0,38.0,34.4,113,LOW,0
2026-01-15 17:30:00,Z008,38.0,57.0,53.0,113,LOW,0
2026-01-15 18:00:00,Z008,57.0,77.0,62.0,113,LOW,1
2026-01-15 18:30:00,Z008,77.0,86.0,84.1,113,MEDIUM,0
2026-01-15 19:00:00,Z008,86.0,85.0,86.3,113,MEDIUM,0
2026-01-15 19:30:00,Z008,85.0,90.0,85.6,113,MEDIUM,1
2026-01-15 20:00:00,Z008,90.0,65.0,68.4,113,MEDIUM,0
2026-01-15 20:30:00,Z008,65.0,57.0,56.0,113,LOW,0
2026-01-15 21:00:00,Z008,57.0,36.0,43.0,113,LOW,1
2026-01-15 21:30:00,Z008,36.0,21.0,25.3,113,LOW,0
2026-01-15 22:00:00,Z008,21.0,19.0,19.1,113,LOW,1
2026-01-15 22:30:00,Z008,19.0,17.0,16.7,113,LOW,0
2026-01-15 23:00:00,Z008,17.0,11.0,15.6,113,LOW,0
2026-01-15 23:30:00,Z008,11.0,15.0,13.2,113,LOW,0
2026-01-16 00:00:00,Z008,15.0,11.0,11.1,113,LOW,0
2026-01-16 00:30:00,Z008,11.0,10.0,8.8,113,LOW,0
2026-01-16 01:00:00,Z008,10.0,7.0,7.3,113,LOW,0
2026-01-16 01:30:00,Z008,7.0,4.0,4.6,113,LOW,0
2026-01-16 02:00:00,Z008,4.0,6.0,4.6,113,LOW,0
2026-01-16 02:30:00,Z008,6.0,7.0,5.2,113,LOW,0
2026-01-16 03:00:00,Z008,7.0,6.0,4.9,113,LOW,1
2026-01-16 03:30:00,Z008,6.0,4.0,4.8,113,LOW,0
2026-01-16 04:00:00,Z008,4.0,5.0,4.5,113,LOW,0
2026-01-16 04:30:00,Z008,5.0,6.0,4.8,113,LOW,0
2026-01-16 05:00:00,Z008,6.0,10.0,9.7,113,LOW,1
2026-01-16 05:30:00,Z008,10.0,10.0,13.3,113,LOW,1
2026-01-16 06:00:00,Z008,10.0,11.0,12.3,113,LOW,1
2026-01-16 06:30:00,Z008,11.0,15.0,13.4,113,LOW,1
2026-01-16 07:00:00,Z008,15.0,19.0,17.8,113,LOW,0
2026-01-16 07:30:00,Z008,19.0,20.0,19.1,113,LOW,1
2026-01-16 08:00:00,Z008,20.0,29.0,30.0,113,LOW,0
2026-01-16 08:30:00,Z008,29.0,43.0,39.1,113,LOW,1
2026-01-16 09:00:00,Z008,43.0,48.0,47.3,113,LOW,0
2026-01-16 09:30:00,Z008,48.0,46.0,47.4,113,LOW,0
2026-01-16 10:00:00,Z008,46.0,47.0,46.7,113,LOW,0
2026-01-16 10:30:00,Z008,47.0,41.0,46.7,113,LOW,0
2026-01-16 11:00:00,Z008,41.0,30.0,31.7,113,LOW,0
2026-01-16 11:30:00,Z008,30.0,30.0,30.2,113,LOW,1
2026-01-16 12:00:00,Z008,30.0,39.0,38.0,113,LOW,0
2026-01-16 12:30:00,Z008,39.0,54.0,46.3,113,LOW,1
2026-01-16 13:00:00,Z008,54.0,61.0,59.9,113,LOW,0
2026-01-16 13:30:00,Z008,61.0,57.0,58.3,113,LOW,0
2026-01-16 14:00:00,Z008,57.0,49.0,47.8,113,LOW,0
2026-01-16 14:30:00,Z008,49.0,41.0,40.7,113,LOW,0
2026-01-16 15:00:00,Z008,41.0,34.0,33.1,113,LOW,0
2026-01-16 15:30:00,Z008,34.0,30.0,24.2,113,LOW,1
2026-01-16 16:00:00,Z008,30.0,25.0,24.7,113,LOW,0
2026-01-16 16:30:00,Z008,25.0,22.0,23.1,113,LOW,0
2026-01-16 17:00:00,Z008,22.0,33.0,36.9,113,LOW,0
2026-01-16 17:30:00,Z008,33.0,42.0,45.1,113,LOW,0
2026-01-16 18:00:00,Z008,42.0,49.0,50.1,113,LOW,0
2026-01-16 18:30:00,Z008,49.0,55.0,57.1,113,LOW,0
2026-01-16 19:00:00,Z008,55.0,62.0,61.9,113,LOW,0
2026-01-16 19:30:00,Z008,62.0,84.0,73.6,113,MEDIUM,0
2026-01-16 20:00:00,Z008,84.0,64.0,67.7,113,LOW,1
2026-01-16 20:30:00,Z008,64.0,55.0,53.0,113,LOW,0
2026-01-16 21:00:00,Z008,55.0,45.0,41.5,113,LOW,1
2026-01-16 21:30:00,Z008,45.0,41.0,38.0,113,LOW,0
2026-01-16 22:00:00,Z008,41.0,31.0,31.8,113,LOW,0
2026-01-16 22:30:00,Z008,31.0,23.0,24.6,113,LOW,1
2026-01-16 23:00:00,Z008,23.0,22.0,20.7,113,LOW,0
2026-01-16 23:30:00,Z008,22.0,24.0,20.3,113,LOW,1
2026-01-17 00:00:00,Z008,24.0,18.0,18.0,113,LOW,0
2026-01-17 00:30:00,Z008,18.0,13.0,12.9,113,LOW,0
2026-01-17 01:00:00,Z008,13.0,8.0,8.0,113,LOW,0
2026-01-17 01:30:00,Z008,8.0,7.0,6.3,113,LOW,0
2026-01-17 02:00:00,Z008,7.0,5.0,3.5,113,LOW,1
2026-01-17 02:30:00,Z008,5.0,1.0,2.1,113,LOW,0
2026-01-17 03:00:00,Z008,1.0,1.0,0.7,113,LOW,0
2026-01-17 03:30:00,Z008,1.0,0.0,0.7,113,LOW,0
2026-01-17 04:00:00,Z008,0.0,0.0,0.4,113,LOW,0
2026-01-17 04:30:00,Z008,0.0,1.0,0.4,113,LOW,0
2026-01-17 05:00:00,Z008,1.0,2.0,4.6,113,LOW,0
2026-01-17 05:30:00,Z008,2.0,3.0,5.7,113,LOW,1
2026-01-17 06:00:00,Z008,3.0,7.0,6.7,113,LOW,0
2026-01-17 06:30:00,Z008,7.0,9.0,10.0,113,LOW,0
2026-01-17 07:00:00,Z008,9.0,12.0,12.8,113,LOW,0
2026-01-17 07:30:00,Z008,12.0,12.0,14.3,113,LOW,0
2026-01-17 08:00:00,Z008,12.0,28.0,26.3,113,LOW,0
2026-01-17 08:30:00,Z008,28.0,40.0,38.7,113,LOW,0
2026-01-17 09:00:00,Z008,40.0,48.0,47.1,113,LOW,0
2026-01-17 09:30:00,Z008,48.0,51.0,50.4,113,LOW,1
2026-01-17 10:00:00,Z008,51.0,52.0,52.0,113,LOW,0
2026-01-17 10:30:00,Z008,52.0,49.0,52.1,113,LOW,0
2026-01-17 11:00:00,Z008,49.0,42.0,40.6,113,LOW,0
2026-01-17 11:30:00,Z008,42.0,36.0,36.4,113,LOW,0
2026-01-17 12:00:00,Z008,36.0,32.0,39.3,113,LOW,0
2026-01-17 12:30:00,Z008,32.0,38.0,38.6,113,LOW,0
2026-01-17 13:00:00,Z008,38.0,51.0,47.4,113,LOW,0
2026-01-17 13:30:00,Z008,51.0,60.0,57.5,113,LOW,0
2026-01-17 14:00:00,Z008,60.0,44.0,47.6,113,LOW,0
2026-01-17 14:30:00,Z008,44.0,40.0,37.7,113,LOW,0
2026-01-17 15:00:00,Z008,40.0,30.0,30.7,113,LOW,0
2026-01-17 15:30:00,Z008,30.0,21.0,23.1,113,LOW,0
2026-01-17 16:00:00,Z008,21.0,17.0,18.4,113,LOW,0
2026-01-17 16:30:00,Z008,17.0,16.0,16.8,113,LOW,0
2026-01-17 17:00:00,Z008,16.0,34.0,33.6,113,LOW,0
2026-01-17 17:30:00,Z008,34.0,46.0,46.0,113,LOW,0
2026-01-17 18:00:00,Z008,46.0,59.0,57.7,113,LOW,0
2026-01-17 18:30:00,Z008,59.0,66.0,66.6,113,LOW,1
2026-01-17 19:00:00,Z008,66.0,79.0,71.9,113,MEDIUM,0
2026-01-17 19:30:00,Z008,79.0,82.0,82.0,113,MEDIUM,0
2026-01-17 20:00:00,Z008,82.0,71.0,67.6,113,LOW,0
2026-01-17 20:30:00,Z008,71.0,59.0,58.6,113,LOW,1
2026-01-17 21:00:00,Z008,59.0,41.0,43.3,113,LOW,0
2026-01-17 21:30:00,Z008,41.0,34.0,33.0,113,LOW,0
2026-01-17 22:00:00,Z008,34.0,22.0,27.3,113,LOW,1
2026-01-17 22:30:00,Z008,22.0,16.0,18.8,113,LOW,0
2026-01-17 23:00:00,Z008,16.0,19.0,17.0,113,LOW,0
2026-01-17 23:30:00,Z008,19.0,14.0,15.7,113,LOW,0
2026-01-18 00:00:00,Z008,14.0,11.0,10.3,113,LOW,0
2026-01-18 00:30:00,Z008,11.0,5.0,7.6,113,LOW,0
2026-01-18 01:00:00,Z008,5.0,4.0,3.3,113,LOW,0
2026-01-18 01:30:00,Z008,4.0,4.0,3.7,113,LOW,0
2026-01-18 02:00:00,Z008,4.0,4.0,3.7,113,LOW,0
2026-01-18 02:30:00,Z008,4.0,3.0,3.7,113,LOW,1
2026-01-18 03:00:00,Z008,3.0,1.0,1.7,113,LOW,0
2026-01-18 03:30:00,Z008,1.0,1.0,0.8,113,LOW,0
2026-01-18 04:00:00,Z008,1.0,1.0,1.0,113,LOW,0
2026-01-18 04:30:00,Z008,1.0,1.0,1.0,113,LOW,0
2026-01-18 05:00:00,Z008,1.0,8.0,6.7,113,LOW,0
2026-01-18 05:30:00,Z008,8.0,12.0,11.5,113,LOW,0
2026-01-18 06:00:00,Z008,12.0,14.0,16.4,113,LOW,1
2026-01-18 06:30:00,Z008,14.0,22.0,16.7,113,LOW,1
2026-01-18 07:00:00,Z008,22.0,22.0,22.5,113,LOW,1
2026-01-18 07:30:00,Z008,22.0,25.0,22.5,113,LOW,0
2026-01-18 08:00:00,Z008,25.0,32.0,32.7,113,LOW,0
2026-01-18 08:30:00,Z008,32.0,39.0,39.6,113,LOW,0
2026-01-18 09:00:00,Z008,39.0,48.0,44.0,113,LOW,1
2026-01-18 09:30:00,Z008,48.0,51.0,50.9,113,LOW,0
2026-01-18 10:00:00,Z008,51.0,53.0,53.5,113,LOW,0
2026-01-18 10:30:00,Z008,53.0,57.0,53.7,113,LOW,1
2026-01-18 11:00:00,Z008,57.0,50.0,47.6,113,LOW,0
2026-01-18 11:30:00,Z008,50.0,36.0,38.6,113,LOW,0
2026-01-18 12:00:00,Z008,36.0,36.0,38.6,113,LOW,0
2026-01-18 12:30:00,Z008,36.0,40.0,38.6,113,LOW,0
2026-01-18 13:00:00,Z008,40.0,40.0,44.3,113,LOW,0
2026-01-18 13:30:00,Z008,40.0,45.0,44.3,113,LOW,0
2026-01-18 14:00:00,Z008,45.0,38.0,37.5,113,LOW,0
2026-01-18 14:30:00,Z008,38.0,33.0,33.2,113,LOW,0
2026-01-18 15:00:00,Z008,33.0,22.0,23.5,113,LOW,0
2026-01-18 15:30:00,Z008,22.0,20.0,19.5,113,LOW,0
2026-01-18 16:00:00,Z008,20.0,19.0,18.9,113,LOW,1
2026-01-18 16:30:00,Z008,19.0,24.0,21.4,113,LOW,0
2026-01-18 17:00:00,Z008,24.0,42.0,38.7,113,LOW,1
2026-01-18 17:30:00,Z008,42.0,56.0,54.7,113,LOW,1
2026-01-18 18:00:00,Z008,56.0,62.0,61.7,113,LOW,1
2026-01-18 18:30:00,Z008,62.0,66.0,67.6,113,LOW,0
2026-01-18 19:00:00,Z008,66.0,67.0,66.8,113,LOW,0
2026-01-18 19:30:00,Z008,67.0,65.0,66.6,113,LOW,0
2026-01-18 20:00:00,Z008,65.0,52.0,53.0,113,LOW,0
2026-01-18 20:30:00,Z008,52.0,38.0,39.2,113,LOW,0
2026-01-18 21:00:00,Z008,38.0,35.0,29.6,113,LOW,1
2026-01-18 21:30:00,Z008,35.0,26.0,27.5,113,LOW,0
2026-01-18 22:00:00,Z008,26.0,22.0,22.3,113,LOW,0
2026-01-18 22:30:00,Z008,22.0,20.0,19.4,113,LOW,0
2026-01-18 23:00:00,Z008,20.0,16.0,17.8,113,LOW,0
2026-01-18 23:30:00,Z008,16.0,14.0,15.7,113,LOW,0
2026-01-19 00:00:00,Z008,14.0,10.0,10.2,113,LOW,0
2026-01-19 00:30:00,Z008,10.0,6.0,7.0,113,LOW,1
2026-01-19 01:00:00,Z008,6.0,4.0,3.9,113,LOW,0
2026-01-19 01:30:00,Z008,4.0,1.0,3.0,113,LOW,1
2026-01-19 02:00:00,Z008,1.0,1.0,1.3,113,LOW,1
2026-01-19 02:30:00,Z008,1.0,1.0,1.3,113,LOW,1
2026-01-19 03:00:00,Z008,1.0,1.0,1.3,113,LOW,0
2026-01-19 03:30:00,Z008,1.0,3.0,1.3,113,LOW,1
2026-01-19 04:00:00,Z008,3.0,4.0,2.4,113,LOW,1
2026-01-19 04:30:00,Z008,4.0,4.0,3.7,113,LOW,0
2026-01-19 05:00:00,Z008,4.0,9.0,8.9,113,LOW,0
2026-01-19 05:30:00,Z008,9.0,13.0,13.1,113,LOW,1
2026-01-19 06:00:00,Z008,13.0,13.0,15.2,113,LOW,0
2026-01-19 06:30:00,Z008,13.0,16.0,15.2,113,LOW,0
2026-01-19 07:00:00,Z008,16.0,18.0,17.8,113,LOW,0
2026-01-19 07:30:00,Z008,18.0,20.0,19.1,113,LOW,0
2026-01-19 08:00:00,Z008,20.0,33.0,31.7,113,LOW,0
2026-01-19 08:30:00,Z008,33.0,45.0,41.1,113,LOW,1
2026-01-19 09:00:00,Z008,45.0,59.0,55.3,113,LOW,0
2026-01-19 09:30:00,Z008,59.0,59.0,63.2,113,LOW,1
2026-01-19 10:00:00,Z008,59.0,64.0,64.8,113,LOW,0
2026-01-19 10:30:00,Z008,64.0,75.0,69.5,113,MEDIUM,0
2026-01-19 11:00:00,Z008,75.0,65.0,59.9,113,LOW,0
2026-01-19 11:30:00,Z008,65.0,54.0,51.9,113,LOW,1
2026-01-19 12:00:00,Z008,54.0,61.0,59.8,113,LOW,0
2026-01-19 12:30:00,Z008,61.0,56.0,56.7,113,LOW,0
2026-01-19 13:00:00,Z008,56.0,56.0,56.3,113,LOW,0
2026-01-19 13:30:00,Z008,56.0,55.0,56.3,113,LOW,0
2026-01-19 14:00:00,Z008,55.0,45.0,46.7,113,LOW,0
2026-01-19 14:30:00,Z008,45.0,35.0,34.9,113,LOW,0
2026-01-19 15:00:00,Z008,35.0,28.0,28.9,113,LOW,0
2026-01-19 15:30:00,Z008,28.0,28.0,24.0,113,LOW,1
2026-01-19 16:00:00,Z008,28.0,24.0,23.7,113,LOW,1
2026-01-19 16:30:00,Z008,24.0,21.0,23.7,113,LOW,0
2026-01-19 17:00:00,Z008,21.0,33.0,35.1,113,LOW,1
2026-01-19 17:30:00,Z008,33.0,45.0,44.5,113,LOW,0
2026-01-19 18:00:00,Z008,45.0,50.0,52.2,113,LOW,0
2026-01-19 18:30:00,Z008,50.0,65.0,61.1,113,LOW,0
2026-01-19 19:00:00,Z008,65.0,73.0,71.4,113,MEDIUM,0
2026-01-19 19:30:00,Z008,73.0,68.0,72.0,113,MEDIUM,0
2026-01-19 20:00:00,Z008,68.0,56.0,56.8,113,LOW,0
2026-01-19 20:30:00,Z008,56.0,48.0,46.0,113,LOW,0
2026-01-19 21:00:00,Z008,48.0,35.0,37.3,113,LOW,1
2026-01-19 21:30:00,Z008,35.0,34.0,30.5,113,LOW,0
2026-01-19 22:00:00,Z008,34.0,26.0,28.1,113,LOW,0
2026-01-19 22:30:00,Z008,26.0,20.0,22.2,113,LOW,0
2026-01-19 23:00:00,Z008,20.0,17.0,18.0,113,LOW,0
2026-01-19 23:30:00,Z008,17.0,21.0,18.3,113,LOW,0
2026-01-20 00:00:00,Z008,21.0,19.0,16.7,113,LOW,0
2026-01-20 00:30:00,Z008,19.0,13.0,13.7,113,LOW,0
2026-01-20 01:00:00,Z008,13.0,10.0,8.9,113,LOW,0
2026-01-20 01:30:00,Z008,10.0,7.0,6.6,113,LOW,0
2026-01-20 02:00:00,Z008,7.0,6.0,4.9,113,LOW,0
2026-01-20 02:30:00,Z008,6.0,2.0,3.4,113,LOW,0
2026-01-20 03:00:00,Z008,2.0,2.0,1.5,113,LOW,0
2026-01-20 03:30:00,Z008,2.0,1.0,1.5,113,LOW,0
2026-01-20 04:00:00,Z008,1.0,2.0,1.5,113,LOW,0
2026-01-20 04:30:00,Z008,2.0,2.0,2.2,113,LOW,0
2026-01-20 05:00:00,Z008,2.0,5.0,6.4,113,LOW,0
2026-01-20 05:30:00,Z008,5.0,10.0,9.5,113,LOW,0
2026-01-20 06:00:00,Z008,10.0,13.0,12.6,113,LOW,0
2026-01-20 06:30:00,Z008,13.0,18.0,14.9,113,LOW,1
2026-01-20 07:00:00,Z008,18.0,19.0,19.6,113,LOW,1
2026-01-20 07:30:00,Z008,19.0,16.0,20.0,113,LOW,1
2026-01-20 08:00:00,Z008,16.0,30.0,28.6,113,LOW,0
2026-01-20 08:30:00,Z008,30.0,41.0,40.1,113,LOW,0
2026-01-20 09:00:00,Z008,41.0,52.0,49.2,113,LOW,0
2026-01-20 09:30:00,Z008,52.0,57.0,55.6,113,LOW,0
2026-01-20 10:00:00,Z008,57.0,58.0,58.7,113,LOW,0
2026-01-20 10:30:00,Z008,58.0,56.0,59.0,113,LOW,0
2026-01-20 11:00:00,Z008,56.0,53.0,45.5,113,LOW,1
2026-01-20 11:30:00,Z008,53.0,40.0,41.5,113,LOW,0
2026-01-20 12:00:00,Z008,40.0,43.0,47.5,113,LOW,1
2026-01-20 12:30:00,Z008,43.0,46.0,48.5,113,LOW,0
2026-01-20 13:00:00,Z008,46.0,51.0,51.7,113,LOW,0
2026-01-20 13:30:00,Z008,51.0,62.0,58.6,113,LOW,0
2026-01-20 14:00:00,Z008,62.0,54.0,51.6,113,LOW,0
2026-01-20 14:30:00,Z008,54.0,48.0,47.4,113,LOW,0
2026-01-20 15:00:00,Z008,48.0,35.0,37.0,113,LOW,0
2026-01-20 15:30:00,Z008,35.0,24.0,26.6,113,LOW,0
2026-01-20 16:00:00,Z008,24.0,27.0,24.9,113,LOW,0
2026-01-20 16:30:00,Z008,27.0,29.0,26.2,113,LOW,0
2026-01-20 17:00:00,Z008,29.0,44.0,43.5,113,LOW,0
2026-01-20 17:30:00,Z008,44.0,58.0,57.3,113,LOW,0
2026-01-20 18:00:00,Z008,58.0,56.0,59.9,113,LOW,0
2026-01-20 18:30:00,Z008,56.0,56.0,60.0,113,LOW,0
2026-01-20 19:00:00,Z008,56.0,65.0,61.9,113,LOW,0
2026-01-20 19:30:00,Z008,65.0,60.0,65.1,113,LOW,0
2026-01-20 20:00:00,Z008,60.0,48.0,47.3,113,LOW,0
2026-01-20 20:30:00,Z008,48.0,33.0,36.3,113,LOW,0
2026-01-20 21:00:00,Z008,33.0,23.0,25.2,113,LOW,0
2026-01-20 21:30:00,Z008,23.0,20.0,19.2,113,LOW,0
2026-01-20 22:00:00,Z008,20.0,16.0,16.9,113,LOW,0
2026-01-20 22:30:00,Z008,16.0,17.0,16.0,113,LOW,0
2026-01-20 23:00:00,Z008,17.0,12.0,14.6,113,LOW,0
2026-01-20 23:30:00,Z008,12.0,13.0,16.5,113,LOW,1
2026-01-21 00:00:00,Z008,13.0,11.0,10.8,113,LOW,0
2026-01-21 00:30:00,Z008,11.0,9.0,7.7,113,LOW,1
2026-01-21 01:00:00,Z008,9.0,5.0,5.7,113,LOW,0
2026-01-21 01:30:00,Z008,5.0,0.0,2.3,113,LOW,0
2026-01-21 02:00:00,Z008,0.0,3.0,0.6,113,LOW,1
2026-01-21 02:30:00,Z008,3.0,3.0,3.0,113,LOW,0
2026-01-21 03:00:00,Z008,3.0,4.0,2.8,113,LOW,0
2026-01-21 03:30:00,Z008,4.0,3.0,3.2,113,LOW,0
2026-01-21 04:00:00,Z008,3.0,1.0,2.1,113,LOW,0
2026-01-21 04:30:00,Z008,1.0,2.0,1.5,113,LOW,0
2026-01-21 05:00:00,Z008,2.0,12.0,6.8,113,LOW,1
2026-01-21 05:30:00,Z008,12.0,18.0,17.2,113,LOW,0
2026-01-21 06:00:00,Z008,18.0,18.0,19.0,113,LOW,0
2026-01-21 06:30:00,Z008,18.0,20.0,19.0,113,LOW,0
2026-01-21 07:00:00,Z008,20.0,24.0,21.5,113,LOW,0
2026-01-21 07:30:00,Z008,24.0,25.0,22.6,113,LOW,0
2026-01-21 08:00:00,Z008,25.0,39.0,36.7,113,LOW,0
2026-01-21 08:30:00,Z008,39.0,47.0,46.3,113,LOW,0
2026-01-21 09:00:00,Z008,47.0,58.0,55.1,113,LOW,0
2026-01-21 09:30:00,Z008,58.0,60.0,60.9,113,LOW,0
2026-01-21 10:00:00,Z008,60.0,63.0,64.1,113,LOW,0
2026-01-21 10:30:00,Z008,63.0,60.0,65.6,113,LOW,1
2026-01-21 11:00:00,Z008,60.0,49.0,49.4,113,LOW,0
2026-01-21 11:30:00,Z008,49.0,43.0,40.9,113,LOW,0
2026-01-21 12:00:00,Z008,43.0,55.0,51.1,113,LOW,0
2026-01-21 12:30:00,Z008,55.0,61.0,59.5,113,LOW,0
2026-01-21 13:00:00,Z008,61.0,49.0,55.2,113,LOW,0
2026-01-21 13:30:00,Z008,49.0,61.0,57.6,113,LOW,0
2026-01-21 14:00:00,Z008,61.0,47.0,50.5,113,LOW,1
2026-01-21 14:30:00,Z008,47.0,41.0,38.3,113,LOW,0
2026-01-21 15:00:00,Z008,41.0,31.0,32.9,113,LOW,0
2026-01-21 15:30:00,Z008,31.0,28.0,27.4,113,LOW,0
2026-01-21 16:00:00,Z008,28.0,23.0,23.6,113,LOW,0
2026-01-21 16:30:00,Z008,23.0,18.0,18.4,113,LOW,0
2026-01-21 17:00:00,Z008,18.0,25.0,28.1,113,LOW,0
2026-01-21 17:30:00,Z008,25.0,34.0,38.0,113,LOW,0
2026-01-21 18:00:00,Z008,34.0,44.0,46.7,113,LOW,0
2026-01-21 18:30:00,Z008,44.0,50.0,51.9,113,LOW,1
2026-01-21 19:00:00,Z008,50.0,56.0,56.9,113,LOW,0
2026-01-21 19:30:00,Z008,56.0,59.0,60.3,113,LOW,0
2026-01-21 20:00:00,Z008,59.0,48.0,47.7,113,LOW,0
2026-01-21 20:30:00,Z008,48.0,41.0,38.7,113,LOW,0
2026-01-21 21:00:00,Z008,41.0,35.0,33.3,113,LOW,0
2026-01-21 21:30:00,Z008,35.0,28.0,27.4,113,LOW,0
2026-01-21 22:00:00,Z008,28.0,24.0,23.3,113,LOW,0
2026-01-21 22:30:00,Z008,24.0,18.0,18.9,113,LOW,1
2026-01-21 23:00:00,Z008,18.0,17.0,17.5,113,LOW,0
2026-01-14 23:00:00,Z009,13.0,9.0,9.3,54,LOW,0
2026-01-14 23:30:00,Z009,9.0,8.0,9.2,54,LOW,1
2026-01-15 00:00:00,Z009,8.0,7.0,6.6,54,LOW,0
2026-01-15 00:30:00,Z009,7.0,6.0,5.2,54,LOW,1
2026-01-15 01:00:00,Z009,6.0,4.0,4.5,54,LOW,1
2026-01-15 01:30:00,Z009,4.0,2.0,2.5,54,LOW,0
2026-01-15 02:00:00,Z009,2.0,0.0,0.8,54,LOW,0
2026-01-15 02:30:00,Z009,0.0,0.0,0.1,54,LOW,0
2026-01-15 03:00:00,Z009,0.0,0.0,0.0,54,LOW,0
2026-01-15 03:30:00,Z009,0.0,0.0,0.0,54,LOW,1
2026-01-15 04:00:00,Z009,0.0,0.0,0.0,54,LOW,0
2026-01-15 04:30:00,Z009,0.0,0.0,0.0,54,LOW,0
2026-01-15 05:00:00,Z009,0.0,2.0,2.6,54,LOW,0
2026-01-15 05:30:00,Z009,2.0,4.0,4.1,54,LOW,1
2026-01-15 06:00:00,Z009,4.0,6.0,6.2,54,LOW,0
2026-01-15 06:30:00,Z009,6.0,8.0,7.6,54,LOW,0
2026-01-15 07:00:00,Z009,8.0,11.0,9.4,54,LOW,0
2026-01-15 07:30:00,Z009,11.0,12.0,11.4,54,LOW,1
2026-01-15 08:00:00,Z009,12.0,12.0,15.9,54,LOW,0
2026-01-15 08:30:00,Z009,12.0,18.0,15.9,54,LOW,0
2026-01-15 09:00:00,Z009,18.0,24.0,19.9,54,LOW,1
2026-01-15 09:30:00,Z009,24.0,22.0,23.1,54,LOW,0
2026-01-15 10:00:00,Z009,22.0,22.0,23.7,54,LOW,1
2026-01-15 10:30:00,Z009,22.0,25.0,23.7,54,LOW,0
2026-01-15 11:00:00,Z009,25.0,14.0,16.4,54,LOW,0
2026-01-15 11:30:00,Z009,14.0,9.0,10.2,54,LOW,0
2026-01-15 12:00:00,Z009,9.0,17.0,14.8,54,LOW,0
2026-01-15 12:30:00,Z009,17.0,20.0,19.8,54,LOW,0
2026-01-15 13:00:00,Z009,20.0,18.0,21.2,54,LOW,0
2026-01-15 13:30:00,Z009,18.0,17.0,19.9,54,LOW,0
2026-01-15 14:00:00,Z009,17.0,12.0,13.0,54,LOW,1
2026-01-15 14:30:00,Z009,12.0,14.0,11.5,54,LOW,0
2026-01-15 15:00:00,Z009,14.0,13.0,12.7,54,LOW,0
2026-01-15 15:30:00,Z009,13.0,13.0,11.5,54,LOW,0
2026-01-15 16:00:00,Z009,13.0,9.0,10.0,54,LOW,0
2026-01-15 16:30:00,Z009,9.0,9.0,8.6,54,LOW,0
2026-01-15 17:00:00,Z009,9.0,17.0,15.6,54,LOW,0
2026-01-15 17:30:00,Z009,17.0,27.0,23.8,54,LOW,0
2026-01-15 18:00:00,Z009,27.0,29.0,29.9,54,LOW,0
2026-01-15 18:30:00,Z009,29.0,31.0,29.7,54,LOW,1
2026-01-15 19:00:00,Z009,31.0,30.0,30.5,54,LOW,0
2026-01-15 19:30:00,Z009,30.0,31.0,30.4,54,LOW,0
2026-01-15 20:00:00,Z009,31.0,24.0,23.3,54,LOW,0
2026-01-15 20:30:00,Z009,24.0,13.0,18.6,54,LOW,1
2026-01-15 21:00:00,Z009,13.0,10.0,10.1,54,LOW,0
2026-01-15 21:30:00,Z009,10.0,9.0,9.0,54,LOW,0
2026-01-15 22:00:00,Z009,9.0,12.0,9.1,54,LOW,0
2026-01-15 22:30:00,Z009,12.0,11.0,10.6,54,LOW,0
2026-01-15 23:00:00,Z009,11.0,10.0,9.3,54,LOW,0
2026-01-15 23:30:00,Z009,10.0,7.0,8.6,54,LOW,0
2026-01-16 00:00:00,Z009,7.0,7.0,5.5,54,LOW,1
2026-01-16 00:30:00,Z009,7.0,6.0,5.5,54,LOW,0
2026-01-16 01:00:00,Z009,6.0,4.0,4.5,54,LOW,0
2026-01-16 01:30:00,Z009,4.0,4.0,3.3,54,LOW,0
2026-01-16 02:00:00,Z009,4.0,4.0,3.5,54,LOW,0
2026-01-16 02:30:00,Z009,4.0,3.0,3.5,54,LOW,1
2026-01-16 03:00:00,Z009,3.0,1.0,1.6,54,LOW,0
2026-01-16 03:30:00,Z009,1.0,1.0,1.0,54,LOW,0
2026-01-16 04:00:00,Z009,1.0,1.0,0.8,54,LOW,0
2026-01-16 04:30:00,Z009,1.0,0.0,0.8,54,LOW,1
2026-01-16 05:00:00,Z009,0.0,1.0,1.7,54,LOW,0
2026-01-16 05:30:00,Z009,1.0,2.0,2.3,54,LOW,0
2026-01-16 06:00:00,Z009,2.0,4.0,3.8,54,LOW,0
2026-01-16 06:30:00,Z009,4.0,4.0,5.6,54,LOW,0
2026-01-16 07:00:00,Z009,4.0,7.0,6.0,54,LOW,0
2026-01-16 07:30:00,Z009,7.0,11.0,8.6,54,LOW,0
2026-01-16 08:00:00,Z009,11.0,19.0,17.8,54,LOW,0
2026-01-16 08:30:00,Z009,19.0,20.0,19.8,54,LOW,0
2026-01-16 09:00:00,Z009,20.0,18.0,20.0,54,LOW,1
2026-01-16 09:30:00,Z009,18.0,16.0,18.2,54,LOW,0
2026-01-16 10:00:00,Z009,16.0,23.0,21.7,54,LOW,0
2026-01-16 10:30:00,Z009,23.0,24.0,22.3,54,LOW,1
2026-01-16 11:00:00,Z009,24.0,18.0,18.5,54,LOW,1
2026-01-16 11:30:00,Z009,18.0,12.0,13.3,54,LOW,0
2026-01-16 12:00:00,Z009,12.0,14.0,14.5,54,LOW,0
2026-01-16 12:30:00,Z009,14.0,19.0,14.8,54,LOW,1
2026-01-16 13:00:00,Z009,19.0,27.0,23.9,54,LOW,0
2026-01-16 13:30:00,Z009,27.0,29.0,24.5,54,LOW,1
2026-01-16 14:00:00,Z009,29.0,27.0,25.5,54,LOW,0
2026-01-16 14:30:00,Z009,27.0,23.0,23.1,54,LOW,0
2026-01-16 15:00:00,Z009,23.0,17.0,17.2,54,LOW,0
2026-01-16 15:30:00,Z009,17.0,17.0,10.9,54,LOW,1
2026-01-16 16:00:00,Z009,17.0,7.0,10.2,54,LOW,0
2026-01-16 16:30:00,Z009,7.0,6.0,6.2,54,LOW,0
2026-01-16 17:00:00,Z009,6.0,10.0,10.5,54,LOW,0
2026-01-16 17:30:00,Z009,10.0,18.0,17.1,54,LOW,0
2026-01-16 18:00:00,Z009,18.0,23.0,23.6,54,LOW,0
2026-01-16 18:30:00,Z009,23.0,20.0,24.2,54,LOW,1
2026-01-16 19:00:00,Z009,20.0,25.0,23.6,54,LOW,0
2026-01-16 19:30:00,Z009,25.0,31.0,29.0,54,LOW,1
2026-01-16 20:00:00,Z009,31.0,22.0,22.9,54,LOW,0
2026-01-16 20:30:00,Z009,22.0,19.0,18.2,54,LOW,0
2026-01-16 21:00:00,Z009,19.0,17.0,14.3,54,LOW,1
2026-01-16 21:30:00,Z009,17.0,11.0,12.1,54,LOW,0
2026-01-16 22:00:00,Z009,11.0,8.0,8.4,54,LOW,0
2026-01-16 22:30:00,Z009,8.0,6.0,6.4,54,LOW,0
2026-01-16 23:00:00,Z009,6.0,5.0,6.1,54,LOW,0
2026-01-16 23:30:00,Z009,5.0,4.0,4.9,54,LOW,0
2026-01-17 00:00:00,Z009,4.0,2.0,2.7,54,LOW,1
2026-01-17 00:30:00,Z009,2.0,1.0,1.1,54,LOW,1
2026-01-17 01:00:00,Z009,1.0,3.0,2.0,54,LOW,0
2026-01-17 01:30:00,Z009,3.0,2.0,1.9,54,LOW,0
2026-01-17 02:00:00,Z009,2.0,0.0,0.8,54,LOW,0
2026-01-17 02:30:00,Z009,0.0,0.0,0.2,54,LOW,0
2026-01-17 03:00:00,Z009,0.0,1.0,0.2,54,LOW,1
2026-01-17 03:30:00,Z009,1.0,3.0,2.0,54,LOW,0
2026-01-17 04:00:00,Z009,3.0,2.0,2.0,54,LOW,0
2026-01-17 04:30:00,Z009,2.0,2.0,1.8,54,LOW,1
2026-01-17 05:00:00,Z009,2.0,2.0,3.7,54,LOW,0
2026-01-17 05:30:00,Z009,2.0,4.0,3.7,54,LOW,0
2026-01-17 06:00:00,Z009,4.0,2.0,5.7,54,LOW,1
2026-01-17 06:30:00,Z009,2.0,6.0,4.3,54,LOW,0
2026-01-17 07:00:00,Z009,6.0,5.0,6.1,54,LOW,0
2026-01-17 07:30:00,Z009,5.0,9.0,6.1,54,LOW,1
2026-01-17 08:00:00,Z009,9.0,13.0,14.0,54,LOW,1
2026-01-17 08:30:00,Z009,13.0,20.0,18.8,54,LOW,0
2026-01-17 09:00:00,Z009,20.0,28.0,20.2,54,LOW,1
2026-01-17 09:30:00,Z009,28.0,26.0,27.2,54,LOW,1
2026-01-17 10:00:00,Z009,26.0,25.0,24.4,54,LOW,0
2026-01-17 10:30:00,Z009,25.0,23.0,24.3,54,LOW,1
2026-01-17 11:00:00,Z009,23.0,16.0,17.1,54,LOW,0
2026-01-17 11:30:00,Z009,16.0,14.0,13.2,54,LOW,0
2026-01-17 12:00:00,Z009,14.0,13.0,14.8,54,LOW,0
2026-01-17 12:30:00,Z009,13.0,21.0,17.6,54,LOW,0
2026-01-17 13:00:00,Z009,21.0,25.0,23.1,54,LOW,1
2026-01-17 13:30:00,Z009,25.0,29.0,27.5,54,LOW,1
2026-01-17 14:00:00,Z009,29.0,23.0,24.1,54,LOW,0
2026-01-17 14:30:00,Z009,23.0,15.0,17.0,54,LOW,0
2026-01-17 15:00:00,Z009,15.0,13.0,11.7,54,LOW,0
2026-01-17 15:30:00,Z009,13.0,9.0,10.2,54,LOW,0
2026-01-17 16:00:00,Z009,9.0,8.0,7.5,54,LOW,0
2026-01-17 16:30:00,Z009,8.0,5.0,5.9,54,LOW,0
2026-01-17 17:00:00,Z009,5.0,11.0,10.8,54,LOW,0
2026-01-17 17:30:00,Z009,11.0,17.0,17.7,54,LOW,0
2026-01-17 18:00:00,Z009,17.0,15.0,20.6,54,LOW,0
2026-01-17 18:30:00,Z009,15.0,29.0,23.1,54,LOW,0
2026-01-17 19:00:00,Z009,29.0,32.0,30.3,54,LOW,1
2026-01-17 19:30:00,Z009,32.0,34.0,33.1,54,MEDIUM,1
2026-01-17 20:00:00,Z009,34.0,26.0,26.1,54,LOW,0
2026-01-17 20:30:00,Z009,26.0,14.0,17.4,54,LOW,0
2026-01-17 21:00:00,Z009,14.0,7.0,8.6,54,LOW,0
2026-01-17 21:30:00,Z009,7.0,6.0,6.8,54,LOW,0
2026-01-17 22:00:00,Z009,6.0,5.0,6.7,54,LOW,0
2026-01-17 22:30:00,Z009,5.0,6.0,5.9,54,LOW,0
2026-01-17 23:00:00,Z009,6.0,7.0,7.2,54,LOW,1
2026-01-17 23:30:00,Z009,7.0,10.0,8.2,54,LOW,0
2026-01-18 00:00:00,Z009,10.0,9.0,7.9,54,LOW,0
2026-01-18 00:30:00,Z009,9.0,9.0,7.1,54,LOW,0
2026-01-18 01:00:00,Z009,9.0,6.0,6.6,54,LOW,0
2026-01-18 01:30:00,Z009,6.0,4.0,4.1,54,LOW,0
2026-01-18 02:00:00,Z009,4.0,2.0,2.2,54,LOW,0
2026-01-18 02:30:00,Z009,2.0,1.0,1.2,54,LOW,1
2026-01-18 03:00:00,Z009,1.0,2.0,0.9,54,LOW,1
2026-01-18 03:30:00,Z009,2.0,1.0,1.2,54,LOW,0
2026-01-18 04:00:00,Z009,1.0,1.0,1.1,54,LOW,0
2026-01-18 04:30:00,Z009,1.0,1.0,1.1,54,LOW,0
2026-01-18 05:00:00,Z009,1.0,2.0,2.4,54,LOW,0
2026-01-18 05:30:00,Z009,2.0,2.0,3.2,54,LOW,1
2026-01-18 06:00:00,Z009,2.0,3.0,3.4,54,LOW,0
2026-01-18 06:30:00,Z009,3.0,5.0,4.6,54,LOW,1
2026-01-18 07:00:00,Z009,5.0,6.0,6.2,54,LOW,0
2026-01-18 07:30:00,Z009,6.0,8.0,7.2,54,LOW,1
2026-01-18 08:00:00,Z009,8.0,8.0,11.6,54,LOW,1
2026-01-18 08:30:00,Z009,8.0,10.0,11.6,54,LOW,0
2026-01-18 09:00:00,Z009,10.0,9.0,11.0,54,LOW,0
2026-01-18 09:30:00,Z009,9.0,12.0,11.0,54,LOW,0
2026-01-18 10:00:00,Z009,12.0,17.0,16.8,54,LOW,0
2026-01-18 10:30:00,Z009,17.0,24.0,20.5,54,LOW,0
2026-01-18 11:00:00,Z009,24.0,19.0,18.7,54,LOW,0
2026-01-18 11:30:00,Z009,19.0,10.0,13.2,54,LOW,0
2026-01-18 12:00:00,Z009,10.0,15.0,14.3,54,LOW,0
2026-01-18 12:30:00,Z009,15.0,18.0,17.8,54,LOW,0
2026-01-18 13:00:00,Z009,18.0,21.0,23.2,54,LOW,1
2026-01-18 13:30:00,Z009,21.0,22.0,23.6,54,LOW,0
2026-01-18 14:00:00,Z009,22.0,17.0,17.7,54,LOW,1
2026-01-18 14:30:00,Z009,17.0,15.0,13.4,54,LOW,0
2026-01-18 15:00:00,Z009,15.0,15.0,11.2,54,LOW,1
2026-01-18 15:30:00,Z009,15.0,10.0,11.2,54,LOW,0
2026-01-18 16:00:00,Z009,10.0,5.0,5.9,54,LOW,0
2026-01-18 16:30:00,Z009,5.0,4.0,4.7,54,LOW,0
2026-01-18 17:00:00,Z009,4.0,10.0,9.0,54,LOW,0
2026-01-18 17:30:00,Z009,10.0,13.0,16.0,54,LOW,0
2026-01-18 18:00:00,Z009,13.0,18.0,18.7,54,LOW,0
2026-01-18 18:30:00,Z009,18.0,24.0,23.9,54,LOW,1
2026-01-18 19:00:00,Z009,24.0,26.0,25.3,54,LOW,0
2026-01-18 19:30:00,Z009,26.0,29.0,29.4,54,LOW,0
2026-01-18 20:00:00,Z009,29.0,24.0,22.9,54,LOW,0
2026-01-18 20:30:00,Z009,24.0,18.0,17.9,54,LOW,1
2026-01-18 21:00:00,Z009,18.0,16.0,14.5,54,LOW,0
2026-01-18 21:30:00,Z009,16.0,12.0,11.3,54,LOW,1
2026-01-18 22:00:00,Z009,12.0,6.0,9.7,54,LOW,1
2026-01-18 22:30:00,Z009,6.0,7.0,6.2,54,LOW,0
2026-01-18 23:00:00,Z009,7.0,8.0,8.1,54,LOW,1
2026-01-18 23:30:00,Z009,8.0,7.0,8.5,54,LOW,0
2026-01-19 00:00:00,Z009,7.0,4.0,4.7,54,LOW,0
2026-01-19 00:30:00,Z009,4.0,3.0,2.4,54,LOW,0
2026-01-19 01:00:00,Z009,3.0,3.0,2.4,54,LOW,0
2026-01-19 01:30:00,Z009,3.0,2.0,2.4,54,LOW,0
2026-01-19 02:00:00,Z009,2.0,2.0,1.5,54,LOW,0
2026-01-19 02:30:00,Z009,2.0,1.0,1.5,54,LOW,0
2026-01-19 03:00:00,Z009,1.0,1.0,0.6,54,LOW,0
2026-01-19 03:30:00,Z009,1.0,0.0,0.6,54,LOW,0
2026-01-19 04:00:00,Z009,0.0,0.0,0.2,54,LOW,1
2026-01-19 04:30:00,Z009,0.0,0.0,0.2,54,LOW,0
2026-01-19 05:00:00,Z009,0.0,1.0,1.8,54,LOW,0
2026-01-19 05:30:00,Z009,1.0,2.0,2.5,54,LOW,1
2026-01-19 06:00:00,Z009,2.0,3.0,4.0,54,LOW,0
2026-01-19 06:30:00,Z009,3.0,6.0,6.5,54,LOW,0
2026-01-19 07:00:00,Z009,6.0,6.0,6.4,54,LOW,0
2026-01-19 07:30:00,Z009,6.0,7.0,6.4,54,LOW,0
2026-01-19 08:00:00,Z009,7.0,10.0,9.6,54,LOW,0
2026-01-19 08:30:00,Z009,10.0,21.0,17.6,54,LOW,1
2026-01-19 09:00:00,Z009,21.0,20.0,22.6,54,LOW,0
2026-01-19 09:30:00,Z009,20.0,20.0,19.8,54,LOW,0
2026-01-19 10:00:00,Z009,20.0,18.0,19.0,54,LOW,0
2026-01-19 10:30:00,Z009,18.0,16.0,18.9,54,LOW,1
2026-01-19 11:00:00,Z009,16.0,14.0,13.4,54,LOW,0
2026-01-19 11:30:00,Z009,14.0,11.0,11.1,54,LOW,0
2026-01-19 12:00:00,Z009,11.0,10.0,12.5,54,LOW,0
2026-01-19 12:30:00,Z009,10.0,15.0,14.0,54,LOW,0
2026-01-19 13:00:00,Z009,15.0,20.0,17.4,54,LOW,0
2026-01-19 13:30:00,Z009,20.0,21.0,21.8,54,LOW,0
2026-01-19 14:00:00,Z009,21.0,20.0,18.8,54,LOW,0
2026-01-19 14:30:00,Z009,20.0,18.0,17.6,54,LOW,0
2026-01-19 15:00:00,Z009,18.0,11.0,12.6,54,LOW,0
2026-01-19 15:30:00,Z009,11.0,12.0,8.7,54,LOW,1
2026-01-19 16:00:00,Z009,12.0,8.0,9.3,54,LOW,1
2026-01-19 16:30:00,Z009,8.0,6.0,6.7,54,LOW,0
2026-01-19 17:00:00,Z009,6.0,11.0,11.1,54,LOW,0
2026-01-19 17:30:00,Z009,11.0,16.0,15.3,54,LOW,1
2026-01-19 18:00:00,Z009,16.0,27.0,24.1,54,LOW,0
2026-01-19 18:30:00,Z009,27.0,27.0,30.9,54,LOW,1
2026-01-19 19:00:00,Z009,27.0,33.0,30.8,54,LOW,0
2026-01-19 19:30:00,Z009,33.0,32.0,31.6,54,LOW,0
2026-01-19 20:00:00,Z009,32.0,22.0,22.2,54,LOW,0
2026-01-19 20:30:00,Z009,22.0,17.0,17.2,54,LOW,0
2026-01-19 21:00:00,Z009,17.0,12.0,12.9,54,LOW,1
2026-01-19 21:30:00,Z009,12.0,11.0,11.1,54,LOW,0
2026-01-19 22:00:00,Z009,11.0,11.0,10.2,54,LOW,0
2026-01-19 22:30:00,Z009,11.0,10.0,10.2,54,LOW,0
2026-01-19 23:00:00,Z009,10.0,8.0,9.0,54,LOW,1
2026-01-19 23:30:00,Z009,8.0,10.0,8.4,54,LOW,0
2026-01-20 00:00:00,Z009,10.0,10.0,7.4,54,LOW,1
2026-01-20 00:30:00,Z009,10.0,7.0,7.4,54,LOW,0
2026-01-20 01:00:00,Z009,7.0,6.0,5.3,54,LOW,0
2026-01-20 01:30:00,Z009,6.0,5.0,4.6,54,LOW,0
2026-01-20 02:00:00,Z009,5.0,1.0,3.2,54,LOW,1
2026-01-20 02:30:00,Z009,1.0,1.0,1.2,54,LOW,0
2026-01-20 03:00:00,Z009,1.0,2.0,1.3,54,LOW,0
2026-01-20 03:30:00,Z009,2.0,1.0,1.1,54,LOW,0
2026-01-20 04:00:00,Z009,1.0,1.0,1.4,54,LOW,0
2026-01-20 04:30:00,Z009,1.0,2.0,1.4,54,LOW,0
2026-01-20 05:00:00,Z009,2.0,3.0,3.3,54,LOW,0
2026-01-20 05:30:00,Z009,3.0,4.0,4.3,54,LOW,0
2026-01-20 06:00:00,Z009,4.0,7.0,6.1,54,LOW,1
2026-01-20 06:30:00,Z009,7.0,5.0,7.1,54,LOW,1
2026-01-20 07:00:00,Z009,5.0,6.0,6.5,54,LOW,0
2026-01-20 07:30:00,Z009,6.0,7.0,6.7,54,LOW,0
2026-01-20 08:00:00,Z009,7.0,8.0,9.5,54,LOW,0
2026-01-20 08:30:00,Z009,8.0,13.0,12.8,54,LOW,0
2026-01-20 09:00:00,Z009,13.0,15.0,16.9,54,LOW,1
2026-01-20 09:30:00,Z009,15.0,13.0,16.3,54,LOW,0
2026-01-20 10:00:00,Z009,13.0,13.0,16.9,54,LOW,0
2026-01-20 10:30:00,Z009,13.0,22.0,16.9,54,LOW,0
2026-01-20 11:00:00,Z009,22.0,22.0,17.6,54,LOW,0
2026-01-20 11:30:00,Z009,22.0,14.0,17.6,54,LOW,0
2026-01-20 12:00:00,Z009,14.0,10.0,13.1,54,LOW,0
2026-01-20 12:30:00,Z009,10.0,16.0,15.6,54,LOW,0
2026-01-20 13:00:00,Z009,16.0,21.0,22.0,54,LOW,0
2026-01-20 13:30:00,Z009,21.0,31.0,25.8,54,LOW,0
2026-01-20 14:00:00,Z009,31.0,28.0,26.1,54,LOW,0
2026-01-20 14:30:00,Z009,28.0,26.0,23.6,54,LOW,0
2026-01-20 15:00:00,Z009,26.0,12.0,16.5,54,LOW,0
2026-01-20 15:30:00,Z009,12.0,8.0,9.1,54,LOW,0
2026-01-20 16:00:00,Z009,8.0,8.0,6.9,54,LOW,0
2026-01-20 16:30:00,Z009,8.0,7.0,6.9,54,LOW,0
2026-01-20 17:00:00,Z009,7.0,18.0,14.7,54,LOW,0
2026-01-20 17:30:00,Z009,18.0,31.0,26.3,54,LOW,0
2026-01-20 18:00:00,Z009,31.0,37.0,31.5,54,LOW,1
2026-01-20 18:30:00,Z009,37.0,37.0,36.4,54,MEDIUM,0
2026-01-20 19:00:00,Z009,37.0,34.0,35.1,54,MEDIUM,1
2026-01-20 19:30:00,Z009,34.0,39.0,35.2,54,MEDIUM,0
2026-01-20 20:00:00,Z009,39.0,29.0,28.1,54,LOW,0
2026-01-20 20:30:00,Z009,29.0,21.0,22.1,54,LOW,0
2026-01-20 21:00:00,Z009,21.0,16.0,15.8,54,LOW,0
2026-01-20 21:30:00,Z009,16.0,13.0,11.4,54,LOW,0
2026-01-20 22:00:00,Z009,13.0,10.0,9.7,54,LOW,0
2026-01-20 22:30:00,Z009,10.0,10.0,9.4,54,LOW,0
2026-01-20 23:00:00,Z009,10.0,6.0,9.4,54,LOW,1
2026-01-20 23:30:00,Z009,6.0,7.0,6.1,54,LOW,0
2026-01-21 00:00:00,Z009,7.0,4.0,5.3,54,LOW,1
2026-01-21 00:30:00,Z009,4.0,4.0,3.3,54,LOW,0
2026-01-21 01:00:00,Z009,4.0,2.0,2.8,54,LOW,0
2026-01-21 01:30:00,Z009,2.0,2.0,1.7,54,LOW,0
2026-01-21 02:00:00,Z009,2.0,1.0,1.2,54,LOW,0
2026-01-21 02:30:00,Z009,1.0,1.0,0.8,54,LOW,0
2026-01-21 03:00:00,Z009,1.0,0.0,0.6,54,LOW,0
2026-01-21 03:30:00,Z009,0.0,0.0,0.3,54,LOW,0
2026-01-21 04:00:00,Z009,0.0,1.0,0.3,54,LOW,0
2026-01-21 04:30:00,Z009,1.0,1.0,0.9,54,LOW,0
2026-01-21 05:00:00,Z009,1.0,1.0,2.3,54,LOW,0
2026-01-21 05:30:00,Z009,1.0,3.0,2.3,54,LOW,0
2026-01-21 06:00:00,Z009,3.0,7.0,5.9,54,LOW,0
2026-01-21 06:30:00,Z009,7.0,7.0,6.7,54,LOW,0
2026-01-21 07:00:00,Z009,7.0,8.0,6.8,54,LOW,0
2026-01-21 07:30:00,Z009,8.0,3.0,6.6,54,LOW,0
2026-01-21 08:00:00,Z009,3.0,10.0,9.0,54,LOW,0
2026-01-21 08:30:00,Z009,10.0,21.0,17.6,54,LOW,0
2026-01-21 09:00:00,Z009,21.0,31.0,24.1,54,LOW,0
2026-01-21 09:30:00,Z009,31.0,27.0,28.6,54,LOW,0
2026-01-21 10:00:00,Z009,27.0,25.0,23.5,54,LOW,0
2026-01-21 10:30:00,Z009,25.0,19.0,22.7,54,LOW,0
2026-01-21 11:00:00,Z009,19.0,15.0,13.9,54,LOW,0
2026-01-21 11:30:00,Z009,15.0,9.0,11.5,54,LOW,1
2026-01-21 12:00:00,Z009,9.0,10.0,12.0,54,LOW,0
2026-01-21 12:30:00,Z009,10.0,14.0,13.5,54,LOW,0
2026-01-21 13:00:00,Z009,14.0,18.0,17.2,54,LOW,0
2026-01-21 13:30:00,Z009,18.0,25.0,22.5,54,LOW,0
2026-01-21 14:00:00,Z009,25.0,18.0,18.1,54,LOW,0
2026-01-21 14:30:00,Z009,18.0,16.0,14.8,54,LOW,0
2026-01-21 15:00:00,Z009,16.0,14.0,13.3,54,LOW,0
2026-01-21 15:30:00,Z009,14.0,15.0,13.1,54,LOW,0
2026-01-21 16:00:00,Z009,15.0,15.0,11.7,54,LOW,0
2026-01-21 16:30:00,Z009,15.0,10.0,11.7,54,LOW,0
2026-01-21 17:00:00,Z009,10.0,19.0,16.8,54,LOW,0
2026-01-21 17:30:00,Z009,19.0,25.0,25.8,54,LOW,1
2026-01-21 18:00:00,Z009,25.0,28.0,29.6,54,LOW,1
2026-01-21 18:30:00,Z009,28.0,32.0,30.7,54,LOW,0
2026-01-21 19:00:00,Z009,32.0,30.0,31.3,54,LOW,0
2026-01-21 19:30:00,Z009,30.0,30.0,30.3,54,LOW,0
2026-01-21 20:00:00,Z009,30.0,21.0,21.9,54,LOW,1
2026-01-21 20:30:00,Z009,21.0,16.0,16.9,54,LOW,0
2026-01-21 21:00:00,Z009,16.0,10.0,11.7,54,LOW,1
2026-01-21 21:30:00,Z009,10.0,8.0,9.0,54,LOW,0
2026-01-21 22:00:00,Z009,8.0,6.0,7.9,54,LOW,1
2026-01-21 22:30:00,Z009,6.0,7.0,6.2,54,LOW,1
2026-01-21 23:00:00,Z009,7.0,9.0,8.1,54,LOW,0
2026-01-14 23:00:00,Z010,5.0,3.0,3.9,41,LOW,0
2026-01-14 23:30:00,Z010,3.0,7.0,4.5,41,LOW,1
2026-01-15 00:00:00,Z010,7.0,6.0,5.4,41,LOW,0
2026-01-15 00:30:00,Z010,6.0,5.0,4.9,41,LOW,0
2026-01-15 01:00:00,Z010,5.0,3.0,2.8,41,LOW,1
2026-01-15 01:30:00,Z010,3.0,2.0,1.9,41,LOW,0
2026-01-15 02:00:00,Z010,2.0,2.0,1.6,41,LOW,0
2026-01-15 02:30:00,Z010,2.0,1.0,1.6,41,LOW,0
2026-01-15 03:00:00,Z010,1.0,2.0,1.2,41,LOW,0
2026-01-15 03:30:00,Z010,2.0,3.0,2.0,41,LOW,0
2026-01-15 04:00:00,Z010,3.0,1.0,1.6,41,LOW,0
2026-01-15 04:30:00,Z010,1.0,1.0,0.8,41,LOW,0
2026-01-15 05:00:00,Z010,1.0,1.0,2.1,41,LOW,1
2026-01-15 05:30:00,Z010,1.0,1.0,2.1,41,LOW,0
2026-01-15 06:00:00,Z010,1.0,4.0,2.4,41,LOW,0
2026-01-15 06:30:00,Z010,4.0,6.0,5.7,41,LOW,0
2026-01-15 07:00:00,Z010,6.0,6.0,6.5,41,LOW,0
2026-01-15 07:30:00,Z010,6.0,6.0,6.5,41,LOW,1
2026-01-15 08:00:00,Z010,6.0,8.0,9.0,41,LOW,1
2026-01-15 08:30:00,Z010,8.0,8.0,10.3,41,LOW,0
2026-01-15 09:00:00,Z010,8.0,12.0,11.2,41,LOW,0
2026-01-15 09:30:00,Z010,12.0,17.0,15.4,41,LOW,0
2026-01-15 10:00:00,Z010,17.0,16.0,17.1,41,LOW,1
2026-01-15 10:30:00,Z010,16.0,18.0,17.1,41,LOW,0
2026-01-15 11:00:00,Z010,18.0,17.0,15.1,41,LOW,0
2026-01-15 11:30:00,Z010,17.0,12.0,14.7,41,LOW,1
2026-01-15 12:00:00,Z010,12.0,15.0,14.5,41,LOW,0
2026-01-15 12:30:00,Z010,15.0,17.0,15.9,41,LOW,1
2026-01-15 13:00:00,Z010,17.0,15.0,17.2,41,LOW,0
2026-01-15 13:30:00,Z010,15.0,17.0,16.3,41,LOW,0
2026-01-15 14:00:00,Z010,17.0,14.0,13.0,41,LOW,0
2026-01-15 14:30:00,Z010,14.0,11.0,11.9,41,LOW,0
2026-01-15 15:00:00,Z010,11.0,11.0,9.5,41,LOW,0
2026-01-15 15:30:00,Z010,11.0,9.0,9.5,41,LOW,0
2026-01-15 16:00:00,Z010,9.0,8.0,7.9,41,LOW,1
2026-01-15 16:30:00,Z010,8.0,9.0,8.5,41,LOW,0
2026-01-15 17:00:00,Z010,9.0,12.0,12.4,41,LOW,0
2026-01-15 17:30:00,Z010,12.0,13.0,14.8,41,LOW,0
2026-01-15 18:00:00,Z010,13.0,16.0,16.6,41,LOW,0
2026-01-15 18:30:00,Z010,16.0,18.0,17.8,41,LOW,0
2026-01-15 19:00:00,Z010,18.0,22.0,21.7,41,LOW,0
2026-01-15 19:30:00,Z010,22.0,24.0,24.0,41,LOW,0
2026-01-15 20:00:00,Z010,24.0,21.0,19.3,41,LOW,0
2026-01-15 20:30:00,Z010,21.0,15.0,16.2,41,LOW,0
2026-01-15 21:00:00,Z010,15.0,11.0,10.2,41,LOW,0
2026-01-15 21:30:00,Z010,11.0,7.0,8.9,41,LOW,0
2026-01-15 22:00:00,Z010,7.0,3.0,5.0,41,LOW,0
2026-01-15 22:30:00,Z010,3.0,5.0,4.7,41,LOW,0
2026-01-15 23:00:00,Z010,5.0,5.0,4.9,41,LOW,0
2026-01-15 23:30:00,Z010,5.0,5.0,4.9,41,LOW,0
2026-01-16 00:00:00,Z010,5.0,3.0,3.7,41,LOW,0
2026-01-16 00:30:00,Z010,3.0,2.0,2.2,41,LOW,0
2026-01-16 01:00:00,Z010,2.0,2.0,1.1,41,LOW,1
2026-01-16 01:30:00,Z010,2.0,1.0,1.1,41,LOW,0
2026-01-16 02:00:00,Z010,1.0,2.0,1.3,41,LOW,0
2026-01-16 02:30:00,Z010,2.0,1.0,1.1,41,LOW,0
2026-01-16 03:00:00,Z010,1.0,1.0,1.1,41,LOW,0
2026-01-16 03:30:00,Z010,1.0,1.0,1.1,41,LOW,1
2026-01-16 04:00:00,Z010,1.0,1.0,0.7,41,LOW,0
2026-01-16 04:30:00,Z010,1.0,0.0,0.7,41,LOW,0
2026-01-16 05:00:00,Z010,0.0,0.0,1.0,41,LOW,0
2026-01-16 05:30:00,Z010,0.0,1.0,1.0,41,LOW,0
2026-01-16 06:00:00,Z010,1.0,3.0,2.6,41,LOW,0
2026-01-16 06:30:00,Z010,3.0,1.0,3.8,41,LOW,1
2026-01-16 07:00:00,Z010,1.0,3.0,2.8,41,LOW,0
2026-01-16 07:30:00,Z010,3.0,6.0,4.6,41,LOW,0
2026-01-16 08:00:00,Z010,6.0,12.0,10.3,41,LOW,0
2026-01-16 08:30:00,Z010,12.0,12.0,13.4,41,LOW,0
2026-01-16 09:00:00,Z010,12.0,12.0,14.0,41,LOW,1
2026-01-16 09:30:00,Z010,12.0,14.0,14.0,41,LOW,0
2026-01-16 10:00:00,Z010,14.0,13.0,14.6,41,LOW,0
2026-01-16 10:30:00,Z010,13.0,18.0,16.1,41,LOW,0
2026-01-16 11:00:00,Z010,18.0,18.0,14.3,41,LOW,1
2026-01-16 11:30:00,Z010,18.0,14.0,14.3,41,LOW,0
2026-01-16 12:00:00,Z010,14.0,17.0,14.5,41,LOW,0
2026-01-16 12:30:00,Z010,17.0,22.0,19.1,41,LOW,1
2026-01-16 13:00:00,Z010,22.0,21.0,20.4,41,LOW,0
2026-01-16 13:30:00,Z010,21.0,19.0,20.5,41,LOW,0
2026-01-16 14:00:00,Z010,19.0,16.0,15.6,41,LOW,0
2026-01-16 14:30:00,Z010,16.0,12.0,11.8,41,LOW,0
2026-01-16 15:00:00,Z010,12.0,9.0,9.3,41,LOW,0
2026-01-16 15:30:00,Z010,9.0,5.0,7.3,41,LOW,1
2026-01-16 16:00:00,Z010,5.0,10.0,6.7,41,LOW,0
2026-01-16 16:30:00,Z010,10.0,6.0,6.1,41,LOW,0
2026-01-16 17:00:00,Z010,6.0,7.0,8.3,41,LOW,0
2026-01-16 17:30:00,Z010,7.0,14.0,9.0,41,LOW,1
2026-01-16 18:00:00,Z010,14.0,17.0,16.9,41,LOW,0
2026-01-16 18:30:00,Z010,17.0,16.0,16.5,41,LOW,0
2026-01-16 19:00:00,Z010,16.0,11.0,15.5,41,LOW,0
2026-01-16 19:30:00,Z010,11.0,12.0,13.6,41,LOW,0
2026-01-16 20:00:00,Z010,12.0,10.0,10.1,41,LOW,0
2026-01-16 20:30:00,Z010,10.0,9.0,7.5,41,LOW,0
2026-01-16 21:00:00,Z010,9.0,8.0,7.1,41,LOW,0
2026-01-16 21:30:00,Z010,8.0,7.0,5.7,41,LOW,1
2026-01-16 22:00:00,Z010,7.0,8.0,6.9,41,LOW,0
2026-01-16 22:30:00,Z010,8.0,5.0,5.3,41,LOW,0
2026-01-16 23:00:00,Z010,5.0,5.0,4.3,41,LOW,0
2026-01-16 23:30:00,Z010,5.0,4.0,4.3,41,LOW,0
2026-01-17 00:00:00,Z010,4.0,2.0,3.3,41,LOW,1
2026-01-17 00:30:00,Z010,2.0,2.0,1.8,41,LOW,0
2026-01-17 01:00:00,Z010,2.0,2.0,1.8,41,LOW,0
2026-01-17 01:30:00,Z010,2.0,2.0,1.8,41,LOW,0
2026-01-17 02:00:00,Z010,2.0,3.0,1.5,41,LOW,1
2026-01-17 02:30:00,Z010,3.0,2.0,2.0,41,LOW,0
2026-01-17 03:00:00,Z010,2.0,1.0,1.3,41,LOW,0
2026-01-17 03:30:00,Z010,1.0,1.0,0.7,41,LOW,1
2026-01-17 04:00:00,Z010,1.0,0.0,0.6,41,LOW,0
2026-01-17 04:30:00,Z010,0.0,0.0,0.1,41,LOW,0
2026-01-17 05:00:00,Z010,0.0,0.0,0.9,41,LOW,0
2026-01-17 05:30:00,Z010,0.0,2.0,0.9,41,LOW,1
2026-01-17 06:00:00,Z010,2.0,2.0,2.3,41,LOW,0
2026-01-17 06:30:00,Z010,2.0,2.0,2.3,41,LOW,0
2026-01-17 07:00:00,Z010,2.0,7.0,2.4,41,LOW,1
2026-01-17 07:30:00,Z010,7.0,6.0,6.3,41,LOW,0
2026-01-17 08:00:00,Z010,6.0,9.0,9.9,41,LOW,0
2026-01-17 08:30:00,Z010,9.0,12.0,12.4,41,LOW,0
2026-01-17 09:00:00,Z010,12.0,16.0,13.6,41,LOW,1
2026-01-17 09:30:00,Z010,16.0,19.0,16.4,41,LOW,0
2026-01-17 10:00:00,Z010,19.0,13.0,14.6,41,LOW,0
2026-01-17 10:30:00,Z010,13.0,12.0,13.9,41,LOW,0
2026-01-17 11:00:00,Z010,12.0,10.0,10.7,41,LOW,1
2026-01-17 11:30:00,Z010,10.0,4.0,8.5,41,LOW,1
2026-01-17 12:00:00,Z010,4.0,10.0,7.9,41,LOW,0
2026-01-17 12:30:00,Z010,10.0,14.0,13.6,41,LOW,0
2026-01-17 13:00:00,Z010,14.0,17.0,14.6,41,LOW,1
2026-01-17 13:30:00,Z010,17.0,20.0,19.8,41,LOW,0
2026-01-17 14:00:00,Z010,20.0,18.0,16.5,41,LOW,1
2026-01-17 14:30:00,Z010,18.0,17.0,15.7,41,LOW,0
2026-01-17 15:00:00,Z010,17.0,13.0,12.4,41,LOW,1
2026-01-17 15:30:00,Z010,13.0,12.0,10.4,41,LOW,1
2026-01-17 16:00:00,Z010,12.0,12.0,9.7,41,LOW,0
2026-01-17 16:30:00,Z010,12.0,9.0,9.7,41,LOW,0
2026-01-17 17:00:00,Z010,9.0,13.0,13.6,41,LOW,0
2026-01-17 17:30:00,Z010,13.0,16.0,17.1,41,LOW,0
2026-01-17 18:00:00,Z010,16.0,21.0,19.3,41,LOW,0
2026-01-17 18:30:00,Z010,21.0,18.0,26.1,41,MEDIUM,1
2026-01-17 19:00:00,Z010,18.0,22.0,21.7,41,LOW,0
2026-01-17 19:30:00,Z010,22.0,21.0,26.4,41,MEDIUM,1
2026-01-17 20:00:00,Z010,21.0,15.0,15.6,41,LOW,0
2026-01-17 20:30:00,Z010,15.0,14.0,10.0,41,LOW,1
2026-01-17 21:00:00,Z010,14.0,10.0,9.2,41,LOW,0
2026-01-17 21:30:00,Z010,10.0,8.0,7.3,41,LOW,0
2026-01-17 22:00:00,Z010,8.0,6.0,5.5,41,LOW,0
2026-01-17 22:30:00,Z010,6.0,5.0,6.7,41,LOW,1
2026-01-17 23:00:00,Z010,5.0,4.0,4.8,41,LOW,1
2026-01-17 23:30:00,Z010,4.0,4.0,4.3,41,LOW,0
2026-01-18 00:00:00,Z010,4.0,3.0,3.1,41,LOW,0
2026-01-18 00:30:00,Z010,3.0,1.0,2.0,41,LOW,1
2026-01-18 01:00:00,Z010,1.0,1.0,0.6,41,LOW,0
2026-01-18 01:30:00,Z010,1.0,0.0,0.6,41,LOW,0
2026-01-18 02:00:00,Z010,0.0,0.0,0.5,41,LOW,1
2026-01-18 02:30:00,Z010,0.0,1.0,0.5,41,LOW,0
2026-01-18 03:00:00,Z010,1.0,1.0,0.5,41,LOW,0
2026-01-18 03:30:00,Z010,1.0,0.0,0.5,41,LOW,0
2026-01-18 04:00:00,Z010,0.0,0.0,0.3,41,LOW,1
2026-01-18 04:30:00,Z010,0.0,0.0,0.3,41,LOW,1
2026-01-18 05:00:00,Z010,0.0,0.0,2.1,41,LOW,1
2026-01-18 05:30:00,Z010,0.0,3.0,2.1,41,LOW,0
2026-01-18 06:00:00,Z010,3.0,5.0,4.2,41,LOW,0
2026-01-18 06:30:00,Z010,5.0,5.0,5.5,41,LOW,0
2026-01-18 07:00:00,Z010,5.0,5.0,6.1,41,LOW,0
2026-01-18 07:30:00,Z010,5.0,7.0,6.1,41,LOW,0
2026-01-18 08:00:00,Z010,7.0,12.0,10.1,41,LOW,1
2026-01-18 08:30:00,Z010,12.0,6.0,11.0,41,LOW,0
2026-01-18 09:00:00,Z010,6.0,10.0,10.1,41,LOW,1
2026-01-18 09:30:00,Z010,10.0,11.0,10.4,41,LOW,0
2026-01-18 10:00:00,Z010,11.0,15.0,11.5,41,LOW,1
2026-01-18 10:30:00,Z010,15.0,15.0,13.7,41,LOW,0
2026-01-18 11:00:00,Z010,15.0,10.0,10.6,41,LOW,0
2026-01-18 11:30:00,Z010,10.0,9.0,8.1,41,LOW,1
2026-01-18 12:00:00,Z010,9.0,10.0,11.1,41,LOW,0
2026-01-18 12:30:00,Z010,10.0,13.0,12.9,41,LOW,0
2026-01-18 13:00:00,Z010,13.0,11.0,12.0,41,LOW,0
2026-01-18 13:30:00,Z010,11.0,10.0,11.1,41,LOW,0
2026-01-18 14:00:00,Z010,10.0,7.0,6.7,41,LOW,0
2026-01-18 14:30:00,Z010,7.0,6.0,6.4,41,LOW,0
2026-01-18 15:00:00,Z010,6.0,4.0,4.8,41,LOW,0
2026-01-18 15:30:00,Z010,4.0,3.0,5.3,41,LOW,1
2026-01-18 16:00:00,Z010,3.0,2.0,3.4,41,LOW,0
2026-01-18 16:30:00,Z010,2.0,4.0,4.7,41,LOW,0
2026-01-18 17:00:00,Z010,4.0,8.0,8.5,41,LOW,1
2026-01-18 17:30:00,Z010,8.0,8.0,10.3,41,LOW,0
2026-01-18 18:00:00,Z010,8.0,12.0,10.6,41,LOW,0
2026-01-18 18:30:00,Z010,12.0,20.0,18.5,41,LOW,0
2026-01-18 19:00:00,Z010,20.0,25.0,22.8,41,LOW,0
2026-01-18 19:30:00,Z010,25.0,25.0,25.2,41,MEDIUM,0
2026-01-18 20:00:00,Z010,25.0,22.0,20.7,41,LOW,0
2026-01-18 20:30:00,Z010,22.0,19.0,18.1,41,LOW,0
2026-01-18 21:00:00,Z010,19.0,16.0,15.2,41,LOW,0
2026-01-18 21:30:00,Z010,16.0,11.0,11.1,41,LOW,0
2026-01-18 22:00:00,Z010,11.0,8.0,7.9,41,LOW,0
2026-01-18 22:30:00,Z010,8.0,5.0,6.4,41,LOW,1
2026-01-18 23:00:00,Z010,5.0,3.0,4.2,41,LOW,0
2026-01-18 23:30:00,Z010,3.0,3.0,3.7,41,LOW,0
2026-01-19 00:00:00,Z010,3.0,3.0,2.9,41,LOW,0
2026-01-19 00:30:00,Z010,3.0,3.0,2.9,41,LOW,0
2026-01-19 01:00:00,Z010,3.0,2.0,2.5,41,LOW,0
2026-01-19 01:30:00,Z010,2.0,2.0,1.9,41,LOW,0
2026-01-19 02:00:00,Z010,2.0,2.0,1.8,41,LOW,0
2026-01-19 02:30:00,Z010,2.0,0.0,1.8,41,LOW,1
2026-01-19 03:00:00,Z010,0.0,0.0,0.0,41,LOW,0
2026-01-19 03:30:00,Z010,0.0,0.0,0.0,41,LOW,1
2026-01-19 04:00:00,Z010,0.0,0.0,0.1,41,LOW,1
2026-01-19 04:30:00,Z010,0.0,0.0,0.1,41,LOW,0
2026-01-19 05:00:00,Z010,0.0,1.0,1.7,41,LOW,0
2026-01-19 05:30:00,Z010,1.0,4.0,3.2,41,LOW,0
2026-01-19 06:00:00,Z010,4.0,5.0,4.6,41,LOW,0
2026-01-19 06:30:00,Z010,5.0,4.0,5.4,41,LOW,0
2026-01-19 07:00:00,Z010,4.0,4.0,4.7,41,LOW,0
2026-01-19 07:30:00,Z010,4.0,5.0,4.7,41,LOW,1
2026-01-19 08:00:00,Z010,5.0,7.0,8.1,41,LOW,0
2026-01-19 08:30:00,Z010,7.0,10.0,9.2,41,LOW,0
2026-01-19 09:00:00,Z010,10.0,16.0,14.0,41,LOW,0
2026-01-19 09:30:00,Z010,16.0,15.0,15.5,41,LOW,1
2026-01-19 10:00:00,Z010,15.0,14.0,14.2,41,LOW,0
2026-01-19 10:30:00,Z010,14.0,15.0,14.3,41,LOW,0
2026-01-19 11:00:00,Z010,15.0,11.0,12.0,41,LOW,0
2026-01-19 11:30:00,Z010,11.0,7.0,8.5,41,LOW,0
2026-01-19 12:00:00,Z010,7.0,8.0,9.2,41,LOW,0
2026-01-19 12:30:00,Z010,8.0,13.0,12.1,41,LOW,0
2026-01-19 13:00:00,Z010,13.0,20.0,15.6,41,LOW,0
2026-01-19 13:30:00,Z010,20.0,20.0,20.7,41,LOW,0
2026-01-19 14:00:00,Z010,20.0,18.0,17.2,41,LOW,1
2026-01-19 14:30:00,Z010,18.0,11.0,12.5,41,LOW,0
2026-01-19 15:00:00,Z010,11.0,8.0,8.6,41,LOW,0
2026-01-19 15:30:00,Z010,8.0,4.0,6.2,41,LOW,0
2026-01-19 16:00:00,Z010,4.0,6.0,6.5,41,LOW,0
2026-01-19 16:30:00,Z010,6.0,8.0,7.7,41,LOW,1
2026-01-19 17:00:00,Z010,8.0,12.0,11.6,41,LOW,0
2026-01-19 17:30:00,Z010,12.0,11.0,15.3,41,LOW,1
2026-01-19 18:00:00,Z010,11.0,16.0,13.8,41,LOW,0
2026-01-19 18:30:00,Z010,16.0,22.0,18.9,41,LOW,0
2026-01-19 19:00:00,Z010,22.0,22.0,22.0,41,LOW,0
2026-01-19 19:30:00,Z010,22.0,19.0,22.0,41,LOW,0
2026-01-19 20:00:00,Z010,19.0,13.0,14.7,41,LOW,0
2026-01-19 20:30:00,Z010,13.0,11.0,11.0,41,LOW,0
2026-01-19 21:00:00,Z010,11.0,8.0,8.9,41,LOW,0
2026-01-19 21:30:00,Z010,8.0,5.0,6.2,41,LOW,0
2026-01-19 22:00:00,Z010,5.0,5.0,5.6,41,LOW,0
2026-01-19 22:30:00,Z010,5.0,5.0,5.6,41,LOW,0
2026-01-19 23:00:00,Z010,5.0,7.0,6.0,41,LOW,0
2026-01-19 23:30:00,Z010,7.0,7.0,6.7,41,LOW,0
2026-01-20 00:00:00,Z010,7.0,5.0,5.2,41,LOW,0
2026-01-20 00:30:00,Z010,5.0,5.0,4.0,41,LOW,1
2026-01-20 01:00:00,Z010,5.0,3.0,3.4,41,LOW,0
2026-01-20 01:30:00,Z010,3.0,3.0,2.6,41,LOW,0
2026-01-20 02:00:00,Z010,3.0,3.0,2.2,41,LOW,0
2026-01-20 02:30:00,Z010,3.0,1.0,2.2,41,LOW,0
2026-01-20 03:00:00,Z010,1.0,1.0,0.8,41,LOW,1
2026-01-20 03:30:00,Z010,1.0,1.0,0.8,41,LOW,1
2026-01-20 04:00:00,Z010,1.0,1.0,1.0,41,LOW,0
2026-01-20 04:30:00,Z010,1.0,1.0,1.0,41,LOW,0
2026-01-20 05:00:00,Z010,1.0,1.0,1.8,41,LOW,0
2026-01-20 05:30:00,Z010,1.0,2.0,1.8,41,LOW,0
2026-01-20 06:00:00,Z010,2.0,4.0,2.6,41,LOW,1
2026-01-20 06:30:00,Z010,4.0,6.0,5.0,41,LOW,1
2026-01-20 07:00:00,Z010,6.0,6.0,6.3,41,LOW,1
2026-01-20 07:30:00,Z010,6.0,6.0,6.3,41,LOW,0
2026-01-20 08:00:00,Z010,6.0,10.0,9.1,41,LOW,0
2026-01-20 08:30:00,Z010,10.0,12.0,14.3,41,LOW,1
2026-01-20 09:00:00,Z010,12.0,15.0,15.1,41,LOW,0
2026-01-20 09:30:00,Z010,15.0,14.0,15.6,41,LOW,1
2026-01-20 10:00:00,Z010,14.0,12.0,13.9,41,LOW,0
2026-01-20 10:30:00,Z010,12.0,17.0,15.3,41,LOW,0
2026-01-20 11:00:00,Z010,17.0,16.0,14.7,41,LOW,0
2026-01-20 11:30:00,Z010,16.0,13.0,14.2,41,LOW,0
2026-01-20 12:00:00,Z010,13.0,14.0,13.3,41,LOW,1
2026-01-20 12:30:00,Z010,14.0,12.0,13.0,41,LOW,0
2026-01-20 13:00:00,Z010,12.0,15.0,14.4,41,LOW,0
2026-01-20 13:30:00,Z010,15.0,16.0,15.8,41,LOW,0
2026-01-20 14:00:00,Z010,16.0,13.0,12.5,41,LOW,0
2026-01-20 14:30:00,Z010,13.0,14.0,10.3,41,LOW,1
2026-01-20 15:00:00,Z010,14.0,12.0,11.8,41,LOW,0
2026-01-20 15:30:00,Z010,12.0,10.0,9.3,41,LOW,0
2026-01-20 16:00:00,Z010,10.0,9.0,6.7,41,LOW,1
2026-01-20 16:30:00,Z010,9.0,6.0,7.0,41,LOW,1
2026-01-20 17:00:00,Z010,6.0,13.0,11.2,41,LOW,0
2026-01-20 17:30:00,Z010,13.0,15.0,16.1,41,LOW,0
2026-01-20 18:00:00,Z010,15.0,18.0,18.1,41,LOW,1
2026-01-20 18:30:00,Z010,18.0,19.0,19.9,41,LOW,0
2026-01-20 19:00:00,Z010,19.0,18.0,20.6,41,LOW,1
2026-01-20 19:30:00,Z010,18.0,20.0,20.2,41,LOW,0
2026-01-20 20:00:00,Z010,20.0,17.0,17.0,41,LOW,0
2026-01-20 20:30:00,Z010,17.0,13.0,13.0,41,LOW,0
2026-01-20 21:00:00,Z010,13.0,10.0,9.6,41,LOW,0
2026-01-20 21:30:00,Z010,10.0,3.0,8.2,41,LOW,1
2026-01-20 22:00:00,Z010,3.0,5.0,4.7,41,LOW,0
2026-01-20 22:30:00,Z010,5.0,6.0,5.2,41,LOW,0
2026-01-20 23:00:00,Z010,6.0,4.0,5.3,41,LOW,1
2026-01-20 23:30:00,Z010,4.0,3.0,3.9,41,LOW,0
2026-01-21 00:00:00,Z010,3.0,3.0,3.2,41,LOW,0
2026-01-21 00:30:00,Z010,3.0,4.0,3.2,41,LOW,0
2026-01-21 01:00:00,Z010,4.0,3.0,3.3,41,LOW,0
2026-01-21 01:30:00,Z010,3.0,3.0,2.8,41,LOW,0
2026-01-21 02:00:00,Z010,3.0,2.0,2.5,41,LOW,0
2026-01-21 02:30:00,Z010,2.0,1.0,1.2,41,LOW,0
2026-01-21 03:00:00,Z010,1.0,1.0,0.8,41,LOW,1
2026-01-21 03:30:00,Z010,1.0,1.0,0.8,41,LOW,0
2026-01-21 04:00:00,Z010,1.0,1.0,1.0,41,LOW,0
2026-01-21 04:30:00,Z010,1.0,1.0,1.0,41,LOW,0
2026-01-21 05:00:00,Z010,1.0,5.0,3.3,41,LOW,0
2026-01-21 05:30:00,Z010,5.0,7.0,5.9,41,LOW,0
2026-01-21 06:00:00,Z010,7.0,8.0,6.8,41,LOW,1
2026-01-21 06:30:00,Z010,8.0,7.0,7.2,41,LOW,1
2026-01-21 07:00:00,Z010,7.0,7.0,6.9,41,LOW,1
2026-01-21 07:30:00,Z010,7.0,4.0,6.9,41,LOW,1
2026-01-21 08:00:00,Z010,4.0,7.0,7.2,41,LOW,0
2026-01-21 08:30:00,Z010,7.0,9.0,8.7,41,LOW,0
2026-01-21 09:00:00,Z010,9.0,12.0,12.2,41,LOW,0
2026-01-21 09:30:00,Z010,12.0,13.0,13.7,41,LOW,0
2026-01-21 10:00:00,Z010,13.0,16.0,14.8,41,LOW,1
2026-01-21 10:30:00,Z010,16.0,18.0,16.5,41,LOW,1
2026-01-21 11:00:00,Z010,18.0,15.0,14.4,41,LOW,1
2026-01-21 11:30:00,Z010,15.0,12.0,11.7,41,LOW,0
2026-01-21 12:00:00,Z010,12.0,9.0,11.5,41,LOW,0
2026-01-21 12:30:00,Z010,9.0,10.0,10.8,41,LOW,0
2026-01-21 13:00:00,Z010,10.0,14.0,12.3,41,LOW,1
2026-01-21 13:30:00,Z010,14.0,11.0,13.0,41,LOW,0
2026-01-21 14:00:00,Z010,11.0,12.0,10.1,41,LOW,0
2026-01-21 14:30:00,Z010,12.0,11.0,10.0,41,LOW,1
2026-01-21 15:00:00,Z010,11.0,8.0,8.9,41,LOW,0
2026-01-21 15:30:00,Z010,8.0,7.0,6.3,41,LOW,0
2026-01-21 16:00:00,Z010,7.0,6.0,6.4,41,LOW,0
2026-01-21 16:30:00,Z010,6.0,5.0,6.5,41,LOW,1
2026-01-21 17:00:00,Z010,5.0,12.0,11.2,41,LOW,0
2026-01-21 17:30:00,Z010,12.0,16.0,15.3,41,LOW,0
2026-01-21 18:00:00,Z010,16.0,14.0,16.7,41,LOW,0
2026-01-21 18:30:00,Z010,14.0,20.0,17.5,41,LOW,0
2026-01-21 19:00:00,Z010,20.0,22.0,22.1,41,LOW,0
2026-01-21 19:30:00,Z010,22.0,24.0,22.9,41,LOW,1
2026-01-21 20:00:00,Z010,24.0,20.0,19.2,41,LOW,0
2026-01-21 20:30:00,Z010,20.0,18.0,17.4,41,LOW,0
2026-01-21 21:00:00,Z010,18.0,13.0,13.7,41,LOW,0
2026-01-21 21:30:00,Z010,13.0,11.0,9.9,41,LOW,0
2026-01-21 22:00:00,Z010,11.0,12.0,9.8,41,LOW,0
2026-01-21 22:30:00,Z010,12.0,8.0,9.2,41,LOW,0
2026-01-21 23:00:00,Z010,8.0,6.0,6.3,41,LOW,0
2026-01-14 23:00:00,Z011,16.0,14.0,15.4,93,LOW,0
2026-01-14 23:30:00,Z011,14.0,15.0,15.4,93,LOW,0
2026-01-15 00:00:00,Z011,15.0,11.0,11.4,93,LOW,0
2026-01-15 00:30:00,Z011,11.0,6.0,7.5,93,LOW,1
2026-01-15 01:00:00,Z011,6.0,4.0,4.6,93,LOW,0
2026-01-15 01:30:00,Z011,4.0,5.0,3.8,93,LOW,0
2026-01-15 02:00:00,Z011,5.0,5.0,3.6,93,LOW,0
2026-01-15 02:30:00,Z011,5.0,3.0,3.6,93,LOW,0
2026-01-15 03:00:00,Z011,3.0,2.0,2.0,93,LOW,0
2026-01-15 03:30:00,Z011,2.0,4.0,2.5,93,LOW,0
2026-01-15 04:00:00,Z011,4.0,3.0,3.4,93,LOW,0
2026-01-15 04:30:00,Z011,3.0,2.0,2.1,93,LOW,0
2026-01-15 05:00:00,Z011,2.0,3.0,5.1,93,LOW,0
2026-01-15 05:30:00,Z011,3.0,5.0,6.3,93,LOW,0
2026-01-15 06:00:00,Z011,5.0,7.0,7.2,93,LOW,0
2026-01-15 06:30:00,Z011,7.0,8.0,10.9,93,LOW,1
2026-01-15 07:00:00,Z011,8.0,14.0,13.2,93,LOW,0
2026-01-15 07:30:00,Z011,14.0,13.0,13.9,93,LOW,0
2026-01-15 08:00:00,Z011,13.0,27.0,25.5,93,LOW,0
2026-01-15 08:30:00,Z011,27.0,34.0,33.8,93,LOW,0
2026-01-15 09:00:00,Z011,34.0,42.0,42.0,93,LOW,0
2026-01-15 09:30:00,Z011,42.0,43.0,46.2,93,LOW,1
2026-01-15 10:00:00,Z011,43.0,47.0,48.0,93,LOW,0
2026-01-15 10:30:00,Z011,47.0,53.0,51.2,93,LOW,0
2026-01-15 11:00:00,Z011,53.0,37.0,40.2,93,LOW,0
2026-01-15 11:30:00,Z011,37.0,26.0,28.3,93,LOW,0
2026-01-15 12:00:00,Z011,26.0,36.0,32.7,93,LOW,0
2026-01-15 12:30:00,Z011,36.0,47.0,44.0,93,LOW,0
2026-01-15 13:00:00,Z011,47.0,46.0,48.9,93,LOW,0
2026-01-15 13:30:00,Z011,46.0,48.0,47.1,93,LOW,1
2026-01-15 14:00:00,Z011,48.0,42.0,40.9,93,LOW,0
2026-01-15 14:30:00,Z011,42.0,34.0,34.2,93,LOW,0
2026-01-15 15:00:00,Z011,34.0,27.0,26.7,93,LOW,0
2026-01-15 15:30:00,Z011,27.0,22.0,23.5,93,LOW,0
2026-01-15 16:00:00,Z011,22.0,24.0,20.7,93,LOW,0
2026-01-15 16:30:00,Z011,24.0,26.0,23.8,93,LOW,0
2026-01-15 17:00:00,Z011,26.0,39.0,39.6,93,LOW,0
2026-01-15 17:30:00,Z011,39.0,55.0,52.6,93,LOW,0
2026-01-15 18:00:00,Z011,55.0,57.0,59.1,93,MEDIUM,0
2026-01-15 18:30:00,Z011,57.0,63.0,61.2,93,MEDIUM,0
2026-01-15 19:00:00,Z011,63.0,60.0,63.3,93,MEDIUM,0
2026-01-15 19:30:00,Z011,60.0,70.0,61.3,93,MEDIUM,1
2026-01-15 20:00:00,Z011,70.0,59.0,57.9,93,MEDIUM,0
2026-01-15 20:30:00,Z011,59.0,42.0,44.7,93,LOW,0
2026-01-15 21:00:00,Z011,42.0,30.0,31.5,93,LOW,1
2026-01-15 21:30:00,Z011,30.0,24.0,23.8,93,LOW,0
2026-01-15 22:00:00,Z011,24.0,22.0,21.8,93,LOW,0
2026-01-15 22:30:00,Z011,22.0,22.0,21.6,93,LOW,0
2026-01-15 23:00:00,Z011,22.0,17.0,20.7,93,LOW,1
2026-01-15 23:30:00,Z011,17.0,20.0,17.4,93,LOW,0
2026-01-16 00:00:00,Z011,20.0,16.0,14.6,93,LOW,0
2026-01-16 00:30:00,Z011,16.0,12.0,11.5,93,LOW,1
2026-01-16 01:00:00,Z011,12.0,9.0,8.5,93,LOW,1
2026-01-16 01:30:00,Z011,9.0,6.0,5.4,93,LOW,0
2026-01-16 02:00:00,Z011,6.0,5.0,4.9,93,LOW,0
2026-01-16 02:30:00,Z011,5.0,0.0,3.4,93,LOW,1
2026-01-16 03:00:00,Z011,0.0,0.0,0.5,93,LOW,0
2026-01-16 03:30:00,Z011,0.0,1.0,0.5,93,LOW,0
2026-01-16 04:00:00,Z011,1.0,1.0,1.5,93,LOW,0
2026-01-16 04:30:00,Z011,1.0,2.0,1.5,93,LOW,0
2026-01-16 05:00:00,Z011,2.0,7.0,6.7,93,LOW,0
2026-01-16 05:30:00,Z011,7.0,7.0,10.5,93,LOW,1
2026-01-16 06:00:00,Z011,7.0,10.0,10.0,93,LOW,1
2026-01-16 06:30:00,Z011,10.0,16.0,11.4,93,LOW,1
2026-01-16 07:00:00,Z011,16.0,21.0,16.9,93,LOW,1
2026-01-16 07:30:00,Z011,21.0,23.0,21.9,93,LOW,0
2026-01-16 08:00:00,Z011,23.0,40.0,30.4,93,LOW,1
2026-01-16 08:30:00,Z011,40.0,39.0,43.4,93,LOW,1
2026-01-16 09:00:00,Z011,39.0,38.0,41.4,93,LOW,0
2026-01-16 09:30:00,Z011,38.0,40.0,41.5,93,LOW,0
2026-01-16 10:00:00,Z011,40.0,43.0,42.5,93,LOW,1
2026-01-16 10:30:00,Z011,43.0,48.0,47.6,93,LOW,0
2026-01-16 11:00:00,Z011,48.0,37.0,37.2,93,LOW,0
2026-01-16 11:30:00,Z011,37.0,36.0,31.5,93,LOW,0
2026-01-16 12:00:00,Z011,36.0,40.0,40.7,93,LOW,0
2026-01-16 12:30:00,Z011,40.0,45.0,44.2,93,LOW,1
2026-01-16 13:00:00,Z011,45.0,43.0,47.3,93,LOW,0
2026-01-16 13:30:00,Z011,43.0,47.0,46.3,93,LOW,0
2026-01-16 14:00:00,Z011,47.0,37.0,38.1,93,LOW,0
2026-01-16 14:30:00,Z011,37.0,31.0,30.1,93,LOW,0
2026-01-16 15:00:00,Z011,31.0,19.0,26.4,93,LOW,1
2026-01-16 15:30:00,Z011,19.0,17.0,17.2,93,LOW,1
2026-01-16 16:00:00,Z011,17.0,10.0,13.5,93,LOW,0
2026-01-16 16:30:00,Z011,10.0,12.0,14.7,93,LOW,1
2026-01-16 17:00:00,Z011,12.0,26.0,25.8,93,LOW,1
2026-01-16 17:30:00,Z011,26.0,40.0,39.8,93,LOW,0
2026-01-16 18:00:00,Z011,40.0,48.0,48.7,93,LOW,0
2026-01-16 18:30:00,Z011,48.0,66.0,60.0,93,MEDIUM,0
2026-01-16 19:00:00,Z011,66.0,70.0,68.9,93,MEDIUM,0
2026-01-16 19:30:00,Z011,70.0,83.0,71.2,93,MEDIUM,1
2026-01-16 20:00:00,Z011,83.0,64.0,62.6,93,MEDIUM,0
2026-01-16 20:30:00,Z011,64.0,48.0,49.3,93,LOW,0
2026-01-16 21:00:00,Z011,48.0,40.0,38.3,93,LOW,0
2026-01-16 21:30:00,Z011,40.0,33.0,30.9,93,LOW,0
2026-01-16 22:00:00,Z011,33.0,33.0,29.7,93,LOW,0
2026-01-16 22:30:00,Z011,33.0,23.0,29.7,93,LOW,1
2026-01-16 23:00:00,Z011,23.0,20.0,20.1,93,LOW,0
2026-01-16 23:30:00,Z011,20.0,19.0,19.1,93,LOW,0
2026-01-17 00:00:00,Z011,19.0,14.0,14.5,93,LOW,1
2026-01-17 00:30:00,Z011,14.0,8.0,8.6,93,LOW,0
2026-01-17 01:00:00,Z011,8.0,7.0,6.4,93,LOW,0
2026-01-17 01:30:00,Z011,7.0,2.0,3.2,93,LOW,0
2026-01-17 02:00:00,Z011,2.0,1.0,1.3,93,LOW,1
2026-01-17 02:30:00,Z011,1.0,0.0,0.5,93,LOW,0
2026-01-17 03:00:00,Z011,0.0,0.0,0.1,93,LOW,0
2026-01-17 03:30:00,Z011,0.0,0.0,0.1,93,LOW,0
2026-01-17 04:00:00,Z011,0.0,0.0,0.2,93,LOW,0
2026-01-17 04:30:00,Z011,0.0,0.0,0.2,93,LOW,0
2026-01-17 05:00:00,Z011,0.0,3.0,3.8,93,LOW,0
2026-01-17 05:30:00,Z011,3.0,7.0,6.7,93,LOW,0
2026-01-17 06:00:00,Z011,7.0,9.0,9.7,93,LOW,0
2026-01-17 06:30:00,Z011,9.0,14.0,13.2,93,LOW,0
2026-01-17 07:00:00,Z011,14.0,14.0,14.5,93,LOW,0
2026-01-17 07:30:00,Z011,14.0,14.0,14.5,93,LOW,1
2026-01-17 08:00:00,Z011,14.0,27.0,26.2,93,LOW,0
2026-01-17 08:30:00,Z011,27.0,39.0,36.2,93,LOW,0
2026-01-17 09:00:00,Z011,39.0,49.0,46.3,93,LOW,0
2026-01-17 09:30:00,Z011,49.0,51.0,52.5,93,LOW,0
2026-01-17 10:00:00,Z011,51.0,54.0,53.3,93,LOW,0
2026-01-17 10:30:00,Z011,54.0,51.0,53.1,93,LOW,0
2026-01-17 11:00:00,Z011,51.0,38.0,38.8,93,LOW,0
2026-01-17 11:30:00,Z011,38.0,31.0,30.0,93,LOW,0
2026-01-17 12:00:00,Z011,31.0,36.0,34.9,93,LOW,0
2026-01-17 12:30:00,Z011,36.0,49.0,44.5,93,LOW,0
2026-01-17 13:00:00,Z011,49.0,51.0,52.9,93,LOW,1
2026-01-17 13:30:00,Z011,51.0,53.0,55.1,93,LOW,0
2026-01-17 14:00:00,Z011,53.0,46.0,45.6,93,LOW,0
2026-01-17 14:30:00,Z011,46.0,35.0,36.2,93,LOW,0
2026-01-17 15:00:00,Z011,35.0,25.0,26.6,93,LOW,0
2026-01-17 15:30:00,Z011,25.0,19.0,19.7,93,LOW,0
2026-01-17 16:00:00,Z011,19.0,15.0,16.8,93,LOW,0
2026-01-17 16:30:00,Z011,15.0,12.0,14.0,93,LOW,0
2026-01-17 17:00:00,Z011,12.0,31.0,27.5,93,LOW,0
2026-01-17 17:30:00,Z011,31.0,38.0,41.3,93,LOW,0
2026-01-17 18:00:00,Z011,38.0,51.0,50.6,93,LOW,0
2026-01-17 18:30:00,Z011,51.0,69.0,62.4,93,MEDIUM,0
2026-01-17 19:00:00,Z011,69.0,75.0,70.3,93,MEDIUM,0
2026-01-17 19:30:00,Z011,75.0,72.0,73.7,93,MEDIUM,1
2026-01-17 20:00:00,Z011,72.0,52.0,56.4,93,MEDIUM,0
2026-01-17 20:30:00,Z011,52.0,36.0,37.7,93,LOW,0
2026-01-17 21:00:00,Z011,36.0,22.0,27.1,93,LOW,1
2026-01-17 21:30:00,Z011,22.0,23.0,21.1,93,LOW,0
2026-01-17 22:00:00,Z011,23.0,19.0,20.2,93,LOW,0
2026-01-17 22:30:00,Z011,19.0,16.0,15.9,93,LOW,0
2026-01-17 23:00:00,Z011,16.0,13.0,14.6,93,LOW,0
2026-01-17 23:30:00,Z011,13.0,13.0,13.0,93,LOW,0
2026-01-18 00:00:00,Z011,13.0,11.0,10.1,93,LOW,0
2026-01-18 00:30:00,Z011,11.0,10.0,8.6,93,LOW,0
2026-01-18 01:00:00,Z011,10.0,4.0,6.9,93,LOW,1
2026-01-18 01:30:00,Z011,4.0,3.0,3.1,93,LOW,0
2026-01-18 02:00:00,Z011,3.0,1.0,1.6,93,LOW,0
2026-01-18 02:30:00,Z011,1.0,1.0,0.9,93,LOW,0
2026-01-18 03:00:00,Z011,1.0,0.0,0.5,93,LOW,0
2026-01-18 03:30:00,Z011,0.0,1.0,0.7,93,LOW,0
2026-01-18 04:00:00,Z011,1.0,1.0,0.9,93,LOW,0
2026-01-18 04:30:00,Z011,1.0,0.0,0.9,93,LOW,1
2026-01-18 05:00:00,Z011,0.0,5.0,4.4,93,LOW,0
2026-01-18 05:30:00,Z011,5.0,8.0,8.0,93,LOW,0
2026-01-18 06:00:00,Z011,8.0,11.0,11.0,93,LOW,0
2026-01-18 06:30:00,Z011,11.0,15.0,12.3,93,LOW,1
2026-01-18 07:00:00,Z011,15.0,14.0,14.2,93,LOW,0
2026-01-18 07:30:00,Z011,14.0,15.0,14.3,93,LOW,1
2026-01-18 08:00:00,Z011,15.0,29.0,26.4,93,LOW,1
2026-01-18 08:30:00,Z011,29.0,36.0,36.5,93,LOW,1
2026-01-18 09:00:00,Z011,36.0,46.0,44.0,93,LOW,0
2026-01-18 09:30:00,Z011,46.0,53.0,51.7,93,LOW,0
2026-01-18 10:00:00,Z011,53.0,51.0,53.5,93,LOW,0
2026-01-18 10:30:00,Z011,51.0,60.0,55.7,93,LOW,0
2026-01-18 11:00:00,Z011,60.0,42.0,46.8,93,LOW,0
2026-01-18 11:30:00,Z011,42.0,42.0,38.3,93,LOW,0
2026-01-18 12:00:00,Z011,42.0,40.0,43.7,93,LOW,0
2026-01-18 12:30:00,Z011,40.0,42.0,43.5,93,LOW,0
2026-01-18 13:00:00,Z011,42.0,43.0,45.1,93,LOW,0
2026-01-18 13:30:00,Z011,43.0,50.0,47.4,93,LOW,0
2026-01-18 14:00:00,Z011,50.0,43.0,43.1,93,LOW,0
2026-01-18 14:30:00,Z011,43.0,29.0,30.3,93,LOW,0
2026-01-18 15:00:00,Z011,29.0,20.0,21.9,93,LOW,0
2026-01-18 15:30:00,Z011,20.0,17.0,17.2,93,LOW,0
2026-01-18 16:00:00,Z011,17.0,16.0,16.5,93,LOW,0
2026-01-18 16:30:00,Z011,16.0,16.0,16.0,93,LOW,0
2026-01-18 17:00:00,Z011,16.0,24.0,25.8,93,LOW,0
2026-01-18 17:30:00,Z011,24.0,38.0,37.6,93,LOW,0
2026-01-18 18:00:00,Z011,38.0,55.0,52.3,93,LOW,0
2026-01-18 18:30:00,Z011,55.0,61.0,61.0,93,MEDIUM,0
2026-01-18 19:00:00,Z011,61.0,65.0,61.9,93,MEDIUM,1
2026-01-18 19:30:00,Z011,65.0,69.0,65.8,93,MEDIUM,1
2026-01-18 20:00:00,Z011,69.0,62.0,56.5,93,MEDIUM,1
2026-01-18 20:30:00,Z011,62.0,42.0,45.1,93,LOW,0
2026-01-18 21:00:00,Z011,42.0,29.0,30.7,93,LOW,0
2026-01-18 21:30:00,Z011,29.0,24.0,23.3,93,LOW,0
2026-01-18 22:00:00,Z011,24.0,14.0,17.7,93,LOW,0
2026-01-18 22:30:00,Z011,14.0,10.0,12.6,93,LOW,0
2026-01-18 23:00:00,Z011,10.0,10.0,10.7,93,LOW,0
2026-01-18 23:30:00,Z011,10.0,12.0,10.7,93,LOW,0
2026-01-19 00:00:00,Z011,12.0,13.0,8.9,93,LOW,1
2026-01-19 00:30:00,Z011,13.0,8.0,9.6,93,LOW,1
2026-01-19 01:00:00,Z011,8.0,6.0,5.8,93,LOW,0
2026-01-19 01:30:00,Z011,6.0,3.0,3.8,93,LOW,0
2026-01-19 02:00:00,Z011,3.0,2.0,2.3,93,LOW,0
2026-01-19 02:30:00,Z011,2.0,1.0,1.4,93,LOW,0
2026-01-19 03:00:00,Z011,1.0,2.0,1.4,93,LOW,0
2026-01-19 03:30:00,Z011,2.0,3.0,2.1,93,LOW,0
2026-01-19 04:00:00,Z011,3.0,3.0,2.7,93,LOW,0
2026-01-19 04:30:00,Z011,3.0,3.0,2.7,93,LOW,0
2026-01-19 05:00:00,Z011,3.0,12.0,9.1,93,LOW,0
2026-01-19 05:30:00,Z011,12.0,11.0,14.7,93,LOW,1
2026-01-19 06:00:00,Z011,11.0,15.0,11.6,93,LOW,1
2026-01-19 06:30:00,Z011,15.0,17.0,15.6,93,LOW,0
2026-01-19 07:00:00,Z011,17.0,16.0,15.1,93,LOW,0
2026-01-19 07:30:00,Z011,16.0,13.0,14.5,93,LOW,0
2026-01-19 08:00:00,Z011,13.0,28.0,25.8,93,LOW,0
2026-01-19 08:30:00,Z011,28.0,39.0,36.6,93,LOW,0
2026-01-19 09:00:00,Z011,39.0,40.0,43.7,93,LOW,1
2026-01-19 09:30:00,Z011,40.0,45.0,44.7,93,LOW,0
2026-01-19 10:00:00,Z011,45.0,53.0,52.8,93,LOW,0
2026-01-19 10:30:00,Z011,53.0,55.0,54.4,93,LOW,0
2026-01-19 11:00:00,Z011,55.0,45.0,44.6,93,LOW,0
2026-01-19 11:30:00,Z011,45.0,34.0,36.2,93,LOW,0
2026-01-19 12:00:00,Z011,34.0,38.0,43.1,93,LOW,1
2026-01-19 12:30:00,Z011,38.0,44.0,45.2,93,LOW,0
2026-01-19 13:00:00,Z011,44.0,53.0,46.5,93,LOW,1
2026-01-19 13:30:00,Z011,53.0,59.0,56.5,93,MEDIUM,0
2026-01-19 14:00:00,Z011,59.0,46.0,44.7,93,LOW,0
2026-01-19 14:30:00,Z011,46.0,35.0,35.4,93,LOW,0
2026-01-19 15:00:00,Z011,35.0,33.0,29.4,93,LOW,0
2026-01-19 15:30:00,Z011,33.0,26.0,27.3,93,LOW,0
2026-01-19 16:00:00,Z011,26.0,24.0,22.8,93,LOW,0
2026-01-19 16:30:00,Z011,24.0,24.0,23.7,93,LOW,0
2026-01-19 17:00:00,Z011,24.0,37.0,37.2,93,LOW,1
2026-01-19 17:30:00,Z011,37.0,48.0,47.5,93,LOW,0
2026-01-19 18:00:00,Z011,48.0,62.0,60.4,93,MEDIUM,0
2026-01-19 18:30:00,Z011,62.0,67.0,64.7,93,MEDIUM,0
2026-01-19 19:00:00,Z011,67.0,75.0,70.1,93,MEDIUM,0
2026-01-19 19:30:00,Z011,75.0,71.0,73.8,93,MEDIUM,0
2026-01-19 20:00:00,Z011,71.0,54.0,56.2,93,MEDIUM,0
2026-01-19 20:30:00,Z011,54.0,44.0,44.7,93,LOW,0
2026-01-19 21:00:00,Z011,44.0,41.0,36.8,93,LOW,0
2026-01-19 21:30:00,Z011,41.0,30.0,30.3,93,LOW,1
2026-01-19 22:00:00,Z011,30.0,27.0,23.5,93,LOW,1
2026-01-19 22:30:00,Z011,27.0,28.0,24.0,93,LOW,0
2026-01-19 23:00:00,Z011,28.0,20.0,22.3,93,LOW,0
2026-01-19 23:30:00,Z011,20.0,20.0,18.8,93,LOW,0
2026-01-20 00:00:00,Z011,20.0,15.0,13.9,93,LOW,0
2026-01-20 00:30:00,Z011,15.0,10.0,10.6,93,LOW,0
2026-01-20 01:00:00,Z011,10.0,6.0,6.5,93,LOW,0
2026-01-20 01:30:00,Z011,6.0,3.0,3.8,93,LOW,0
2026-01-20 02:00:00,Z011,3.0,3.0,2.4,93,LOW,0
2026-01-20 02:30:00,Z011,3.0,2.0,2.4,93,LOW,0
2026-01-20 03:00:00,Z011,2.0,2.0,1.9,93,LOW,0
2026-01-20 03:30:00,Z011,2.0,2.0,1.9,93,LOW,0
2026-01-20 04:00:00,Z011,2.0,3.0,2.6,93,LOW,0
2026-01-20 04:30:00,Z011,3.0,3.0,2.7,93,LOW,0
2026-01-20 05:00:00,Z011,3.0,6.0,7.4,93,LOW,0
2026-01-20 05:30:00,Z011,6.0,7.0,8.9,93,LOW,0
2026-01-20 06:00:00,Z011,7.0,12.0,11.0,93,LOW,0
2026-01-20 06:30:00,Z011,12.0,15.0,13.2,93,LOW,1
2026-01-20 07:00:00,Z011,15.0,10.0,13.7,93,LOW,0
2026-01-20 07:30:00,Z011,10.0,11.0,11.4,93,LOW,0
2026-01-20 08:00:00,Z011,11.0,22.0,19.8,93,LOW,0
2026-01-20 08:30:00,Z011,22.0,37.0,29.6,93,LOW,1
2026-01-20 09:00:00,Z011,37.0,48.0,44.8,93,LOW,0
2026-01-20 09:30:00,Z011,48.0,43.0,46.9,93,LOW,0
2026-01-20 10:00:00,Z011,43.0,53.0,50.0,93,LOW,0
2026-01-20 10:30:00,Z011,53.0,54.0,53.9,93,LOW,0
2026-01-20 11:00:00,Z011,54.0,46.0,43.5,93,LOW,0
2026-01-20 11:30:00,Z011,46.0,41.0,40.3,93,LOW,0
2026-01-20 12:00:00,Z011,41.0,55.0,50.5,93,LOW,0
2026-01-20 12:30:00,Z011,55.0,49.0,53.4,93,LOW,0
2026-01-20 13:00:00,Z011,49.0,46.0,49.3,93,LOW,0
2026-01-20 13:30:00,Z011,46.0,46.0,47.3,93,LOW,0
2026-01-20 14:00:00,Z011,46.0,38.0,36.1,93,LOW,0
2026-01-20 14:30:00,Z011,38.0,28.0,32.3,93,LOW,1
2026-01-20 15:00:00,Z011,28.0,17.0,21.0,93,LOW,0
2026-01-20 15:30:00,Z011,17.0,17.0,15.4,93,LOW,1
2026-01-20 16:00:00,Z011,17.0,19.0,16.3,93,LOW,0
2026-01-20 16:30:00,Z011,19.0,19.0,18.2,93,LOW,0
2026-01-20 17:00:00,Z011,19.0,33.0,31.3,93,LOW,0
2026-01-20 17:30:00,Z011,33.0,41.0,43.4,93,LOW,0
2026-01-20 18:00:00,Z011,41.0,56.0,53.4,93,LOW,0
2026-01-20 18:30:00,Z011,56.0,67.0,63.8,93,MEDIUM,0
2026-01-20 19:00:00,Z011,67.0,65.0,67.8,93,MEDIUM,0
2026-01-20 19:30:00,Z011,65.0,70.0,68.5,93,MEDIUM,0
2026-01-20 20:00:00,Z011,70.0,61.0,58.6,93,MEDIUM,0
2026-01-20 20:30:00,Z011,61.0,46.0,46.5,93,LOW,0
2026-01-20 21:00:00,Z011,46.0,33.0,34.8,93,LOW,0
2026-01-20 21:30:00,Z011,33.0,27.0,26.0,93,LOW,0
2026-01-20 22:00:00,Z011,27.0,23.0,23.0,93,LOW,1
2026-01-20 22:30:00,Z011,23.0,17.0,18.5,93,LOW,0
2026-01-20 23:00:00,Z011,17.0,18.0,16.4,93,LOW,0
2026-01-20 23:30:00,Z011,18.0,16.0,16.3,93,LOW,0
2026-01-21 00:00:00,Z011,16.0,12.0,10.9,93,LOW,0
2026-01-21 00:30:00,Z011,12.0,8.0,8.7,93,LOW,1
2026-01-21 01:00:00,Z011,8.0,4.0,5.9,93,LOW,1
2026-01-21 01:30:00,Z011,4.0,4.0,3.3,93,LOW,0
2026-01-21 02:00:00,Z011,4.0,4.0,2.8,93,LOW,0
2026-01-21 02:30:00,Z011,4.0,1.0,2.8,93,LOW,0
2026-01-21 03:00:00,Z011,1.0,2.0,1.5,93,LOW,0
2026-01-21 03:30:00,Z011,2.0,1.0,1.5,93,LOW,0
2026-01-21 04:00:00,Z011,1.0,0.0,1.5,93,LOW,1
2026-01-21 04:30:00,Z011,0.0,0.0,0.6,93,LOW,0
2026-01-21 05:00:00,Z011,0.0,3.0,4.3,93,LOW,1
2026-01-21 05:30:00,Z011,3.0,8.0,7.6,93,LOW,0
2026-01-21 06:00:00,Z011,8.0,11.0,11.5,93,LOW,0
2026-01-21 06:30:00,Z011,11.0,11.0,10.6,93,LOW,0
2026-01-21 07:00:00,Z011,11.0,8.0,10.2,93,LOW,0
2026-01-21 07:30:00,Z011,8.0,12.0,11.9,93,LOW,0
2026-01-21 08:00:00,Z011,12.0,22.0,23.5,93,LOW,0
2026-01-21 08:30:00,Z011,22.0,36.0,32.8,93,LOW,0
2026-01-21 09:00:00,Z011,36.0,42.0,42.4,93,LOW,0
2026-01-21 09:30:00,Z011,42.0,49.0,48.1,93,LOW,0
2026-01-21 10:00:00,Z011,49.0,52.0,52.2,93,LOW,1
2026-01-21 10:30:00,Z011,52.0,54.0,54.2,93,LOW,1
2026-01-21 11:00:00,Z011,54.0,40.0,42.2,93,LOW,0
2026-01-21 11:30:00,Z011,40.0,32.0,31.9,93,LOW,0
2026-01-21 12:00:00,Z011,32.0,43.0,39.1,93,LOW,0
2026-01-21 12:30:00,Z011,43.0,50.0,47.1,93,LOW,1
2026-01-21 13:00:00,Z011,50.0,59.0,56.1,93,MEDIUM,0
2026-01-21 13:30:00,Z011,59.0,58.0,56.8,93,MEDIUM,0
2026-01-21 14:00:00,Z011,58.0,56.0,44.8,93,LOW,1
2026-01-21 14:30:00,Z011,56.0,40.0,42.4,93,LOW,0
2026-01-21 15:00:00,Z011,40.0,36.0,34.2,93,LOW,0
2026-01-21 15:30:00,Z011,36.0,22.0,24.9,93,LOW,0
2026-01-21 16:00:00,Z011,22.0,19.0,19.2,93,LOW,1
2026-01-21 16:30:00,Z011,19.0,23.0,19.0,93,LOW,1
2026-01-21 17:00:00,Z011,23.0,31.0,34.0,93,LOW,0
2026-01-21 17:30:00,Z011,31.0,36.0,39.4,93,LOW,0
2026-01-21 18:00:00,Z011,36.0,47.0,47.3,93,LOW,0
2026-01-21 18:30:00,Z011,47.0,61.0,53.6,93,LOW,1
2026-01-21 19:00:00,Z011,61.0,60.0,61.4,93,MEDIUM,0
2026-01-21 19:30:00,Z011,60.0,61.0,60.6,93,MEDIUM,0
2026-01-21 20:00:00,Z011,61.0,49.0,47.7,93,LOW,0
2026-01-21 20:30:00,Z011,49.0,36.0,37.4,93,LOW,1
2026-01-21 21:00:00,Z011,36.0,25.0,26.3,93,LOW,0
2026-01-21 21:30:00,Z011,25.0,27.0,23.7,93,LOW,0
2026-01-21 22:00:00,Z011,27.0,21.0,22.3,93,LOW,0
2026-01-21 22:30:00,Z011,21.0,16.0,17.0,93,LOW,0
2026-01-21 23:00:00,Z011,16.0,18.0,16.4,93,LOW,0
2026-01-14 23:00:00,Z012,34.0,35.0,33.3,147,LOW,0
2026-01-14 23:30:00,Z012,35.0,34.0,33.3,147,LOW,0
2026-01-15 00:00:00,Z012,34.0,23.0,21.0,147,LOW,0
2026-01-15 00:30:00,Z012,23.0,15.0,15.1,147,LOW,0
2026-01-15 01:00:00,Z012,15.0,14.0,11.0,147,LOW,0
2026-01-15 01:30:00,Z012,14.0,6.0,9.6,147,LOW,1
2026-01-15 02:00:00,Z012,6.0,6.0,4.4,147,LOW,1
2026-01-15 02:30:00,Z012,6.0,5.0,4.4,147,LOW,0
2026-01-15 03:00:00,Z012,5.0,4.0,3.9,147,LOW,0
2026-01-15 03:30:00,Z012,4.0,3.0,2.4,147,LOW,1
2026-01-15 04:00:00,Z012,3.0,0.0,1.9,147,LOW,0
2026-01-15 04:30:00,Z012,0.0,1.0,1.1,147,LOW,0
2026-01-15 05:00:00,Z012,1.0,13.0,8.9,147,LOW,1
2026-01-15 05:30:00,Z012,13.0,21.0,19.2,147,LOW,0
2026-01-15 06:00:00,Z012,21.0,24.0,22.9,147,LOW,1
2026-01-15 06:30:00,Z012,24.0,26.0,25.1,147,LOW,0
2026-01-15 07:00:00,Z012,26.0,21.0,23.1,147,LOW,0
2026-01-15 07:30:00,Z012,21.0,20.0,20.9,147,LOW,0
2026-01-15 08:00:00,Z012,20.0,38.0,41.2,147,LOW,1
2026-01-15 08:30:00,Z012,38.0,57.0,48.5,147,LOW,1
2026-01-15 09:00:00,Z012,57.0,76.0,72.8,147,LOW,0
2026-01-15 09:30:00,Z012,76.0,72.0,76.8,147,LOW,1
2026-01-15 10:00:00,Z012,72.0,75.0,74.3,147,LOW,0
2026-01-15 10:30:00,Z012,75.0,61.0,69.5,147,LOW,0
2026-01-15 11:00:00,Z012,61.0,45.0,47.1,147,LOW,0
2026-01-15 11:30:00,Z012,45.0,42.0,39.0,147,LOW,0
2026-01-15 12:00:00,Z012,42.0,55.0,55.5,147,LOW,0
2026-01-15 12:30:00,Z012,55.0,67.0,69.8,147,LOW,0
2026-01-15 13:00:00,Z012,67.0,75.0,76.4,147,LOW,0
2026-01-15 13:30:00,Z012,75.0,73.0,77.3,147,LOW,0
2026-01-15 14:00:00,Z012,73.0,64.0,59.0,147,LOW,0
2026-01-15 14:30:00,Z012,64.0,53.0,47.9,147,LOW,0
2026-01-15 15:00:00,Z012,53.0,39.0,40.2,147,LOW,0
2026-01-15 15:30:00,Z012,39.0,31.0,31.1,147,LOW,0
2026-01-15 16:00:00,Z012,31.0,33.0,28.8,147,LOW,0
2026-01-15 16:30:00,Z012,33.0,30.0,29.9,147,LOW,0
2026-01-15 17:00:00,Z012,30.0,49.0,53.9,147,LOW,1
2026-01-15 17:30:00,Z012,49.0,74.0,72.2,147,LOW,0
2026-01-15 18:00:00,Z012,74.0,85.0,89.9,147,MEDIUM,1
2026-01-15 18:30:00,Z012,85.0,94.0,90.3,147,MEDIUM,0
2026-01-15 19:00:00,Z012,94.0,86.0,93.2,147,MEDIUM,0
2026-01-15 19:30:00,Z012,86.0,85.0,86.4,147,LOW,0
2026-01-15 20:00:00,Z012,85.0,61.0,61.7,147,LOW,0
2026-01-15 20:30:00,Z012,61.0,50.0,46.7,147,LOW,0
2026-01-15 21:00:00,Z012,50.0,31.0,34.2,147,LOW,0
2026-01-15 21:30:00,Z012,31.0,23.0,27.3,147,LOW,1
2026-01-15 22:00:00,Z012,23.0,22.0,24.0,147,LOW,1
2026-01-15 22:30:00,Z012,22.0,21.0,23.2,147,LOW,0
2026-01-15 23:00:00,Z012,21.0,24.0,22.5,147,LOW,0
2026-01-15 23:30:00,Z012,24.0,24.0,24.0,147,LOW,0
2026-01-16 00:00:00,Z012,24.0,18.0,17.6,147,LOW,0
2026-01-16 00:30:00,Z012,18.0,9.0,9.8,147,LOW,0
2026-01-16 01:00:00,Z012,9.0,8.0,5.5,147,LOW,1
2026-01-16 01:30:00,Z012,8.0,6.0,5.6,147,LOW,0
2026-01-16 02:00:00,Z012,6.0,4.0,4.4,147,LOW,0
2026-01-16 02:30:00,Z012,4.0,1.0,2.0,147,LOW,0
2026-01-16 03:00:00,Z012,1.0,1.0,1.1,147,LOW,0
2026-01-16 03:30:00,Z012,1.0,2.0,1.1,147,LOW,1
2026-01-16 04:00:00,Z012,2.0,3.0,2.4,147,LOW,1
2026-01-16 04:30:00,Z012,3.0,3.0,2.5,147,LOW,1
2026-01-16 05:00:00,Z012,3.0,13.0,10.6,147,LOW,1
2026-01-16 05:30:00,Z012,13.0,17.0,17.5,147,LOW,0
2026-01-16 06:00:00,Z012,17.0,18.0,20.4,147,LOW,1
2026-01-16 06:30:00,Z012,18.0,16.0,18.1,147,LOW,0
2026-01-16 07:00:00,Z012,16.0,22.0,19.5,147,LOW,1
2026-01-16 07:30:00,Z012,22.0,24.0,23.9,147,LOW,0
2026-01-16 08:00:00,Z012,24.0,37.0,39.8,147,LOW,1
2026-01-16 08:30:00,Z012,37.0,45.0,46.2,147,LOW,0
2026-01-16 09:00:00,Z012,45.0,62.0,59.4,147,LOW,0
2026-01-16 09:30:00,Z012,62.0,52.0,59.0,147,LOW,0
2026-01-16 10:00:00,Z012,52.0,60.0,57.6,147,LOW,1
2026-01-16 10:30:00,Z012,60.0,61.0,60.6,147,LOW,0
2026-01-16 11:00:00,Z012,61.0,55.0,51.7,147,LOW,0
2026-01-16 11:30:00,Z012,55.0,45.0,44.1,147,LOW,0
2026-01-16 12:00:00,Z012,45.0,52.0,54.0,147,LOW,0
2026-01-16 12:30:00,Z012,52.0,70.0,68.4,147,LOW,0
2026-01-16 13:00:00,Z012,70.0,82.0,80.8,147,LOW,0
2026-01-16 13:30:00,Z012,82.0,84.0,86.5,147,LOW,0
2026-01-16 14:00:00,Z012,84.0,64.0,63.2,147,LOW,0
2026-01-16 14:30:00,Z012,64.0,47.0,46.1,147,LOW,0
2026-01-16 15:00:00,Z012,47.0,37.0,37.1,147,LOW,0
2026-01-16 15:30:00,Z012,37.0,28.0,29.7,147,LOW,0
2026-01-16 16:00:00,Z012,28.0,22.0,25.0,147,LOW,0
2026-01-16 16:30:00,Z012,22.0,20.0,21.8,147,LOW,1
2026-01-16 17:00:00,Z012,20.0,50.0,48.9,147,LOW,0
2026-01-16 17:30:00,Z012,50.0,71.0,70.1,147,LOW,1
2026-01-16 18:00:00,Z012,71.0,90.0,92.2,147,MEDIUM,0
2026-01-16 18:30:00,Z012,90.0,97.0,95.1,147,MEDIUM,0
2026-01-16 19:00:00,Z012,97.0,84.0,90.5,147,MEDIUM,0
2026-01-16 19:30:00,Z012,84.0,91.0,85.9,147,LOW,1
2026-01-16 20:00:00,Z012,91.0,65.0,65.6,147,LOW,0
2026-01-16 20:30:00,Z012,65.0,47.0,47.4,147,LOW,0
2026-01-16 21:00:00,Z012,47.0,29.0,33.7,147,LOW,1
2026-01-16 21:30:00,Z012,29.0,21.0,26.5,147,LOW,1
2026-01-16 22:00:00,Z012,21.0,21.0,24.1,147,LOW,1
2026-01-16 22:30:00,Z012,21.0,26.0,24.1,147,LOW,0
2026-01-16 23:00:00,Z012,26.0,32.0,28.7,147,LOW,0
2026-01-16 23:30:00,Z012,32.0,27.0,29.3,147,LOW,0
2026-01-17 00:00:00,Z012,27.0,18.0,18.1,147,LOW,0
2026-01-17 00:30:00,Z012,18.0,10.0,10.8,147,LOW,1
2026-01-17 01:00:00,Z012,10.0,9.0,8.2,147,LOW,0
2026-01-17 01:30:00,Z012,9.0,4.0,4.8,147,LOW,0
2026-01-17 02:00:00,Z012,4.0,2.0,2.2,147,LOW,0
2026-01-17 02:30:00,Z012,2.0,0.0,1.6,147,LOW,0
2026-01-17 03:00:00,Z012,0.0,2.0,1.5,147,LOW,0
2026-01-17 03:30:00,Z012,2.0,4.0,2.7,147,LOW,0
2026-01-17 04:00:00,Z012,4.0,3.0,3.0,147,LOW,0
2026-01-17 04:30:00,Z012,3.0,3.0,2.9,147,LOW,0
2026-01-17 05:00:00,Z012,3.0,13.0,12.1,147,LOW,0
2026-01-17 05:30:00,Z012,13.0,17.0,17.0,147,LOW,0
2026-01-17 06:00:00,Z012,17.0,21.0,21.9,147,LOW,0
2026-01-17 06:30:00,Z012,21.0,28.0,24.6,147,LOW,1
2026-01-17 07:00:00,Z012,28.0,26.0,28.2,147,LOW,0
2026-01-17 07:30:00,Z012,26.0,26.0,25.9,147,LOW,0
2026-01-17 08:00:00,Z012,26.0,45.0,43.6,147,LOW,0
2026-01-17 08:30:00,Z012,45.0,50.0,65.0,147,LOW,1
2026-01-17 09:00:00,Z012,50.0,53.0,55.3,147,LOW,0
2026-01-17 09:30:00,Z012,53.0,56.0,59.4,147,LOW,0
2026-01-17 10:00:00,Z012,56.0,71.0,67.3,147,LOW,0
2026-01-17 10:30:00,Z012,71.0,78.0,75.9,147,LOW,0
2026-01-17 11:00:00,Z012,78.0,65.0,64.0,147,LOW,0
2026-01-17 11:30:00,Z012,65.0,52.0,50.2,147,LOW,0
2026-01-17 12:00:00,Z012,52.0,64.0,66.8,147,LOW,0
2026-01-17 12:30:00,Z012,64.0,64.0,70.1,147,LOW,0
2026-01-17 13:00:00,Z012,64.0,69.0,69.5,147,LOW,0
2026-01-17 13:30:00,Z012,69.0,67.0,72.9,147,LOW,1
2026-01-17 14:00:00,Z012,67.0,57.0,54.5,147,LOW,0
2026-01-17 14:30:00,Z012,57.0,46.0,44.1,147,LOW,0
2026-01-17 15:00:00,Z012,46.0,30.0,34.2,147,LOW,0
2026-01-17 15:30:00,Z012,30.0,23.0,25.6,147,LOW,0
2026-01-17 16:00:00,Z012,23.0,22.0,22.4,147,LOW,1
2026-01-17 16:30:00,Z012,22.0,27.0,23.6,147,LOW,0
2026-01-17 17:00:00,Z012,27.0,47.0,49.6,147,LOW,0
2026-01-17 17:30:00,Z012,47.0,67.0,61.6,147,LOW,1
2026-01-17 18:00:00,Z012,67.0,86.0,82.5,147,LOW,0
2026-01-17 18:30:00,Z012,86.0,93.0,91.9,147,MEDIUM,0
2026-01-17 19:00:00,Z012,93.0,91.0,92.6,147,MEDIUM,0
2026-01-17 19:30:00,Z012,91.0,101.0,95.5,147,MEDIUM,0
2026-01-17 20:00:00,Z012,101.0,88.0,75.2,147,LOW,1
2026-01-17 20:30:00,Z012,88.0,62.0,63.5,147,LOW,0
2026-01-17 21:00:00,Z012,62.0,43.0,43.8,147,LOW,0
2026-01-17 21:30:00,Z012,43.0,32.0,33.2,147,LOW,0
2026-01-17 22:00:00,Z012,32.0,33.0,29.3,147,LOW,0
2026-01-17 22:30:00,Z012,33.0,27.0,28.8,147,LOW,0
2026-01-17 23:00:00,Z012,27.0,23.0,24.2,147,LOW,0
2026-01-17 23:30:00,Z012,23.0,23.0,24.4,147,LOW,1
2026-01-18 00:00:00,Z012,23.0,17.0,14.5,147,LOW,1
2026-01-18 00:30:00,Z012,17.0,9.0,10.3,147,LOW,0
2026-01-18 01:00:00,Z012,9.0,5.0,5.2,147,LOW,1
2026-01-18 01:30:00,Z012,5.0,2.0,2.9,147,LOW,1
2026-01-18 02:00:00,Z012,2.0,2.0,1.6,147,LOW,0
2026-01-18 02:30:00,Z012,2.0,1.0,1.6,147,LOW,0
2026-01-18 03:00:00,Z012,1.0,2.0,0.9,147,LOW,1
2026-01-18 03:30:00,Z012,2.0,3.0,2.3,147,LOW,0
2026-01-18 04:00:00,Z012,3.0,6.0,3.8,147,LOW,0
2026-01-18 04:30:00,Z012,6.0,6.0,5.0,147,LOW,0
2026-01-18 05:00:00,Z012,6.0,6.0,13.7,147,LOW,1
2026-01-18 05:30:00,Z012,6.0,14.0,13.7,147,LOW,0
2026-01-18 06:00:00,Z012,14.0,19.0,18.6,147,LOW,0
2026-01-18 06:30:00,Z012,19.0,22.0,21.4,147,LOW,0
2026-01-18 07:00:00,Z012,22.0,23.0,24.7,147,LOW,0
2026-01-18 07:30:00,Z012,23.0,27.0,25.4,147,LOW,0
2026-01-18 08:00:00,Z012,27.0,45.0,44.3,147,LOW,0
2026-01-18 08:30:00,Z012,45.0,66.0,65.0,147,LOW,0
2026-01-18 09:00:00,Z012,66.0,71.0,71.1,147,LOW,1
2026-01-18 09:30:00,Z012,71.0,78.0,72.3,147,LOW,1
2026-01-18 10:00:00,Z012,78.0,70.0,76.3,147,LOW,0
2026-01-18 10:30:00,Z012,70.0,67.0,71.5,147,LOW,1
2026-01-18 11:00:00,Z012,67.0,54.0,54.0,147,LOW,0
2026-01-18 11:30:00,Z012,54.0,35.0,40.0,147,LOW,0
2026-01-18 12:00:00,Z012,35.0,53.0,53.9,147,LOW,0
2026-01-18 12:30:00,Z012,53.0,69.0,68.6,147,LOW,0
2026-01-18 13:00:00,Z012,69.0,72.0,74.5,147,LOW,0
2026-01-18 13:30:00,Z012,72.0,70.0,80.9,147,LOW,1
2026-01-18 14:00:00,Z012,70.0,56.0,49.1,147,LOW,1
2026-01-18 14:30:00,Z012,56.0,46.0,44.0,147,LOW,0
2026-01-18 15:00:00,Z012,46.0,39.0,37.2,147,LOW,0
2026-01-18 15:30:00,Z012,39.0,29.0,31.9,147,LOW,0
2026-01-18 16:00:00,Z012,29.0,23.0,26.6,147,LOW,0
2026-01-18 16:30:00,Z012,23.0,24.0,22.0,147,LOW,0
2026-01-18 17:00:00,Z012,24.0,40.0,48.5,147,LOW,0
2026-01-18 17:30:00,Z012,40.0,57.0,56.7,147,LOW,0
2026-01-18 18:00:00,Z012,57.0,76.0,71.9,147,LOW,0
2026-01-18 18:30:00,Z012,76.0,89.0,89.7,147,MEDIUM,1
2026-01-18 19:00:00,Z012,89.0,94.0,96.3,147,MEDIUM,0
2026-01-18 19:30:00,Z012,94.0,105.0,100.7,147,MEDIUM,0
2026-01-18 20:00:00,Z012,105.0,78.0,76.8,147,LOW,1
2026-01-18 20:30:00,Z012,78.0,60.0,55.2,147,LOW,1
2026-01-18 21:00:00,Z012,60.0,39.0,42.0,147,LOW,0
2026-01-18 21:30:00,Z012,39.0,27.0,28.5,147,LOW,0
2026-01-18 22:00:00,Z012,27.0,20.0,23.3,147,LOW,0
2026-01-18 22:30:00,Z012,20.0,26.0,24.4,147,LOW,0
2026-01-18 23:00:00,Z012,26.0,27.0,26.1,147,LOW,0
2026-01-18 23:30:00,Z012,27.0,27.0,25.3,147,LOW,0
2026-01-19 00:00:00,Z012,27.0,20.0,19.9,147,LOW,1
2026-01-19 00:30:00,Z012,20.0,14.0,12.9,147,LOW,1
2026-01-19 01:00:00,Z012,14.0,8.0,9.1,147,LOW,0
2026-01-19 01:30:00,Z012,8.0,6.0,5.6,147,LOW,0
2026-01-19 02:00:00,Z012,6.0,5.0,4.4,147,LOW,0
2026-01-19 02:30:00,Z012,5.0,2.0,2.6,147,LOW,0
2026-01-19 03:00:00,Z012,2.0,1.0,1.4,147,LOW,0
2026-01-19 03:30:00,Z012,1.0,1.0,0.9,147,LOW,0
2026-01-19 04:00:00,Z012,1.0,1.0,0.7,147,LOW,0
2026-01-19 04:30:00,Z012,1.0,0.0,0.7,147,LOW,0
2026-01-19 05:00:00,Z012,0.0,8.0,8.6,147,LOW,0
2026-01-19 05:30:00,Z012,8.0,19.0,14.6,147,LOW,1
2026-01-19 06:00:00,Z012,19.0,23.0,21.6,147,LOW,0
2026-01-19 06:30:00,Z012,23.0,24.0,24.7,147,LOW,0
2026-01-19 07:00:00,Z012,24.0,25.0,24.6,147,LOW,0
2026-01-19 07:30:00,Z012,25.0,26.0,24.7,147,LOW,0
2026-01-19 08:00:00,Z012,26.0,37.0,38.9,147,LOW,0
2026-01-19 08:30:00,Z012,37.0,50.0,48.2,147,LOW,0
2026-01-19 09:00:00,Z012,50.0,56.0,56.9,147,LOW,0
2026-01-19 09:30:00,Z012,56.0,56.0,68.6,147,LOW,1
2026-01-19 10:00:00,Z012,56.0,67.0,67.1,147,LOW,0
2026-01-19 10:30:00,Z012,67.0,72.0,71.5,147,LOW,0
2026-01-19 11:00:00,Z012,72.0,67.0,54.6,147,LOW,1
2026-01-19 11:30:00,Z012,67.0,56.0,54.2,147,LOW,0
2026-01-19 12:00:00,Z012,56.0,73.0,66.9,147,LOW,1
2026-01-19 12:30:00,Z012,73.0,98.0,89.5,147,MEDIUM,0
2026-01-19 13:00:00,Z012,98.0,96.0,93.1,147,MEDIUM,1
2026-01-19 13:30:00,Z012,96.0,92.0,92.4,147,MEDIUM,0
2026-01-19 14:00:00,Z012,92.0,67.0,66.1,147,LOW,0
2026-01-19 14:30:00,Z012,67.0,38.0,46.5,147,LOW,0
2026-01-19 15:00:00,Z012,38.0,21.0,26.6,147,LOW,0
2026-01-19 15:30:00,Z012,21.0,20.0,20.7,147,LOW,0
2026-01-19 16:00:00,Z012,20.0,20.0,22.3,147,LOW,1
2026-01-19 16:30:00,Z012,20.0,25.0,22.3,147,LOW,0
2026-01-19 17:00:00,Z012,25.0,59.0,55.9,147,LOW,0
2026-01-19 17:30:00,Z012,59.0,68.0,71.8,147,LOW,0
2026-01-19 18:00:00,Z012,68.0,86.0,81.3,147,LOW,1
2026-01-19 18:30:00,Z012,86.0,83.0,83.6,147,LOW,0
2026-01-19 19:00:00,Z012,83.0,81.0,84.7,147,LOW,0
2026-01-19 19:30:00,Z012,81.0,92.0,89.2,147,MEDIUM,0
2026-01-19 20:00:00,Z012,92.0,66.0,65.2,147,LOW,0
2026-01-19 20:30:00,Z012,66.0,41.0,48.2,147,LOW,1
2026-01-19 21:00:00,Z012,41.0,29.0,31.2,147,LOW,0
2026-01-19 21:30:00,Z012,29.0,26.0,25.6,147,LOW,0
2026-01-19 22:00:00,Z012,26.0,21.0,23.2,147,LOW,0
2026-01-19 22:30:00,Z012,21.0,22.0,20.7,147,LOW,0
2026-01-19 23:00:00,Z012,22.0,21.0,20.6,147,LOW,0
2026-01-19 23:30:00,Z012,21.0,18.0,19.8,147,LOW,0
2026-01-20 00:00:00,Z012,18.0,12.0,11.3,147,LOW,0
2026-01-20 00:30:00,Z012,12.0,7.0,7.5,147,LOW,0
2026-01-20 01:00:00,Z012,7.0,2.0,3.5,147,LOW,0
2026-01-20 01:30:00,Z012,2.0,1.0,1.0,147,LOW,0
2026-01-20 02:00:00,Z012,1.0,3.0,1.8,147,LOW,0
2026-01-20 02:30:00,Z012,3.0,4.0,3.8,147,LOW,0
2026-01-20 03:00:00,Z012,4.0,2.0,1.9,147,LOW,0
2026-01-20 03:30:00,Z012,2.0,0.0,1.0,147,LOW,0
2026-01-20 04:00:00,Z012,0.0,0.0,0.8,147,LOW,0
2026-01-20 04:30:00,Z012,0.0,2.0,0.8,147,LOW,0
2026-01-20 05:00:00,Z012,2.0,8.0,8.7,147,LOW,0
2026-01-20 05:30:00,Z012,8.0,13.0,15.0,147,LOW,1
2026-01-20 06:00:00,Z012,13.0,18.0,17.9,147,LOW,0
2026-01-20 06:30:00,Z012,18.0,20.0,19.7,147,LOW,0
2026-01-20 07:00:00,Z012,20.0,19.0,20.1,147,LOW,0
2026-01-20 07:30:00,Z012,19.0,24.0,22.6,147,LOW,0
2026-01-20 08:00:00,Z012,24.0,42.0,38.4,147,LOW,1
2026-01-20 08:30:00,Z012,42.0,58.0,58.1,147,LOW,0
2026-01-20 09:00:00,Z012,58.0,72.0,64.5,147,LOW,1
2026-01-20 09:30:00,Z012,72.0,71.0,71.4,147,LOW,0
2026-01-20 10:00:00,Z012,71.0,67.0,69.2,147,LOW,0
2026-01-20 10:30:00,Z012,67.0,71.0,70.0,147,LOW,0
2026-01-20 11:00:00,Z012,71.0,52.0,54.2,147,LOW,1
2026-01-20 11:30:00,Z012,52.0,44.0,43.4,147,LOW,0
2026-01-20 12:00:00,Z012,44.0,65.0,61.8,147,LOW,0
2026-01-20 12:30:00,Z012,65.0,81.0,78.7,147,LOW,1
2026-01-20 13:00:00,Z012,81.0,95.0,93.5,147,MEDIUM,0
2026-01-20 13:30:00,Z012,95.0,89.0,93.7,147,MEDIUM,0
2026-01-20 14:00:00,Z012,89.0,63.0,64.0,147,LOW,0
2026-01-20 14:30:00,Z012,63.0,38.0,42.1,147,LOW,0
2026-01-20 15:00:00,Z012,38.0,33.0,31.9,147,LOW,0
2026-01-20 15:30:00,Z012,33.0,31.0,29.6,147,LOW,0
2026-01-20 16:00:00,Z012,31.0,31.0,28.8,147,LOW,0
2026-01-20 16:30:00,Z012,31.0,28.0,28.8,147,LOW,0
2026-01-20 17:00:00,Z012,28.0,53.0,53.4,147,LOW,0
2026-01-20 17:30:00,Z012,53.0,76.0,71.5,147,LOW,0
2026-01-20 18:00:00,Z012,76.0,95.0,91.3,147,MEDIUM,0
2026-01-20 18:30:00,Z012,95.0,106.0,101.5,147,MEDIUM,0
2026-01-20 19:00:00,Z012,106.0,110.0,100.6,147,MEDIUM,1
2026-01-20 19:30:00,Z012,110.0,101.0,102.9,147,MEDIUM,0
2026-01-20 20:00:00,Z012,101.0,80.0,73.8,147,LOW,1
2026-01-20 20:30:00,Z012,80.0,49.0,53.7,147,LOW,0
2026-01-20 21:00:00,Z012,49.0,36.0,35.7,147,LOW,0
2026-01-20 21:30:00,Z012,36.0,36.0,33.0,147,LOW,0
2026-01-20 22:00:00,Z012,36.0,26.0,32.9,147,LOW,1
2026-01-20 22:30:00,Z012,26.0,25.0,25.6,147,LOW,0
2026-01-20 23:00:00,Z012,25.0,31.0,29.5,147,LOW,0
2026-01-20 23:30:00,Z012,31.0,26.0,26.1,147,LOW,0
2026-01-21 00:00:00,Z012,26.0,20.0,19.9,147,LOW,0
2026-01-21 00:30:00,Z012,20.0,11.0,12.0,147,LOW,0
2026-01-21 01:00:00,Z012,11.0,5.0,5.2,147,LOW,0
2026-01-21 01:30:00,Z012,5.0,2.0,1.9,147,LOW,0
2026-01-21 02:00:00,Z012,2.0,1.0,1.6,147,LOW,0
2026-01-21 02:30:00,Z012,1.0,2.0,1.5,147,LOW,1
2026-01-21 03:00:00,Z012,2.0,2.0,1.9,147,LOW,0
2026-01-21 03:30:00,Z012,2.0,2.0,1.9,147,LOW,0
2026-01-21 04:00:00,Z012,2.0,4.0,2.3,147,LOW,0
2026-01-21 04:30:00,Z012,4.0,3.0,3.1,147,LOW,0
2026-01-21 05:00:00,Z012,3.0,6.0,8.5,147,LOW,0
2026-01-21 05:30:00,Z012,6.0,12.0,13.0,147,LOW,0
2026-01-21 06:00:00,Z012,12.0,16.0,16.6,147,LOW,0
2026-01-21 06:30:00,Z012,16.0,18.0,19.3,147,LOW,1
2026-01-21 07:00:00,Z012,18.0,18.0,18.2,147,LOW,0
2026-01-21 07:30:00,Z012,18.0,18.0,18.2,147,LOW,0
2026-01-21 08:00:00,Z012,18.0,35.0,33.9,147,LOW,0
2026-01-21 08:30:00,Z012,35.0,45.0,48.1,147,LOW,1
2026-01-21 09:00:00,Z012,45.0,57.0,58.2,147,LOW,0
2026-01-21 09:30:00,Z012,57.0,76.0,69.9,147,LOW,0
2026-01-21 10:00:00,Z012,76.0,75.0,74.8,147,LOW,0
2026-01-21 10:30:00,Z012,75.0,75.0,70.3,147,LOW,1
2026-01-21 11:00:00,Z012,75.0,48.0,56.3,147,LOW,0
2026-01-21 11:30:00,Z012,48.0,35.0,36.1,147,LOW,0
2026-01-21 12:00:00,Z012,35.0,55.0,54.4,147,LOW,0
2026-01-21 12:30:00,Z012,55.0,73.0,69.9,147,LOW,1
2026-01-21 13:00:00,Z012,73.0,89.0,88.8,147,MEDIUM,0
2026-01-21 13:30:00,Z012,89.0,78.0,84.7,147,LOW,0
2026-01-21 14:00:00,Z012,78.0,56.0,59.2,147,LOW,0
2026-01-21 14:30:00,Z012,56.0,42.0,41.7,147,LOW,0
2026-01-21 15:00:00,Z012,42.0,36.0,34.1,147,LOW,0
2026-01-21 15:30:00,Z012,36.0,31.0,26.5,147,LOW,1
2026-01-21 16:00:00,Z012,31.0,25.0,26.7,147,LOW,0
2026-01-21 16:30:00,Z012,25.0,18.0,23.0,147,LOW,0
2026-01-21 17:00:00,Z012,18.0,36.0,42.0,147,LOW,0
2026-01-21 17:30:00,Z012,36.0,55.0,55.0,147,LOW,0
2026-01-21 18:00:00,Z012,55.0,85.0,75.0,147,LOW,0
2026-01-21 18:30:00,Z012,85.0,77.0,84.6,147,LOW,0
2026-01-21 19:00:00,Z012,77.0,91.0,88.3,147,MEDIUM,0
2026-01-21 19:30:00,Z012,91.0,87.0,97.4,147,MEDIUM,1
2026-01-21 20:00:00,Z012,87.0,62.0,63.7,147,LOW,1
2026-01-21 20:30:00,Z012,62.0,46.0,45.2,147,LOW,0
2026-01-21 21:00:00,Z012,46.0,40.0,35.7,147,LOW,0
2026-01-21 21:30:00,Z012,40.0,33.0,31.4,147,LOW,0
2026-01-21 22:00:00,Z012,33.0,29.0,28.3,147,LOW,0
2026-01-21 22:30:00,Z012,29.0,19.0,26.4,147,LOW,1
2026-01-21 23:00:00,Z012,19.0,25.0,22.0,147,LOW,1
2026-01-14 23:00:00,Z013,24.0,18.0,18.7,118,LOW,0
2026-01-14 23:30:00,Z013,18.0,19.0,19.2,118,LOW,0
2026-01-15 00:00:00,Z013,19.0,15.0,14.9,118,LOW,0
2026-01-15 00:30:00,Z013,15.0,10.0,11.1,118,LOW,0
2026-01-15 01:00:00,Z013,10.0,8.0,6.9,118,LOW,1
2026-01-15 01:30:00,Z013,8.0,7.0,5.9,118,LOW,0
2026-01-15 02:00:00,Z013,7.0,4.0,4.8,118,LOW,1
2026-01-15 02:30:00,Z013,4.0,4.0,3.3,118,LOW,0
2026-01-15 03:00:00,Z013,4.0,3.0,3.2,118,LOW,1
2026-01-15 03:30:00,Z013,3.0,3.0,2.7,118,LOW,0
2026-01-15 04:00:00,Z013,3.0,2.0,2.3,118,LOW,0
2026-01-15 04:30:00,Z013,2.0,2.0,1.8,118,LOW,0
2026-01-15 05:00:00,Z013,2.0,6.0,5.9,118,LOW,0
2026-01-15 05:30:00,Z013,6.0,15.0,11.6,118,LOW,0
2026-01-15 06:00:00,Z013,15.0,20.0,19.2,118,LOW,0
2026-01-15 06:30:00,Z013,20.0,21.0,20.7,118,LOW,1
2026-01-15 07:00:00,Z013,21.0,26.0,22.3,118,LOW,0
2026-01-15 07:30:00,Z013,26.0,24.0,24.1,118,LOW,0
2026-01-15 08:00:00,Z013,24.0,34.0,32.3,118,LOW,0
2026-01-15 08:30:00,Z013,34.0,47.0,46.2,118,LOW,0
2026-01-15 09:00:00,Z013,47.0,50.0,51.8,118,LOW,0
2026-01-15 09:30:00,Z013,50.0,48.0,51.3,118,LOW,0
2026-01-15 10:00:00,Z013,48.0,47.0,49.4,118,LOW,0
2026-01-15 10:30:00,Z013,47.0,52.0,51.5,118,LOW,0
2026-01-15 11:00:00,Z013,52.0,43.0,42.8,118,LOW,0
2026-01-15 11:30:00,Z013,43.0,35.0,35.8,118,LOW,0
2026-01-15 12:00:00,Z013,35.0,36.0,40.8,118,LOW,0
2026-01-15 12:30:00,Z013,36.0,43.0,41.5,118,LOW,0
2026-01-15 13:00:00,Z013,43.0,47.0,50.1,118,LOW,0
2026-01-15 13:30:00,Z013,47.0,55.0,55.0,118,LOW,1
2026-01-15 14:00:00,Z013,55.0,51.0,48.6,118,LOW,1
2026-01-15 14:30:00,Z013,51.0,46.0,41.4,118,LOW,1
2026-01-15 15:00:00,Z013,46.0,38.0,37.1,118,LOW,0
2026-01-15 15:30:00,Z013,38.0,29.0,31.4,118,LOW,1
2026-01-15 16:00:00,Z013,29.0,23.0,25.3,118,LOW,1
2026-01-15 16:30:00,Z013,23.0,18.0,19.2,118,LOW,1
2026-01-15 17:00:00,Z013,18.0,31.0,32.3,118,LOW,0
2026-01-15 17:30:00,Z013,31.0,47.0,46.7,118,LOW,0
2026-01-15 18:00:00,Z013,47.0,61.0,55.6,118,LOW,1
2026-01-15 18:30:00,Z013,61.0,67.0,69.4,118,LOW,0
2026-01-15 19:00:00,Z013,67.0,74.0,72.4,118,MEDIUM,0
2026-01-15 19:30:00,Z013,74.0,75.0,76.8,118,MEDIUM,0
2026-01-15 20:00:00,Z013,75.0,67.0,60.7,118,LOW,1
2026-01-15 20:30:00,Z013,67.0,63.0,58.8,118,LOW,0
2026-01-15 21:00:00,Z013,63.0,52.0,51.4,118,LOW,0
2026-01-15 21:30:00,Z013,52.0,47.0,44.0,118,LOW,0
2026-01-15 22:00:00,Z013,47.0,37.0,36.7,118,LOW,0
2026-01-15 22:30:00,Z013,37.0,31.0,30.1,118,LOW,0
2026-01-15 23:00:00,Z013,31.0,20.0,22.4,118,LOW,0
2026-01-15 23:30:00,Z013,20.0,21.0,19.8,118,LOW,0
2026-01-16 00:00:00,Z013,21.0,16.0,15.1,118,LOW,0
2026-01-16 00:30:00,Z013,16.0,11.0,11.5,118,LOW,0
2026-01-16 01:00:00,Z013,11.0,10.0,8.9,118,LOW,0
2026-01-16 01:30:00,Z013,10.0,7.0,7.4,118,LOW,1
2026-01-16 02:00:00,Z013,7.0,6.0,5.1,118,LOW,0
2026-01-16 02:30:00,Z013,6.0,4.0,4.8,118,LOW,0
2026-01-16 03:00:00,Z013,4.0,3.0,3.3,118,LOW,0
2026-01-16 03:30:00,Z013,3.0,1.0,1.9,118,LOW,0
2026-01-16 04:00:00,Z013,1.0,1.0,1.0,118,LOW,0
2026-01-16 04:30:00,Z013,1.0,1.0,1.0,118,LOW,0
2026-01-16 05:00:00,Z013,1.0,6.0,5.8,118,LOW,0
2026-01-16 05:30:00,Z013,6.0,9.0,9.9,118,LOW,0
2026-01-16 06:00:00,Z013,9.0,12.0,12.0,118,LOW,0
2026-01-16 06:30:00,Z013,12.0,16.0,14.8,118,LOW,0
2026-01-16 07:00:00,Z013,16.0,19.0,17.9,118,LOW,1
2026-01-16 07:30:00,Z013,19.0,20.0,19.2,118,LOW,0
2026-01-16 08:00:00,Z013,20.0,30.0,30.5,118,LOW,0
2026-01-16 08:30:00,Z013,30.0,41.0,37.5,118,LOW,1
2026-01-16 09:00:00,Z013,41.0,40.0,42.9,118,LOW,0
2026-01-16 09:30:00,Z013,40.0,52.0,42.5,118,LOW,1
2026-01-16 10:00:00,Z013,52.0,48.0,53.3,118,LOW,0
2026-01-16 10:30:00,Z013,48.0,55.0,48.9,118,LOW,1
2026-01-16 11:00:00,Z013,55.0,48.0,47.2,118,LOW,0
2026-01-16 11:30:00,Z013,48.0,38.0,37.2,118,LOW,1
2026-01-16 12:00:00,Z013,38.0,44.0,44.7,118,LOW,0
2026-01-16 12:30:00,Z013,44.0,50.0,49.2,118,LOW,0
2026-01-16 13:00:00,Z013,50.0,50.0,54.7,118,LOW,0
2026-01-16 13:30:00,Z013,50.0,59.0,54.7,118,LOW,0
2026-01-16 14:00:00,Z013,59.0,56.0,51.8,118,LOW,0
2026-01-16 14:30:00,Z013,56.0,49.0,46.3,118,LOW,1
2026-01-16 15:00:00,Z013,49.0,38.0,38.2,118,LOW,0
2026-01-16 15:30:00,Z013,38.0,31.0,31.4,118,LOW,0
2026-01-16 16:00:00,Z013,31.0,25.0,25.2,118,LOW,0
2026-01-16 16:30:00,Z013,25.0,18.0,20.8,118,LOW,0
2026-01-16 17:00:00,Z013,18.0,32.0,28.7,118,LOW,1
2026-01-16 17:30:00,Z013,32.0,49.0,47.1,118,LOW,0
2026-01-16 18:00:00,Z013,49.0,57.0,59.3,118,LOW,1
2026-01-16 18:30:00,Z013,57.0,65.0,65.7,118,LOW,1
2026-01-16 19:00:00,Z013,65.0,63.0,68.9,118,LOW,0
2026-01-16 19:30:00,Z013,63.0,69.0,69.4,118,LOW,0
2026-01-16 20:00:00,Z013,69.0,64.0,61.6,118,LOW,0
2026-01-16 20:30:00,Z013,64.0,51.0,52.7,118,LOW,0
2026-01-16 21:00:00,Z013,51.0,43.0,42.1,118,LOW,0
2026-01-16 21:30:00,Z013,43.0,38.0,35.9,118,LOW,1
2026-01-16 22:00:00,Z013,38.0,29.0,29.6,118,LOW,0
2026-01-16 22:30:00,Z013,29.0,24.0,23.8,118,LOW,1
2026-01-16 23:00:00,Z013,24.0,16.0,19.0,118,LOW,0
2026-01-16 23:30:00,Z013,16.0,17.0,16.4,118,LOW,0
2026-01-17 00:00:00,Z013,17.0,12.0,12.5,118,LOW,0
2026-01-17 00:30:00,Z013,12.0,7.0,7.7,118,LOW,0
2026-01-17 01:00:00,Z013,7.0,4.0,3.6,118,LOW,0
2026-01-17 01:30:00,Z013,4.0,3.0,3.0,118,LOW,0
2026-01-17 02:00:00,Z013,3.0,4.0,3.0,118,LOW,0
2026-01-17 02:30:00,Z013,4.0,3.0,3.0,118,LOW,0
2026-01-17 03:00:00,Z013,3.0,3.0,2.6,118,LOW,0
2026-01-17 03:30:00,Z013,3.0,2.0,2.6,118,LOW,0
2026-01-17 04:00:00,Z013,2.0,1.0,1.4,118,LOW,0
2026-01-17 04:30:00,Z013,1.0,2.0,2.0,118,LOW,0
2026-01-17 05:00:00,Z013,2.0,8.0,6.6,118,LOW,0
2026-01-17 05:30:00,Z013,8.0,11.0,11.9,118,LOW,0
2026-01-17 06:00:00,Z013,11.0,15.0,13.9,118,LOW,1
2026-01-17 06:30:00,Z013,15.0,15.0,18.6,118,LOW,1
2026-01-17 07:00:00,Z013,15.0,19.0,18.2,118,LOW,0
2026-01-17 07:30:00,Z013,19.0,15.0,17.6,118,LOW,0
2026-01-17 08:00:00,Z013,15.0,27.0,26.5,118,LOW,0
2026-01-17 08:30:00,Z013,27.0,29.0,32.8,118,LOW,0
2026-01-17 09:00:00,Z013,29.0,37.0,36.1,118,LOW,0
2026-01-17 09:30:00,Z013,37.0,39.0,41.5,118,LOW,0
2026-01-17 10:00:00,Z013,39.0,47.0,46.1,118,LOW,0
2026-01-17 10:30:00,Z013,47.0,50.0,51.4,118,LOW,0
2026-01-17 11:00:00,Z013,50.0,48.0,45.1,118,LOW,0
2026-01-17 11:30:00,Z013,48.0,33.0,36.3,118,LOW,0
2026-01-17 12:00:00,Z013,33.0,42.0,40.3,118,LOW,0
2026-01-17 12:30:00,Z013,42.0,43.0,52.0,118,LOW,1
2026-01-17 13:00:00,Z013,43.0,58.0,52.9,118,LOW,0
2026-01-17 13:30:00,Z013,58.0,60.0,60.7,118,LOW,0
2026-01-17 14:00:00,Z013,60.0,52.0,50.9,118,LOW,0
2026-01-17 14:30:00,Z013,52.0,50.0,46.8,118,LOW,0
2026-01-17 15:00:00,Z013,50.0,42.0,45.1,118,LOW,1
2026-01-17 15:30:00,Z013,42.0,25.0,30.1,118,LOW,0
2026-01-17 16:00:00,Z013,25.0,24.0,22.0,118,LOW,0
2026-01-17 16:30:00,Z013,24.0,18.0,21.0,118,LOW,0
2026-01-17 17:00:00,Z013,18.0,36.0,33.4,118,LOW,0
2026-01-17 17:30:00,Z013,36.0,46.0,46.7,118,LOW,1
2026-01-17 18:00:00,Z013,46.0,68.0,58.0,118,LOW,1
2026-01-17 18:30:00,Z013,68.0,79.0,76.6,118,MEDIUM,0
2026-01-17 19:00:00,Z013,79.0,84.0,82.6,118,MEDIUM,0
2026-01-17 19:30:00,Z013,84.0,83.0,86.0,118,MEDIUM,0
2026-01-17 20:00:00,Z013,83.0,64.0,67.4,118,LOW,0
2026-01-17 20:30:00,Z013,64.0,47.0,48.5,118,LOW,0
2026-01-17 21:00:00,Z013,47.0,38.0,38.1,118,LOW,0
2026-01-17 21:30:00,Z013,38.0,37.0,32.4,118,LOW,0
2026-01-17 22:00:00,Z013,37.0,33.0,30.4,118,LOW,1
2026-01-17 22:30:00,Z013,33.0,26.0,26.9,118,LOW,0
2026-01-17 23:00:00,Z013,26.0,20.0,22.5,118,LOW,0
2026-01-17 23:30:00,Z013,20.0,17.0,18.9,118,LOW,0
2026-01-18 00:00:00,Z013,17.0,14.0,12.7,118,LOW,0
2026-01-18 00:30:00,Z013,14.0,11.0,10.3,118,LOW,0
2026-01-18 01:00:00,Z013,11.0,8.0,8.0,118,LOW,0
2026-01-18 01:30:00,Z013,8.0,5.0,5.1,118,LOW,0
2026-01-18 02:00:00,Z013,5.0,4.0,3.7,118,LOW,0
2026-01-18 02:30:00,Z013,4.0,3.0,3.1,118,LOW,0
2026-01-18 03:00:00,Z013,3.0,2.0,2.1,118,LOW,1
2026-01-18 03:30:00,Z013,2.0,3.0,2.1,118,LOW,0
2026-01-18 04:00:00,Z013,3.0,3.0,2.8,118,LOW,0
2026-01-18 04:30:00,Z013,3.0,3.0,2.8,118,LOW,0
2026-01-18 05:00:00,Z013,3.0,7.0,7.7,118,LOW,0
2026-01-18 05:30:00,Z013,7.0,11.0,11.1,118,LOW,1
2026-01-18 06:00:00,Z013,11.0,13.0,14.3,118,LOW,1
2026-01-18 06:30:00,Z013,13.0,18.0,17.9,118,LOW,0
2026-01-18 07:00:00,Z013,18.0,14.0,18.0,118,LOW,1
2026-01-18 07:30:00,Z013,14.0,18.0,18.2,118,LOW,0
2026-01-18 08:00:00,Z013,18.0,28.0,27.8,118,LOW,0
2026-01-18 08:30:00,Z013,28.0,38.0,36.1,118,LOW,0
2026-01-18 09:00:00,Z013,38.0,42.0,43.9,118,LOW,0
2026-01-18 09:30:00,Z013,42.0,45.0,45.6,118,LOW,0
2026-01-18 10:00:00,Z013,45.0,52.0,52.3,118,LOW,0
2026-01-18 10:30:00,Z013,52.0,59.0,56.7,118,LOW,0
2026-01-18 11:00:00,Z013,59.0,50.0,48.8,118,LOW,0
2026-01-18 11:30:00,Z013,50.0,46.0,43.5,118,LOW,0
2026-01-18 12:00:00,Z013,46.0,58.0,54.0,118,LOW,0
2026-01-18 12:30:00,Z013,58.0,53.0,61.0,118,LOW,0
2026-01-18 13:00:00,Z013,53.0,65.0,61.1,118,LOW,0
2026-01-18 13:30:00,Z013,65.0,68.0,69.3,118,LOW,0
2026-01-18 14:00:00,Z013,68.0,56.0,52.4,118,LOW,1
2026-01-18 14:30:00,Z013,56.0,46.0,45.1,118,LOW,0
2026-01-18 15:00:00,Z013,46.0,36.0,38.0,118,LOW,1
2026-01-18 15:30:00,Z013,36.0,31.0,28.5,118,LOW,1
2026-01-18 16:00:00,Z013,31.0,25.0,24.9,118,LOW,0
2026-01-18 16:30:00,Z013,25.0,24.0,22.7,118,LOW,0
2026-01-18 17:00:00,Z013,24.0,36.0,39.0,118,LOW,1
2026-01-18 17:30:00,Z013,36.0,53.0,50.5,118,LOW,0
2026-01-18 18:00:00,Z013,53.0,58.0,61.4,118,LOW,0
2026-01-18 18:30:00,Z013,58.0,71.0,67.1,118,LOW,0
2026-01-18 19:00:00,Z013,71.0,80.0,79.5,118,MEDIUM,0
2026-01-18 19:30:00,Z013,80.0,82.0,82.4,118,MEDIUM,0
2026-01-18 20:00:00,Z013,82.0,69.0,68.7,118,LOW,0
2026-01-18 20:30:00,Z013,69.0,54.0,57.2,118,LOW,0
2026-01-18 21:00:00,Z013,54.0,47.0,44.1,118,LOW,0
2026-01-18 21:30:00,Z013,47.0,49.0,40.8,118,LOW,0
2026-01-18 22:00:00,Z013,49.0,36.0,41.3,118,LOW,1
2026-01-18 22:30:00,Z013,36.0,27.0,27.6,118,LOW,0
2026-01-18 23:00:00,Z013,27.0,20.0,21.7,118,LOW,0
2026-01-18 23:30:00,Z013,20.0,19.0,18.8,118,LOW,0
2026-01-19 00:00:00,Z013,19.0,15.0,14.2,118,LOW,0
2026-01-19 00:30:00,Z013,15.0,8.0,9.9,118,LOW,0
2026-01-19 01:00:00,Z013,8.0,6.0,5.3,118,LOW,1
2026-01-19 01:30:00,Z013,6.0,4.0,4.5,118,LOW,0
2026-01-19 02:00:00,Z013,4.0,3.0,3.2,118,LOW,0
2026-01-19 02:30:00,Z013,3.0,3.0,2.7,118,LOW,0
2026-01-19 03:00:00,Z013,3.0,2.0,2.2,118,LOW,0
2026-01-19 03:30:00,Z013,2.0,2.0,1.8,118,LOW,0
2026-01-19 04:00:00,Z013,2.0,1.0,1.5,118,LOW,0
2026-01-19 04:30:00,Z013,1.0,1.0,1.1,118,LOW,0
2026-01-19 05:00:00,Z013,1.0,2.0,4.3,118,LOW,0
2026-01-19 05:30:00,Z013,2.0,6.0,5.4,118,LOW,0
2026-01-19 06:00:00,Z013,6.0,13.0,10.6,118,LOW,1
2026-01-19 06:30:00,Z013,13.0,19.0,17.4,118,LOW,0
2026-01-19 07:00:00,Z013,19.0,23.0,20.2,118,LOW,0
2026-01-19 07:30:00,Z013,23.0,20.0,21.2,118,LOW,1
2026-01-19 08:00:00,Z013,20.0,31.0,31.3,118,LOW,0
2026-01-19 08:30:00,Z013,31.0,42.0,38.8,118,LOW,1
2026-01-19 09:00:00,Z013,42.0,54.0,49.6,118,LOW,0
2026-01-19 09:30:00,Z013,54.0,59.0,58.2,118,LOW,0
2026-01-19 10:00:00,Z013,59.0,68.0,65.1,118,LOW,1
2026-01-19 10:30:00,Z013,68.0,64.0,66.9,118,LOW,0
2026-01-19 11:00:00,Z013,64.0,50.0,50.7,118,LOW,0
2026-01-19 11:30:00,Z013,50.0,42.0,41.7,118,LOW,1
2026-01-19 12:00:00,Z013,42.0,44.0,46.0,118,LOW,0
2026-01-19 12:30:00,Z013,44.0,44.0,47.0,118,LOW,0
2026-01-19 13:00:00,Z013,44.0,55.0,51.0,118,LOW,0
2026-01-19 13:30:00,Z013,55.0,58.0,57.6,118,LOW,0
2026-01-19 14:00:00,Z013,58.0,46.0,46.1,118,LOW,0
2026-01-19 14:30:00,Z013,46.0,32.0,34.6,118,LOW,0
2026-01-19 15:00:00,Z013,32.0,31.0,28.0,118,LOW,0
2026-01-19 15:30:00,Z013,31.0,23.0,25.5,118,LOW,0
2026-01-19 16:00:00,Z013,23.0,18.0,18.5,118,LOW,0
2026-01-19 16:30:00,Z013,18.0,21.0,20.0,118,LOW,0
2026-01-19 17:00:00,Z013,21.0,37.0,34.1,118,LOW,0
2026-01-19 17:30:00,Z013,37.0,47.0,47.8,118,LOW,0
2026-01-19 18:00:00,Z013,47.0,55.0,56.2,118,LOW,0
2026-01-19 18:30:00,Z013,55.0,65.0,65.1,118,LOW,1
2026-01-19 19:00:00,Z013,65.0,71.0,71.3,118,MEDIUM,1
2026-01-19 19:30:00,Z013,71.0,80.0,76.9,118,MEDIUM,0
2026-01-19 20:00:00,Z013,80.0,67.0,65.7,118,LOW,0
2026-01-19 20:30:00,Z013,67.0,57.0,56.4,118,LOW,0
2026-01-19 21:00:00,Z013,57.0,45.0,45.2,118,LOW,0
2026-01-19 21:30:00,Z013,45.0,34.0,36.2,118,LOW,0
2026-01-19 22:00:00,Z013,34.0,31.0,29.8,118,LOW,0
2026-01-19 22:30:00,Z013,31.0,25.0,23.6,118,LOW,0
2026-01-19 23:00:00,Z013,25.0,22.0,21.3,118,LOW,1
2026-01-19 23:30:00,Z013,22.0,20.0,19.5,118,LOW,0
2026-01-20 00:00:00,Z013,20.0,13.0,13.4,118,LOW,0
2026-01-20 00:30:00,Z013,13.0,13.0,10.6,118,LOW,0
2026-01-20 01:00:00,Z013,13.0,6.0,8.0,118,LOW,0
2026-01-20 01:30:00,Z013,6.0,3.0,3.5,118,LOW,0
2026-01-20 02:00:00,Z013,3.0,3.0,2.6,118,LOW,1
2026-01-20 02:30:00,Z013,3.0,3.0,2.6,118,LOW,0
2026-01-20 03:00:00,Z013,3.0,1.0,1.7,118,LOW,0
2026-01-20 03:30:00,Z013,1.0,2.0,1.3,118,LOW,0
2026-01-20 04:00:00,Z013,2.0,1.0,1.5,118,LOW,0
2026-01-20 04:30:00,Z013,1.0,1.0,1.3,118,LOW,0
2026-01-20 05:00:00,Z013,1.0,3.0,4.4,118,LOW,0
2026-01-20 05:30:00,Z013,3.0,11.0,8.6,118,LOW,0
2026-01-20 06:00:00,Z013,11.0,20.0,13.9,118,LOW,1
2026-01-20 06:30:00,Z013,20.0,17.0,18.9,118,LOW,0
2026-01-20 07:00:00,Z013,17.0,20.0,19.3,118,LOW,0
2026-01-20 07:30:00,Z013,20.0,20.0,19.6,118,LOW,0
2026-01-20 08:00:00,Z013,20.0,37.0,31.6,118,LOW,1
2026-01-20 08:30:00,Z013,37.0,46.0,45.9,118,LOW,0
2026-01-20 09:00:00,Z013,46.0,55.0,55.1,118,LOW,0
2026-01-20 09:30:00,Z013,55.0,61.0,60.0,118,LOW,0
2026-01-20 10:00:00,Z013,61.0,62.0,62.2,118,LOW,0
2026-01-20 10:30:00,Z013,62.0,66.0,62.5,118,LOW,1
2026-01-20 11:00:00,Z013,66.0,57.0,53.1,118,LOW,1
2026-01-20 11:30:00,Z013,57.0,42.0,44.9,118,LOW,0
2026-01-20 12:00:00,Z013,42.0,45.0,46.3,118,LOW,0
2026-01-20 12:30:00,Z013,45.0,50.0,49.1,118,LOW,1
2026-01-20 13:00:00,Z013,50.0,52.0,53.0,118,LOW,0
2026-01-20 13:30:00,Z013,52.0,55.0,56.0,118,LOW,0
2026-01-20 14:00:00,Z013,55.0,43.0,46.8,118,LOW,1
2026-01-20 14:30:00,Z013,43.0,29.0,32.4,118,LOW,0
2026-01-20 15:00:00,Z013,29.0,19.0,22.1,118,LOW,0
2026-01-20 15:30:00,Z013,19.0,16.0,17.2,118,LOW,0
2026-01-20 16:00:00,Z013,16.0,14.0,14.4,118,LOW,0
2026-01-20 16:30:00,Z013,14.0,16.0,14.6,118,LOW,0
2026-01-20 17:00:00,Z013,16.0,31.0,24.6,118,LOW,1
2026-01-20 17:30:00,Z013,31.0,43.0,44.0,118,LOW,0
2026-01-20 18:00:00,Z013,43.0,58.0,55.8,118,LOW,0
2026-01-20 18:30:00,Z013,58.0,75.0,62.8,118,LOW,1
2026-01-20 19:00:00,Z013,75.0,75.0,80.2,118,MEDIUM,1
2026-01-20 19:30:00,Z013,75.0,81.0,80.2,118,MEDIUM,0
2026-01-20 20:00:00,Z013,81.0,64.0,67.4,118,LOW,0
2026-01-20 20:30:00,Z013,64.0,51.0,51.0,118,LOW,1
2026-01-20 21:00:00,Z013,51.0,34.0,43.5,118,LOW,1
2026-01-20 21:30:00,Z013,34.0,34.0,31.4,118,LOW,0
2026-01-20 22:00:00,Z013,34.0,33.0,31.4,118,LOW,0
2026-01-20 22:30:00,Z013,33.0,30.0,28.2,118,LOW,0
2026-01-20 23:00:00,Z013,30.0,35.0,24.2,118,LOW,1
2026-01-20 23:30:00,Z013,35.0,28.0,29.8,118,LOW,0
2026-01-21 00:00:00,Z013,28.0,23.0,22.9,118,LOW,0
2026-01-21 00:30:00,Z013,23.0,16.0,15.9,118,LOW,0
2026-01-21 01:00:00,Z013,16.0,9.0,10.0,118,LOW,0
2026-01-21 01:30:00,Z013,9.0,7.0,5.7,118,LOW,1
2026-01-21 02:00:00,Z013,7.0,5.0,5.0,118,LOW,0
2026-01-21 02:30:00,Z013,5.0,5.0,4.4,118,LOW,0
2026-01-21 03:00:00,Z013,5.0,6.0,4.8,118,LOW,0
2026-01-21 03:30:00,Z013,6.0,6.0,5.1,118,LOW,0
2026-01-21 04:00:00,Z013,6.0,6.0,4.7,118,LOW,0
2026-01-21 04:30:00,Z013,6.0,3.0,4.7,118,LOW,0
2026-01-21 05:00:00,Z013,3.0,6.0,7.7,118,LOW,1
2026-01-21 05:30:00,Z013,6.0,10.0,10.6,118,LOW,0
2026-01-21 06:00:00,Z013,10.0,11.0,12.2,118,LOW,0
2026-01-21 06:30:00,Z013,11.0,16.0,13.9,118,LOW,0
2026-01-21 07:00:00,Z013,16.0,12.0,16.1,118,LOW,0
2026-01-21 07:30:00,Z013,12.0,14.0,15.3,118,LOW,1
2026-01-21 08:00:00,Z013,14.0,25.0,26.8,118,LOW,0
2026-01-21 08:30:00,Z013,25.0,28.0,35.5,118,LOW,1
2026-01-21 09:00:00,Z013,28.0,38.0,37.3,118,LOW,0
2026-01-21 09:30:00,Z013,38.0,44.0,43.9,118,LOW,0
2026-01-21 10:00:00,Z013,44.0,53.0,52.4,118,LOW,1
2026-01-21 10:30:00,Z013,53.0,55.0,55.6,118,LOW,0
2026-01-21 11:00:00,Z013,55.0,51.0,48.0,118,LOW,0
2026-01-21 11:30:00,Z013,51.0,39.0,41.7,118,LOW,0
2026-01-21 12:00:00,Z013,39.0,40.0,46.0,118,LOW,1
2026-01-21 12:30:00,Z013,40.0,40.0,46.3,118,LOW,1
2026-01-21 13:00:00,Z013,40.0,46.0,46.2,118,LOW,0
2026-01-21 13:30:00,Z013,46.0,61.0,52.9,118,LOW,1
2026-01-21 14:00:00,Z013,61.0,56.0,53.0,118,LOW,0
2026-01-21 14:30:00,Z013,56.0,42.0,45.3,118,LOW,1
2026-01-21 15:00:00,Z013,42.0,36.0,35.4,118,LOW,0
2026-01-21 15:30:00,Z013,36.0,27.0,26.7,118,LOW,0
2026-01-21 16:00:00,Z013,27.0,19.0,21.3,118,LOW,0
2026-01-21 16:30:00,Z013,19.0,27.0,21.7,118,LOW,0
2026-01-21 17:00:00,Z013,27.0,42.0,41.2,118,LOW,0
2026-01-21 17:30:00,Z013,42.0,50.0,50.9,118,LOW,0
2026-01-21 18:00:00,Z013,50.0,66.0,62.2,118,LOW,0
2026-01-21 18:30:00,Z013,66.0,70.0,71.4,118,MEDIUM,0
2026-01-21 19:00:00,Z013,70.0,74.0,74.0,118,MEDIUM,1
2026-01-21 19:30:00,Z013,74.0,84.0,76.3,118,MEDIUM,1
2026-01-21 20:00:00,Z013,84.0,70.0,70.2,118,LOW,1
2026-01-21 20:30:00,Z013,70.0,57.0,57.0,118,LOW,0
2026-01-21 21:00:00,Z013,57.0,47.0,44.9,118,LOW,1
2026-01-21 21:30:00,Z013,47.0,36.0,37.3,118,LOW,0
2026-01-21 22:00:00,Z013,36.0,23.0,26.1,118,LOW,0
2026-01-21 22:30:00,Z013,23.0,14.0,17.4,118,LOW,0
2026-01-21 23:00:00,Z013,14.0,17.0,16.2,118,LOW,0
2026-01-14 23:00:00,Z014,20.0,21.0,20.7,121,LOW,0
2026-01-14 23:30:00,Z014,21.0,19.0,18.8,121,LOW,0
2026-01-15 00:00:00,Z014,19.0,12.0,10.7,121,LOW,0
2026-01-15 00:30:00,Z014,12.0,7.0,6.5,121,LOW,0
2026-01-15 01:00:00,Z014,7.0,5.0,4.6,121,LOW,0
2026-01-15 01:30:00,Z014,5.0,2.0,2.9,121,LOW,0
2026-01-15 02:00:00,Z014,2.0,5.0,3.4,121,LOW,0
2026-01-15 02:30:00,Z014,5.0,4.0,2.6,121,LOW,1
2026-01-15 03:00:00,Z014,4.0,2.0,2.6,121,LOW,0
2026-01-15 03:30:00,Z014,2.0,1.0,1.8,121,LOW,0
2026-01-15 04:00:00,Z014,1.0,1.0,1.3,121,LOW,0
2026-01-15 04:30:00,Z014,1.0,1.0,1.3,121,LOW,0
2026-01-15 05:00:00,Z014,1.0,11.0,9.9,121,LOW,0
2026-01-15 05:30:00,Z014,11.0,17.0,17.1,121,LOW,0
2026-01-15 06:00:00,Z014,17.0,21.0,19.9,121,LOW,0
2026-01-15 06:30:00,Z014,21.0,22.0,24.0,121,LOW,0
2026-01-15 07:00:00,Z014,22.0,26.0,25.6,121,LOW,0
2026-01-15 07:30:00,Z014,26.0,30.0,27.7,121,LOW,0
2026-01-15 08:00:00,Z014,30.0,50.0,48.5,121,LOW,0
2026-01-15 08:30:00,Z014,50.0,67.0,67.0,121,LOW,0
2026-01-15 09:00:00,Z014,67.0,79.0,73.3,121,MEDIUM,0
2026-01-15 09:30:00,Z014,79.0,71.0,74.4,121,MEDIUM,0
2026-01-15 10:00:00,Z014,71.0,61.0,68.8,121,LOW,1
2026-01-15 10:30:00,Z014,61.0,66.0,66.1,121,LOW,1
2026-01-15 11:00:00,Z014,66.0,41.0,42.5,121,LOW,0
2026-01-15 11:30:00,Z014,41.0,35.0,30.2,121,LOW,0
2026-01-15 12:00:00,Z014,35.0,61.0,56.6,121,LOW,0
2026-01-15 12:30:00,Z014,61.0,79.0,68.7,121,LOW,1
2026-01-15 13:00:00,Z014,79.0,69.0,85.4,121,MEDIUM,1
2026-01-15 13:30:00,Z014,69.0,65.0,69.0,121,LOW,0
2026-01-15 14:00:00,Z014,65.0,50.0,45.5,121,LOW,0
2026-01-15 14:30:00,Z014,50.0,38.0,35.1,121,LOW,0
2026-01-15 15:00:00,Z014,38.0,33.0,26.3,121,LOW,1
2026-01-15 15:30:00,Z014,33.0,27.0,25.8,121,LOW,0
2026-01-15 16:00:00,Z014,27.0,28.0,24.0,121,LOW,1
2026-01-15 16:30:00,Z014,28.0,26.0,25.0,121,LOW,1
2026-01-15 17:00:00,Z014,26.0,63.0,55.2,121,LOW,1
2026-01-15 17:30:00,Z014,63.0,75.0,77.1,121,MEDIUM,0
2026-01-15 18:00:00,Z014,75.0,99.0,91.0,121,MEDIUM,0
2026-01-15 18:30:00,Z014,99.0,99.0,94.4,121,MEDIUM,1
2026-01-15 19:00:00,Z014,99.0,100.0,93.3,121,MEDIUM,1
2026-01-15 19:30:00,Z014,100.0,86.0,93.3,121,MEDIUM,1
2026-01-15 20:00:00,Z014,86.0,47.0,52.4,121,LOW,0
2026-01-15 20:30:00,Z014,47.0,35.0,32.8,121,LOW,0
2026-01-15 21:00:00,Z014,35.0,29.0,27.9,121,LOW,0
2026-01-15 21:30:00,Z014,29.0,28.0,26.5,121,LOW,0
2026-01-15 22:00:00,Z014,28.0,24.0,24.1,121,LOW,0
2026-01-15 22:30:00,Z014,24.0,24.0,23.6,121,LOW,0
2026-01-15 23:00:00,Z014,24.0,23.0,23.4,121,LOW,0
2026-01-15 23:30:00,Z014,23.0,22.0,22.3,121,LOW,1
2026-01-16 00:00:00,Z014,22.0,14.0,12.7,121,LOW,0
2026-01-16 00:30:00,Z014,14.0,8.0,8.1,121,LOW,0
2026-01-16 01:00:00,Z014,8.0,3.0,5.0,121,LOW,1
2026-01-16 01:30:00,Z014,3.0,0.0,2.8,121,LOW,1
2026-01-16 02:00:00,Z014,0.0,2.0,0.4,121,LOW,1
2026-01-16 02:30:00,Z014,2.0,3.0,2.1,121,LOW,0
2026-01-16 03:00:00,Z014,3.0,2.0,2.3,121,LOW,0
2026-01-16 03:30:00,Z014,2.0,0.0,1.3,121,LOW,0
2026-01-16 04:00:00,Z014,0.0,0.0,0.2,121,LOW,0
2026-01-16 04:30:00,Z014,0.0,0.0,0.2,121,LOW,0
2026-01-16 05:00:00,Z014,0.0,13.0,8.4,121,LOW,1
2026-01-16 05:30:00,Z014,13.0,21.0,18.0,121,LOW,1
2026-01-16 06:00:00,Z014,21.0,24.0,23.8,121,LOW,0
2026-01-16 06:30:00,Z014,24.0,30.0,27.0,121,LOW,0
2026-01-16 07:00:00,Z014,30.0,35.0,31.3,121,LOW,0
2026-01-16 07:30:00,Z014,35.0,32.0,27.1,121,LOW,0
2026-01-16 08:00:00,Z014,32.0,46.0,48.1,121,LOW,0
2026-01-16 08:30:00,Z014,46.0,65.0,61.9,121,LOW,0
2026-01-16 09:00:00,Z014,65.0,69.0,68.4,121,LOW,0
2026-01-16 09:30:00,Z014,69.0,66.0,67.9,121,LOW,0
2026-01-16 10:00:00,Z014,66.0,76.0,71.5,121,LOW,0
2026-01-16 10:30:00,Z014,76.0,77.0,76.0,121,MEDIUM,0
2026-01-16 11:00:00,Z014,77.0,49.0,52.7,121,LOW,0
2026-01-16 11:30:00,Z014,49.0,31.0,32.0,121,LOW,0
2026-01-16 12:00:00,Z014,31.0,55.0,53.9,121,LOW,0
2026-01-16 12:30:00,Z014,55.0,87.0,77.6,121,MEDIUM,0
2026-01-16 13:00:00,Z014,87.0,79.0,82.4,121,MEDIUM,0
2026-01-16 13:30:00,Z014,79.0,78.0,82.0,121,MEDIUM,0
2026-01-16 14:00:00,Z014,78.0,53.0,54.0,121,LOW,0
2026-01-16 14:30:00,Z014,53.0,26.0,31.6,121,LOW,0
2026-01-16 15:00:00,Z014,26.0,25.0,24.5,121,LOW,0
2026-01-16 15:30:00,Z014,25.0,28.0,25.0,121,LOW,0
2026-01-16 16:00:00,Z014,28.0,28.0,27.7,121,LOW,0
2026-01-16 16:30:00,Z014,28.0,32.0,27.7,121,LOW,0
2026-01-16 17:00:00,Z014,32.0,63.0,57.9,121,LOW,1
2026-01-16 17:30:00,Z014,63.0,76.0,76.3,121,MEDIUM,0
2026-01-16 18:00:00,Z014,76.0,94.0,91.5,121,MEDIUM,0
2026-01-16 18:30:00,Z014,94.0,80.0,88.0,121,MEDIUM,0
2026-01-16 19:00:00,Z014,80.0,96.0,90.8,121,MEDIUM,0
2026-01-16 19:30:00,Z014,96.0,89.0,90.0,121,MEDIUM,0
2026-01-16 20:00:00,Z014,89.0,51.0,56.3,121,LOW,0
2026-01-16 20:30:00,Z014,51.0,27.0,29.3,121,LOW,0
2026-01-16 21:00:00,Z014,27.0,20.0,21.2,121,LOW,0
2026-01-16 21:30:00,Z014,20.0,18.0,19.9,121,LOW,0
2026-01-16 22:00:00,Z014,18.0,21.0,19.9,121,LOW,0
2026-01-16 22:30:00,Z014,21.0,24.0,19.5,121,LOW,1
2026-01-16 23:00:00,Z014,24.0,25.0,22.3,121,LOW,0
2026-01-16 23:30:00,Z014,25.0,18.0,21.3,121,LOW,0
2026-01-17 00:00:00,Z014,18.0,8.0,8.5,121,LOW,0
2026-01-17 00:30:00,Z014,8.0,3.0,3.3,121,LOW,0
2026-01-17 01:00:00,Z014,3.0,4.0,2.8,121,LOW,0
2026-01-17 01:30:00,Z014,4.0,3.0,3.3,121,LOW,0
2026-01-17 02:00:00,Z014,3.0,2.0,2.8,121,LOW,0
2026-01-17 02:30:00,Z014,2.0,4.0,2.6,121,LOW,0
2026-01-17 03:00:00,Z014,4.0,4.0,3.6,121,LOW,0
2026-01-17 03:30:00,Z014,4.0,4.0,3.6,121,LOW,0
2026-01-17 04:00:00,Z014,4.0,6.0,4.6,121,LOW,0
2026-01-17 04:30:00,Z014,6.0,7.0,5.0,121,LOW,0
2026-01-17 05:00:00,Z014,7.0,24.0,17.6,121,LOW,0
2026-01-17 05:30:00,Z014,24.0,30.0,27.1,121,LOW,0
2026-01-17 06:00:00,Z014,30.0,34.0,32.7,121,LOW,0
2026-01-17 06:30:00,Z014,34.0,25.0,26.0,121,LOW,0
2026-01-17 07:00:00,Z014,25.0,24.0,23.2,121,LOW,0
2026-01-17 07:30:00,Z014,24.0,20.0,22.0,121,LOW,0
2026-01-17 08:00:00,Z014,20.0,42.0,44.0,121,LOW,1
2026-01-17 08:30:00,Z014,42.0,61.0,59.5,121,LOW,1
2026-01-17 09:00:00,Z014,61.0,60.0,66.6,121,LOW,0
2026-01-17 09:30:00,Z014,60.0,71.0,69.0,121,LOW,0
2026-01-17 10:00:00,Z014,71.0,67.0,66.2,121,LOW,0
2026-01-17 10:30:00,Z014,67.0,74.0,71.7,121,LOW,0
2026-01-17 11:00:00,Z014,74.0,42.0,42.4,121,LOW,0
2026-01-17 11:30:00,Z014,42.0,27.0,30.3,121,LOW,0
2026-01-17 12:00:00,Z014,27.0,62.0,48.2,121,LOW,1
2026-01-17 12:30:00,Z014,62.0,93.0,80.4,121,MEDIUM,0
2026-01-17 13:00:00,Z014,93.0,102.0,93.4,121,MEDIUM,0
2026-01-17 13:30:00,Z014,102.0,82.0,93.0,121,MEDIUM,0
2026-01-17 14:00:00,Z014,82.0,59.0,55.5,121,LOW,0
2026-01-17 14:30:00,Z014,59.0,38.0,38.2,121,LOW,0
2026-01-17 15:00:00,Z014,38.0,25.0,26.7,121,LOW,1
2026-01-17 15:30:00,Z014,25.0,20.0,21.4,121,LOW,0
2026-01-17 16:00:00,Z014,20.0,21.0,21.2,121,LOW,0
2026-01-17 16:30:00,Z014,21.0,20.0,21.8,121,LOW,1
2026-01-17 17:00:00,Z014,20.0,39.0,46.2,121,LOW,0
2026-01-17 17:30:00,Z014,39.0,61.0,57.2,121,LOW,0
2026-01-17 18:00:00,Z014,61.0,79.0,76.9,121,MEDIUM,0
2026-01-17 18:30:00,Z014,79.0,88.0,86.8,121,MEDIUM,0
2026-01-17 19:00:00,Z014,88.0,90.0,88.9,121,MEDIUM,0
2026-01-17 19:30:00,Z014,90.0,91.0,88.6,121,MEDIUM,1
2026-01-17 20:00:00,Z014,91.0,54.0,60.0,121,LOW,1
2026-01-17 20:30:00,Z014,54.0,27.0,31.8,121,LOW,0
2026-01-17 21:00:00,Z014,27.0,27.0,25.7,121,LOW,1
2026-01-17 21:30:00,Z014,27.0,28.0,25.7,121,LOW,0
2026-01-17 22:00:00,Z014,28.0,29.0,27.2,121,LOW,0
2026-01-17 22:30:00,Z014,29.0,24.0,26.1,121,LOW,0
2026-01-17 23:00:00,Z014,24.0,20.0,21.1,121,LOW,0
2026-01-17 23:30:00,Z014,20.0,27.0,24.0,121,LOW,0
2026-01-18 00:00:00,Z014,27.0,16.0,15.3,121,LOW,0
2026-01-18 00:30:00,Z014,16.0,8.0,8.1,121,LOW,0
2026-01-18 01:00:00,Z014,8.0,3.0,4.0,121,LOW,0
2026-01-18 01:30:00,Z014,3.0,1.0,2.2,121,LOW,0
2026-01-18 02:00:00,Z014,1.0,3.0,2.1,121,LOW,0
2026-01-18 02:30:00,Z014,3.0,5.0,3.0,121,LOW,0
2026-01-18 03:00:00,Z014,5.0,2.0,2.7,121,LOW,0
2026-01-18 03:30:00,Z014,2.0,2.0,1.9,121,LOW,0
2026-01-18 04:00:00,Z014,2.0,2.0,1.9,121,LOW,1
2026-01-18 04:30:00,Z014,2.0,3.0,1.9,121,LOW,1
2026-01-18 05:00:00,Z014,3.0,11.0,11.5,121,LOW,0
2026-01-18 05:30:00,Z014,11.0,17.0,16.9,121,LOW,0
2026-01-18 06:00:00,Z014,17.0,25.0,22.3,121,LOW,0
2026-01-18 06:30:00,Z014,25.0,21.0,22.8,121,LOW,0
2026-01-18 07:00:00,Z014,21.0,18.0,20.0,121,LOW,0
2026-01-18 07:30:00,Z014,18.0,15.0,18.5,121,LOW,0
2026-01-18 08:00:00,Z014,15.0,40.0,39.5,121,LOW,0
2026-01-18 08:30:00,Z014,40.0,58.0,52.5,121,LOW,1
2026-01-18 09:00:00,Z014,58.0,60.0,61.6,121,LOW,0
2026-01-18 09:30:00,Z014,60.0,67.0,65.4,121,LOW,0
2026-01-18 10:00:00,Z014,67.0,70.0,69.0,121,LOW,0
2026-01-18 10:30:00,Z014,70.0,71.0,68.2,121,LOW,0
2026-01-18 11:00:00,Z014,71.0,46.0,45.3,121,LOW,0
2026-01-18 11:30:00,Z014,46.0,24.0,27.1,121,LOW,0
2026-01-18 12:00:00,Z014,24.0,47.0,47.0,121,LOW,0
2026-01-18 12:30:00,Z014,47.0,58.0,58.3,121,LOW,0
2026-01-18 13:00:00,Z014,58.0,87.0,76.0,121,MEDIUM,0
2026-01-18 13:30:00,Z014,87.0,91.0,90.0,121,MEDIUM,0
2026-01-18 14:00:00,Z014,91.0,52.0,56.7,121,LOW,0
2026-01-18 14:30:00,Z014,52.0,24.0,35.0,121,LOW,1
2026-01-18 15:00:00,Z014,24.0,23.0,23.5,121,LOW,0
2026-01-18 15:30:00,Z014,23.0,24.0,22.2,121,LOW,0
2026-01-18 16:00:00,Z014,24.0,22.0,23.7,121,LOW,0
2026-01-18 16:30:00,Z014,22.0,24.0,23.3,121,LOW,0
2026-01-18 17:00:00,Z014,24.0,53.0,49.2,121,LOW,1
2026-01-18 17:30:00,Z014,53.0,79.0,69.7,121,LOW,1
2026-01-18 18:00:00,Z014,79.0,94.0,89.6,121,MEDIUM,1
2026-01-18 18:30:00,Z014,94.0,106.0,99.8,121,MEDIUM,0
2026-01-18 19:00:00,Z014,106.0,112.0,107.3,121,HIGH,0
2026-01-18 19:30:00,Z014,112.0,119.0,110.0,121,HIGH,0
2026-01-18 20:00:00,Z014,119.0,67.0,65.2,121,LOW,0
2026-01-18 20:30:00,Z014,67.0,42.0,44.1,121,LOW,0
2026-01-18 21:00:00,Z014,42.0,37.0,32.3,121,LOW,0
2026-01-18 21:30:00,Z014,37.0,17.0,24.5,121,LOW,0
2026-01-18 22:00:00,Z014,17.0,19.0,17.7,121,LOW,0
2026-01-18 22:30:00,Z014,19.0,16.0,17.8,121,LOW,0
2026-01-18 23:00:00,Z014,16.0,26.0,16.7,121,LOW,1
2026-01-18 23:30:00,Z014,26.0,31.0,25.2,121,LOW,1
2026-01-19 00:00:00,Z014,31.0,16.0,17.7,121,LOW,0
2026-01-19 00:30:00,Z014,16.0,6.0,7.7,121,LOW,0
2026-01-19 01:00:00,Z014,6.0,3.0,3.6,121,LOW,0
2026-01-19 01:30:00,Z014,3.0,2.0,2.4,121,LOW,1
2026-01-19 02:00:00,Z014,2.0,0.0,1.2,121,LOW,0
2026-01-19 02:30:00,Z014,0.0,0.0,0.7,121,LOW,1
2026-01-19 03:00:00,Z014,0.0,2.0,0.5,121,LOW,1
2026-01-19 03:30:00,Z014,2.0,1.0,1.6,121,LOW,1
2026-01-19 04:00:00,Z014,1.0,2.0,1.4,121,LOW,1
2026-01-19 04:30:00,Z014,2.0,2.0,1.8,121,LOW,0
2026-01-19 05:00:00,Z014,2.0,8.0,9.5,121,LOW,0
2026-01-19 05:30:00,Z014,8.0,12.0,15.9,121,LOW,1
2026-01-19 06:00:00,Z014,12.0,12.0,17.1,121,LOW,1
2026-01-19 06:30:00,Z014,12.0,19.0,17.1,121,LOW,0
2026-01-19 07:00:00,Z014,19.0,18.0,20.1,121,LOW,0
2026-01-19 07:30:00,Z014,18.0,17.0,17.9,121,LOW,0
2026-01-19 08:00:00,Z014,17.0,44.0,41.3,121,LOW,0
2026-01-19 08:30:00,Z014,44.0,73.0,64.8,121,LOW,0
2026-01-19 09:00:00,Z014,73.0,79.0,69.7,121,LOW,1
2026-01-19 09:30:00,Z014,79.0,71.0,73.9,121,MEDIUM,0
2026-01-19 10:00:00,Z014,71.0,67.0,68.1,121,LOW,0
2026-01-19 10:30:00,Z014,67.0,64.0,70.6,121,LOW,1
2026-01-19 11:00:00,Z014,64.0,49.0,49.0,121,LOW,0
2026-01-19 11:30:00,Z014,49.0,34.0,34.2,121,LOW,0
2026-01-19 12:00:00,Z014,34.0,56.0,54.7,121,LOW,0
2026-01-19 12:30:00,Z014,56.0,63.0,66.1,121,LOW,0
2026-01-19 13:00:00,Z014,63.0,72.0,73.6,121,MEDIUM,0
2026-01-19 13:30:00,Z014,72.0,75.0,74.3,121,MEDIUM,0
2026-01-19 14:00:00,Z014,75.0,63.0,58.6,121,LOW,0
2026-01-19 14:30:00,Z014,63.0,46.0,44.6,121,LOW,0
2026-01-19 15:00:00,Z014,46.0,35.0,29.2,121,LOW,1
2026-01-19 15:30:00,Z014,35.0,24.0,26.9,121,LOW,0
2026-01-19 16:00:00,Z014,24.0,28.0,25.8,121,LOW,0
2026-01-19 16:30:00,Z014,28.0,21.0,23.5,121,LOW,0
2026-01-19 17:00:00,Z014,21.0,55.0,56.0,121,LOW,0
2026-01-19 17:30:00,Z014,55.0,69.0,69.6,121,LOW,0
2026-01-19 18:00:00,Z014,69.0,89.0,80.3,121,MEDIUM,1
2026-01-19 18:30:00,Z014,89.0,83.0,89.4,121,MEDIUM,0
2026-01-19 19:00:00,Z014,83.0,93.0,87.5,121,MEDIUM,1
2026-01-19 19:30:00,Z014,93.0,95.0,94.0,121,MEDIUM,0
2026-01-19 20:00:00,Z014,95.0,60.0,63.1,121,LOW,1
2026-01-19 20:30:00,Z014,60.0,38.0,40.6,121,LOW,0
2026-01-19 21:00:00,Z014,38.0,21.0,25.3,121,LOW,0
2026-01-19 21:30:00,Z014,21.0,18.0,18.5,121,LOW,0
2026-01-19 22:00:00,Z014,18.0,17.0,21.6,121,LOW,1
2026-01-19 22:30:00,Z014,17.0,17.0,18.3,121,LOW,0
2026-01-19 23:00:00,Z014,17.0,18.0,19.5,121,LOW,1
2026-01-19 23:30:00,Z014,18.0,30.0,23.5,121,LOW,0
2026-01-20 00:00:00,Z014,30.0,18.0,17.6,121,LOW,0
2026-01-20 00:30:00,Z014,18.0,11.0,10.0,121,LOW,0
2026-01-20 01:00:00,Z014,11.0,5.0,5.1,121,LOW,0
2026-01-20 01:30:00,Z014,5.0,3.0,4.2,121,LOW,1
2026-01-20 02:00:00,Z014,3.0,2.0,2.1,121,LOW,0
2026-01-20 02:30:00,Z014,2.0,2.0,1.8,121,LOW,0
2026-01-20 03:00:00,Z014,2.0,3.0,1.9,121,LOW,1
2026-01-20 03:30:00,Z014,3.0,1.0,1.6,121,LOW,0
2026-01-20 04:00:00,Z014,1.0,2.0,1.9,121,LOW,0
2026-01-20 04:30:00,Z014,2.0,3.0,2.4,121,LOW,0
2026-01-20 05:00:00,Z014,3.0,11.0,12.4,121,LOW,0
2026-01-20 05:30:00,Z014,11.0,18.0,18.2,121,LOW,0
2026-01-20 06:00:00,Z014,18.0,17.0,18.0,121,LOW,0
2026-01-20 06:30:00,Z014,17.0,22.0,20.5,121,LOW,0
2026-01-20 07:00:00,Z014,22.0,28.0,22.5,121,LOW,1
2026-01-20 07:30:00,Z014,28.0,22.0,23.7,121,LOW,0
2026-01-20 08:00:00,Z014,22.0,43.0,41.4,121,LOW,0
2026-01-20 08:30:00,Z014,43.0,62.0,60.4,121,LOW,0
2026-01-20 09:00:00,Z014,62.0,49.0,63.3,121,LOW,1
2026-01-20 09:30:00,Z014,49.0,61.0,58.6,121,LOW,0
2026-01-20 10:00:00,Z014,61.0,62.0,63.4,121,LOW,0
2026-01-20 10:30:00,Z014,62.0,66.0,63.8,121,LOW,0
2026-01-20 11:00:00,Z014,66.0,45.0,46.3,121,LOW,0
2026-01-20 11:30:00,Z014,45.0,31.0,30.7,121,LOW,0
2026-01-20 12:00:00,Z014,31.0,60.0,55.7,121,LOW,0
2026-01-20 12:30:00,Z014,60.0,65.0,69.5,121,LOW,0
2026-01-20 13:00:00,Z014,65.0,84.0,74.9,121,MEDIUM,1
2026-01-20 13:30:00,Z014,84.0,73.0,90.2,121,MEDIUM,1
2026-01-20 14:00:00,Z014,73.0,37.0,44.5,121,LOW,0
2026-01-20 14:30:00,Z014,37.0,26.0,27.5,121,LOW,1
2026-01-20 15:00:00,Z014,26.0,22.0,22.5,121,LOW,0
2026-01-20 15:30:00,Z014,22.0,30.0,25.5,121,LOW,0
2026-01-20 16:00:00,Z014,30.0,25.0,24.9,121,LOW,0
2026-01-20 16:30:00,Z014,25.0,22.0,22.5,121,LOW,0
2026-01-20 17:00:00,Z014,22.0,53.0,52.9,121,LOW,0
2026-01-20 17:30:00,Z014,53.0,65.0,69.2,121,LOW,0
2026-01-20 18:00:00,Z014,65.0,79.0,76.8,121,MEDIUM,0
2026-01-20 18:30:00,Z014,79.0,80.0,92.9,121,MEDIUM,1
2026-01-20 19:00:00,Z014,80.0,99.0,92.7,121,MEDIUM,0
2026-01-20 19:30:00,Z014,99.0,93.0,91.8,121,MEDIUM,0
2026-01-20 20:00:00,Z014,93.0,62.0,60.3,121,LOW,0
2026-01-20 20:30:00,Z014,62.0,37.0,40.3,121,LOW,0
2026-01-20 21:00:00,Z014,37.0,31.0,28.9,121,LOW,0
2026-01-20 21:30:00,Z014,31.0,26.0,26.9,121,LOW,0
2026-01-20 22:00:00,Z014,26.0,21.0,23.8,121,LOW,0
2026-01-20 22:30:00,Z014,21.0,12.0,18.1,121,LOW,1
2026-01-20 23:00:00,Z014,12.0,26.0,20.3,121,LOW,0
2026-01-20 23:30:00,Z014,26.0,30.0,26.1,121,LOW,0
2026-01-21 00:00:00,Z014,30.0,19.0,18.2,121,LOW,0
2026-01-21 00:30:00,Z014,19.0,9.0,9.2,121,LOW,0
2026-01-21 01:00:00,Z014,9.0,2.0,5.6,121,LOW,1
2026-01-21 01:30:00,Z014,2.0,1.0,2.3,121,LOW,1
2026-01-21 02:00:00,Z014,1.0,1.0,1.5,121,LOW,0
2026-01-21 02:30:00,Z014,1.0,1.0,1.5,121,LOW,0
2026-01-21 03:00:00,Z014,1.0,1.0,1.6,121,LOW,0
2026-01-21 03:30:00,Z014,1.0,2.0,1.6,121,LOW,0
2026-01-21 04:00:00,Z014,2.0,1.0,2.0,121,LOW,1
2026-01-21 04:30:00,Z014,1.0,2.0,1.6,121,LOW,0
2026-01-21 05:00:00,Z014,2.0,16.0,9.5,121,LOW,1
2026-01-21 05:30:00,Z014,16.0,19.0,19.3,121,LOW,0
2026-01-21 06:00:00,Z014,19.0,17.0,19.5,121,LOW,0
2026-01-21 06:30:00,Z014,17.0,19.0,19.4,121,LOW,0
2026-01-21 07:00:00,Z014,19.0,19.0,20.3,121,LOW,0
2026-01-21 07:30:00,Z014,19.0,23.0,20.3,121,LOW,0
2026-01-21 08:00:00,Z014,23.0,46.0,42.8,121,LOW,0
2026-01-21 08:30:00,Z014,46.0,59.0,61.9,121,LOW,0
2026-01-21 09:00:00,Z014,59.0,66.0,63.0,121,LOW,0
2026-01-21 09:30:00,Z014,66.0,68.0,72.5,121,LOW,1
2026-01-21 10:00:00,Z014,68.0,76.0,72.2,121,LOW,0
2026-01-21 10:30:00,Z014,76.0,76.0,75.3,121,MEDIUM,0
2026-01-21 11:00:00,Z014,76.0,51.0,51.0,121,LOW,0
2026-01-21 11:30:00,Z014,51.0,33.0,35.6,121,LOW,0
2026-01-21 12:00:00,Z014,33.0,54.0,54.3,121,LOW,0
2026-01-21 12:30:00,Z014,54.0,64.0,72.6,121,MEDIUM,1
2026-01-21 13:00:00,Z014,64.0,77.0,73.9,121,MEDIUM,0
2026-01-21 13:30:00,Z014,77.0,88.0,84.5,121,MEDIUM,0
2026-01-21 14:00:00,Z014,88.0,61.0,59.5,121,LOW,0
2026-01-21 14:30:00,Z014,61.0,43.0,41.6,121,LOW,1
2026-01-21 15:00:00,Z014,43.0,26.0,26.8,121,LOW,0
2026-01-21 15:30:00,Z014,26.0,21.0,22.8,121,LOW,0
2026-01-21 16:00:00,Z014,21.0,27.0,23.9,121,LOW,0
2026-01-21 16:30:00,Z014,27.0,24.0,24.2,121,LOW,0
2026-01-21 17:00:00,Z014,24.0,52.0,54.0,121,LOW,0
2026-01-21 17:30:00,Z014,52.0,68.0,71.8,121,LOW,1
2026-01-21 18:00:00,Z014,68.0,88.0,81.4,121,MEDIUM,0
2026-01-21 18:30:00,Z014,88.0,113.0,98.1,121,MEDIUM,0
2026-01-21 19:00:00,Z014,113.0,103.0,101.3,121,MEDIUM,0
2026-01-21 19:30:00,Z014,103.0,111.0,97.1,121,MEDIUM,1
2026-01-21 20:00:00,Z014,111.0,60.0,63.1,121,LOW,0
2026-01-21 20:30:00,Z014,60.0,37.0,42.1,121,LOW,1
2026-01-21 21:00:00,Z014,37.0,30.0,26.7,121,LOW,0
2026-01-21 21:30:00,Z014,30.0,33.0,27.7,121,LOW,0
2026-01-21 22:00:00,Z014,33.0,22.0,24.7,121,LOW,0
2026-01-21 22:30:00,Z014,22.0,23.0,21.3,121,LOW,1
2026-01-21 23:00:00,Z014,23.0,27.0,23.3,121,LOW,0
2026-01-14 23:00:00,Z015,18.0,15.0,17.6,116,LOW,0
2026-01-14 23:30:00,Z015,15.0,21.0,20.3,116,LOW,0
2026-01-15 00:00:00,Z015,21.0,9.0,9.0,116,LOW,0
2026-01-15 00:30:00,Z015,9.0,2.0,3.2,116,LOW,0
2026-01-15 01:00:00,Z015,2.0,1.0,1.6,116,LOW,0
2026-01-15 01:30:00,Z015,1.0,2.0,1.7,116,LOW,0
2026-01-15 02:00:00,Z015,2.0,3.0,2.3,116,LOW,0
2026-01-15 02:30:00,Z015,3.0,4.0,3.8,116,LOW,0
2026-01-15 03:00:00,Z015,4.0,2.0,2.7,116,LOW,0
2026-01-15 03:30:00,Z015,2.0,2.0,1.6,116,LOW,1
2026-01-15 04:00:00,Z015,2.0,1.0,1.2,116,LOW,0
2026-01-15 04:30:00,Z015,1.0,1.0,1.0,116,LOW,0
2026-01-15 05:00:00,Z015,1.0,18.0,13.9,116,LOW,0
2026-01-15 05:30:00,Z015,18.0,21.0,20.3,116,LOW,1
2026-01-15 06:00:00,Z015,21.0,29.0,24.7,116,LOW,0
2026-01-15 06:30:00,Z015,29.0,28.0,27.6,116,LOW,0
2026-01-15 07:00:00,Z015,28.0,32.0,27.9,116,LOW,0
2026-01-15 07:30:00,Z015,32.0,26.0,26.6,116,LOW,0
2026-01-15 08:00:00,Z015,26.0,51.0,48.1,116,LOW,0
2026-01-15 08:30:00,Z015,51.0,59.0,63.9,116,LOW,1
2026-01-15 09:00:00,Z015,59.0,67.0,65.8,116,LOW,0
2026-01-15 09:30:00,Z015,67.0,68.0,67.4,116,LOW,0
2026-01-15 10:00:00,Z015,68.0,53.0,60.2,116,LOW,0
2026-01-15 10:30:00,Z015,53.0,74.0,64.2,116,LOW,0
2026-01-15 11:00:00,Z015,74.0,45.0,43.1,116,LOW,0
2026-01-15 11:30:00,Z015,45.0,30.0,29.1,116,LOW,0
2026-01-15 12:00:00,Z015,30.0,46.0,47.5,116,LOW,0
2026-01-15 12:30:00,Z015,46.0,72.0,55.1,116,LOW,1
2026-01-15 13:00:00,Z015,72.0,78.0,75.2,116,MEDIUM,0
2026-01-15 13:30:00,Z015,78.0,91.0,74.6,116,MEDIUM,1
2026-01-15 14:00:00,Z015,91.0,43.0,44.4,116,LOW,0
2026-01-15 14:30:00,Z015,43.0,25.0,24.8,116,LOW,0
2026-01-15 15:00:00,Z015,25.0,22.0,23.7,116,LOW,0
2026-01-15 15:30:00,Z015,22.0,25.0,20.7,116,LOW,1
2026-01-15 16:00:00,Z015,25.0,25.0,26.4,116,LOW,1
2026-01-15 16:30:00,Z015,25.0,30.0,26.4,116,LOW,0
2026-01-15 17:00:00,Z015,30.0,72.0,66.6,116,LOW,0
2026-01-15 17:30:00,Z015,72.0,76.0,79.8,116,MEDIUM,1
2026-01-15 18:00:00,Z015,76.0,77.0,78.6,116,MEDIUM,0
2026-01-15 18:30:00,Z015,77.0,77.0,79.1,116,MEDIUM,0
2026-01-15 19:00:00,Z015,77.0,70.0,73.6,116,MEDIUM,0
2026-01-15 19:30:00,Z015,70.0,81.0,76.1,116,MEDIUM,0
2026-01-15 20:00:00,Z015,81.0,38.0,52.8,116,LOW,1
2026-01-15 20:30:00,Z015,38.0,26.0,25.2,116,LOW,0
2026-01-15 21:00:00,Z015,26.0,21.0,20.9,116,LOW,1
2026-01-15 21:30:00,Z015,21.0,20.0,20.3,116,LOW,0
2026-01-15 22:00:00,Z015,20.0,18.0,21.3,116,LOW,0
2026-01-15 22:30:00,Z015,18.0,16.0,20.0,116,LOW,1
2026-01-15 23:00:00,Z015,16.0,20.0,18.8,116,LOW,0
2026-01-15 23:30:00,Z015,20.0,32.0,25.0,116,LOW,0
2026-01-16 00:00:00,Z015,32.0,12.0,16.0,116,LOW,0
2026-01-16 00:30:00,Z015,12.0,2.0,5.5,116,LOW,1
2026-01-16 01:00:00,Z015,2.0,1.0,1.4,116,LOW,0
2026-01-16 01:30:00,Z015,1.0,2.0,1.8,116,LOW,0
2026-01-16 02:00:00,Z015,2.0,0.0,1.3,116,LOW,0
2026-01-16 02:30:00,Z015,0.0,2.0,1.8,116,LOW,0
2026-01-16 03:00:00,Z015,2.0,3.0,2.0,116,LOW,0
2026-01-16 03:30:00,Z015,3.0,3.0,2.9,116,LOW,0
2026-01-16 04:00:00,Z015,3.0,5.0,3.2,116,LOW,0
2026-01-16 04:30:00,Z015,5.0,5.0,4.9,116,LOW,0
2026-01-16 05:00:00,Z015,5.0,19.0,16.0,116,LOW,0
2026-01-16 05:30:00,Z015,19.0,22.0,21.8,116,LOW,0
2026-01-16 06:00:00,Z015,22.0,23.0,23.6,116,LOW,1
2026-01-16 06:30:00,Z015,23.0,24.0,23.6,116,LOW,0
2026-01-16 07:00:00,Z015,24.0,21.0,22.7,116,LOW,0
2026-01-16 07:30:00,Z015,21.0,22.0,21.9,116,LOW,0
2026-01-16 08:00:00,Z015,22.0,49.0,43.0,116,LOW,1
2026-01-16 08:30:00,Z015,49.0,61.0,62.4,116,LOW,0
2026-01-16 09:00:00,Z015,61.0,68.0,61.8,116,LOW,1
2026-01-16 09:30:00,Z015,68.0,66.0,65.0,116,LOW,0
2026-01-16 10:00:00,Z015,66.0,64.0,64.1,116,LOW,0
2026-01-16 10:30:00,Z015,64.0,57.0,62.7,116,LOW,0
2026-01-16 11:00:00,Z015,57.0,24.0,29.9,116,LOW,0
2026-01-16 11:30:00,Z015,24.0,11.0,38.6,116,LOW,1
2026-01-16 12:00:00,Z015,11.0,52.0,34.7,116,LOW,0
2026-01-16 12:30:00,Z015,52.0,65.0,70.1,116,MEDIUM,1
2026-01-16 13:00:00,Z015,65.0,73.0,73.3,116,MEDIUM,0
2026-01-16 13:30:00,Z015,73.0,78.0,76.8,116,MEDIUM,0
2026-01-16 14:00:00,Z015,78.0,34.0,41.6,116,LOW,0
2026-01-16 14:30:00,Z015,34.0,22.0,22.8,116,LOW,0
2026-01-16 15:00:00,Z015,22.0,31.0,25.2,116,LOW,0
2026-01-16 15:30:00,Z015,31.0,31.0,26.6,116,LOW,0
2026-01-16 16:00:00,Z015,31.0,20.0,24.6,116,LOW,0
2026-01-16 16:30:00,Z015,20.0,19.0,19.8,116,LOW,0
2026-01-16 17:00:00,Z015,19.0,51.0,54.9,116,LOW,0
2026-01-16 17:30:00,Z015,51.0,64.0,66.7,116,LOW,0
2026-01-16 18:00:00,Z015,64.0,69.0,71.9,116,MEDIUM,0
2026-01-16 18:30:00,Z015,69.0,91.0,74.4,116,MEDIUM,1
2026-01-16 19:00:00,Z015,91.0,95.0,90.0,116,MEDIUM,0
2026-01-16 19:30:00,Z015,95.0,94.0,89.9,116,MEDIUM,0
2026-01-16 20:00:00,Z015,94.0,56.0,55.0,116,LOW,1
2026-01-16 20:30:00,Z015,56.0,36.0,33.6,116,LOW,0
2026-01-16 21:00:00,Z015,36.0,22.0,23.2,116,LOW,0
2026-01-16 21:30:00,Z015,22.0,22.0,21.7,116,LOW,0
2026-01-16 22:00:00,Z015,22.0,19.0,21.6,116,LOW,1
2026-01-16 22:30:00,Z015,19.0,22.0,22.4,116,LOW,1
2026-01-16 23:00:00,Z015,22.0,22.0,21.1,116,LOW,0
2026-01-16 23:30:00,Z015,22.0,19.0,21.1,116,LOW,0
2026-01-17 00:00:00,Z015,19.0,6.0,7.9,116,LOW,0
2026-01-17 00:30:00,Z015,6.0,2.0,2.7,116,LOW,0
2026-01-17 01:00:00,Z015,2.0,0.0,0.7,116,LOW,0
2026-01-17 01:30:00,Z015,0.0,1.0,1.4,116,LOW,0
2026-01-17 02:00:00,Z015,1.0,1.0,1.7,116,LOW,0
2026-01-17 02:30:00,Z015,1.0,2.0,1.7,116,LOW,0
2026-01-17 03:00:00,Z015,2.0,0.0,0.7,116,LOW,0
2026-01-17 03:30:00,Z015,0.0,2.0,1.6,116,LOW,0
2026-01-17 04:00:00,Z015,2.0,1.0,1.2,116,LOW,0
2026-01-17 04:30:00,Z015,1.0,0.0,1.3,116,LOW,0
2026-01-17 05:00:00,Z015,0.0,15.0,14.0,116,LOW,0
2026-01-17 05:30:00,Z015,15.0,19.0,20.4,116,LOW,0
2026-01-17 06:00:00,Z015,19.0,18.0,20.6,116,LOW,0
2026-01-17 06:30:00,Z015,18.0,25.0,22.3,116,LOW,0
2026-01-17 07:00:00,Z015,25.0,24.0,23.2,116,LOW,0
2026-01-17 07:30:00,Z015,24.0,22.0,22.7,116,LOW,0
2026-01-17 08:00:00,Z015,22.0,45.0,42.1,116,LOW,0
2026-01-17 08:30:00,Z015,45.0,64.0,62.9,116,LOW,0
2026-01-17 09:00:00,Z015,64.0,70.0,71.8,116,MEDIUM,0
2026-01-17 09:30:00,Z015,70.0,57.0,64.5,116,LOW,0
2026-01-17 10:00:00,Z015,57.0,67.0,63.5,116,LOW,1
2026-01-17 10:30:00,Z015,67.0,81.0,72.0,116,MEDIUM,0
2026-01-17 11:00:00,Z015,81.0,43.0,63.4,116,LOW,1
2026-01-17 11:30:00,Z015,43.0,35.0,31.1,116,LOW,0
2026-01-17 12:00:00,Z015,35.0,50.0,52.4,116,LOW,0
2026-01-17 12:30:00,Z015,50.0,78.0,69.7,116,MEDIUM,0
2026-01-17 13:00:00,Z015,78.0,71.0,73.1,116,MEDIUM,0
2026-01-17 13:30:00,Z015,71.0,67.0,71.8,116,MEDIUM,1
2026-01-17 14:00:00,Z015,67.0,44.0,37.4,116,LOW,1
2026-01-17 14:30:00,Z015,44.0,22.0,24.8,116,LOW,0
2026-01-17 15:00:00,Z015,22.0,23.0,23.2,116,LOW,0
2026-01-17 15:30:00,Z015,23.0,24.0,23.5,116,LOW,0
2026-01-17 16:00:00,Z015,24.0,24.0,24.3,116,LOW,1
2026-01-17 16:30:00,Z015,24.0,23.0,24.3,116,LOW,0
2026-01-17 17:00:00,Z015,23.0,51.0,49.9,116,LOW,1
2026-01-17 17:30:00,Z015,51.0,81.0,76.5,116,MEDIUM,0
2026-01-17 18:00:00,Z015,81.0,84.0,84.7,116,MEDIUM,1
2026-01-17 18:30:00,Z015,84.0,85.0,85.7,116,MEDIUM,0
2026-01-17 19:00:00,Z015,85.0,93.0,87.5,116,MEDIUM,0
2026-01-17 19:30:00,Z015,93.0,94.0,94.3,116,MEDIUM,0
2026-01-17 20:00:00,Z015,94.0,55.0,50.0,116,LOW,1
2026-01-17 20:30:00,Z015,55.0,26.0,28.8,116,LOW,0
2026-01-17 21:00:00,Z015,26.0,20.0,21.9,116,LOW,0
2026-01-17 21:30:00,Z015,20.0,27.0,24.1,116,LOW,1
2026-01-17 22:00:00,Z015,27.0,27.0,25.5,116,LOW,0
2026-01-17 22:30:00,Z015,27.0,25.0,25.5,116,LOW,0
2026-01-17 23:00:00,Z015,25.0,24.0,23.6,116,LOW,0
2026-01-17 23:30:00,Z015,24.0,27.0,23.7,116,LOW,0
2026-01-18 00:00:00,Z015,27.0,10.0,11.2,116,LOW,0
2026-01-18 00:30:00,Z015,10.0,4.0,4.3,116,LOW,0
2026-01-18 01:00:00,Z015,4.0,4.0,4.4,116,LOW,0
2026-01-18 01:30:00,Z015,4.0,7.0,4.4,116,LOW,0
2026-01-18 02:00:00,Z015,7.0,4.0,4.2,116,LOW,0
2026-01-18 02:30:00,Z015,4.0,3.0,4.1,116,LOW,0
2026-01-18 03:00:00,Z015,3.0,3.0,2.6,116,LOW,1
2026-01-18 03:30:00,Z015,3.0,3.0,2.6,116,LOW,0
2026-01-18 04:00:00,Z015,3.0,1.0,2.7,116,LOW,1
2026-01-18 04:30:00,Z015,1.0,1.0,2.4,116,LOW,0
2026-01-18 05:00:00,Z015,1.0,13.0,12.2,116,LOW,0
2026-01-18 05:30:00,Z015,13.0,22.0,21.4,116,LOW,0
2026-01-18 06:00:00,Z015,22.0,24.0,21.1,116,LOW,1
2026-01-18 06:30:00,Z015,24.0,23.0,22.0,116,LOW,0
2026-01-18 07:00:00,Z015,23.0,16.0,20.8,116,LOW,1
2026-01-18 07:30:00,Z015,16.0,22.0,21.8,116,LOW,0
2026-01-18 08:00:00,Z015,22.0,43.0,42.6,116,LOW,0
2026-01-18 08:30:00,Z015,43.0,60.0,58.3,116,LOW,1
2026-01-18 09:00:00,Z015,60.0,67.0,65.3,116,LOW,0
2026-01-18 09:30:00,Z015,67.0,55.0,62.3,116,LOW,0
2026-01-18 10:00:00,Z015,55.0,47.0,52.4,116,LOW,0
2026-01-18 10:30:00,Z015,47.0,53.0,52.6,116,LOW,0
2026-01-18 11:00:00,Z015,53.0,35.0,34.3,116,LOW,1
2026-01-18 11:30:00,Z015,35.0,33.0,26.8,116,LOW,0
2026-01-18 12:00:00,Z015,33.0,53.0,52.4,116,LOW,1
2026-01-18 12:30:00,Z015,53.0,66.0,68.4,116,LOW,0
2026-01-18 13:00:00,Z015,66.0,72.0,71.7,116,MEDIUM,0
2026-01-18 13:30:00,Z015,72.0,74.0,72.7,116,MEDIUM,0
2026-01-18 14:00:00,Z015,74.0,42.0,42.1,116,LOW,0
2026-01-18 14:30:00,Z015,42.0,32.0,27.8,116,LOW,0
2026-01-18 15:00:00,Z015,32.0,17.0,21.8,116,LOW,0
2026-01-18 15:30:00,Z015,17.0,21.0,19.4,116,LOW,0
2026-01-18 16:00:00,Z015,21.0,21.0,19.4,116,LOW,0
2026-01-18 16:30:00,Z015,21.0,18.0,19.4,116,LOW,0
2026-01-18 17:00:00,Z015,18.0,65.0,58.8,116,LOW,0
2026-01-18 17:30:00,Z015,65.0,75.0,77.3,116,MEDIUM,0
2026-01-18 18:00:00,Z015,75.0,71.0,76.8,116,MEDIUM,0
2026-01-18 18:30:00,Z015,71.0,92.0,85.6,116,MEDIUM,0
2026-01-18 19:00:00,Z015,92.0,90.0,92.0,116,MEDIUM,0
2026-01-18 19:30:00,Z015,90.0,82.0,83.4,116,MEDIUM,0
2026-01-18 20:00:00,Z015,82.0,63.0,49.0,116,LOW,1
2026-01-18 20:30:00,Z015,63.0,39.0,38.0,116,LOW,0
2026-01-18 21:00:00,Z015,39.0,22.0,24.2,116,LOW,0
2026-01-18 21:30:00,Z015,22.0,20.0,21.8,116,LOW,0
2026-01-18 22:00:00,Z015,20.0,31.0,25.8,116,LOW,0
2026-01-18 22:30:00,Z015,31.0,27.0,25.4,116,LOW,0
2026-01-18 23:00:00,Z015,27.0,22.0,24.7,116,LOW,0
2026-01-18 23:30:00,Z015,22.0,16.0,22.4,116,LOW,1
2026-01-19 00:00:00,Z015,16.0,9.0,8.1,116,LOW,0
2026-01-19 00:30:00,Z015,9.0,5.0,4.3,116,LOW,0
2026-01-19 01:00:00,Z015,5.0,1.0,2.2,116,LOW,0
2026-01-19 01:30:00,Z015,1.0,1.0,2.1,116,LOW,0
2026-01-19 02:00:00,Z015,1.0,1.0,2.4,116,LOW,1
2026-01-19 02:30:00,Z015,1.0,4.0,2.4,116,LOW,0
2026-01-19 03:00:00,Z015,4.0,4.0,3.0,116,LOW,0
2026-01-19 03:30:00,Z015,4.0,2.0,3.0,116,LOW,0
2026-01-19 04:00:00,Z015,2.0,1.0,1.5,116,LOW,0
2026-01-19 04:30:00,Z015,1.0,0.0,1.2,116,LOW,0
2026-01-19 05:00:00,Z015,0.0,9.0,12.2,116,LOW,1
2026-01-19 05:30:00,Z015,9.0,19.0,20.8,116,LOW,0
2026-01-19 06:00:00,Z015,19.0,20.0,19.8,116,LOW,0
2026-01-19 06:30:00,Z015,20.0,12.0,17.9,116,LOW,0
2026-01-19 07:00:00,Z015,12.0,12.0,17.1,116,LOW,0
2026-01-19 07:30:00,Z015,12.0,20.0,17.1,116,LOW,1
2026-01-19 08:00:00,Z015,20.0,55.0,49.2,116,LOW,0
2026-01-19 08:30:00,Z015,55.0,47.0,54.2,116,LOW,0
2026-01-19 09:00:00,Z015,47.0,52.0,54.7,116,LOW,0
2026-01-19 09:30:00,Z015,52.0,52.0,55.9,116,LOW,0
2026-01-19 10:00:00,Z015,52.0,68.0,59.5,116,LOW,0
2026-01-19 10:30:00,Z015,68.0,70.0,65.8,116,LOW,1
2026-01-19 11:00:00,Z015,70.0,37.0,42.3,116,LOW,1
2026-01-19 11:30:00,Z015,37.0,24.0,23.2,116,LOW,1
2026-01-19 12:00:00,Z015,24.0,58.0,54.9,116,LOW,0
2026-01-19 12:30:00,Z015,58.0,63.0,66.0,116,LOW,0
2026-01-19 13:00:00,Z015,63.0,78.0,73.9,116,MEDIUM,0
2026-01-19 13:30:00,Z015,78.0,79.0,75.6,116,MEDIUM,0
2026-01-19 14:00:00,Z015,79.0,57.0,47.8,116,LOW,0
2026-01-19 14:30:00,Z015,57.0,30.0,32.5,116,LOW,0
2026-01-19 15:00:00,Z015,30.0,21.0,25.4,116,LOW,1
2026-01-19 15:30:00,Z015,21.0,21.0,18.4,116,LOW,1
2026-01-19 16:00:00,Z015,21.0,17.0,18.7,116,LOW,0
2026-01-19 16:30:00,Z015,17.0,14.0,17.3,116,LOW,0
2026-01-19 17:00:00,Z015,14.0,60.0,61.3,116,LOW,0
2026-01-19 17:30:00,Z015,60.0,77.0,75.6,116,MEDIUM,0
2026-01-19 18:00:00,Z015,77.0,96.0,89.7,116,MEDIUM,0
2026-01-19 18:30:00,Z015,96.0,85.0,87.2,116,MEDIUM,0
2026-01-19 19:00:00,Z015,85.0,87.0,86.2,116,MEDIUM,0
2026-01-19 19:30:00,Z015,87.0,86.0,86.0,116,MEDIUM,0
2026-01-19 20:00:00,Z015,86.0,62.0,54.3,116,LOW,0
2026-01-19 20:30:00,Z015,62.0,36.0,36.2,116,LOW,0
2026-01-19 21:00:00,Z015,36.0,27.0,23.8,116,LOW,0
2026-01-19 21:30:00,Z015,27.0,25.0,21.1,116,LOW,1
2026-01-19 22:00:00,Z015,25.0,24.0,23.1,116,LOW,0
2026-01-19 22:30:00,Z015,24.0,20.0,21.3,116,LOW,0
2026-01-19 23:00:00,Z015,20.0,23.0,23.6,116,LOW,0
2026-01-19 23:30:00,Z015,23.0,21.0,21.7,116,LOW,0
2026-01-20 00:00:00,Z015,21.0,12.0,9.4,116,LOW,1
2026-01-20 00:30:00,Z015,12.0,4.0,5.4,116,LOW,1
2026-01-20 01:00:00,Z015,4.0,1.0,4.4,116,LOW,1
2026-01-20 01:30:00,Z015,1.0,4.0,2.8,116,LOW,0
2026-01-20 02:00:00,Z015,4.0,5.0,4.3,116,LOW,0
2026-01-20 02:30:00,Z015,5.0,3.0,3.5,116,LOW,0
2026-01-20 03:00:00,Z015,3.0,1.0,1.6,116,LOW,0
2026-01-20 03:30:00,Z015,1.0,3.0,2.6,116,LOW,0
2026-01-20 04:00:00,Z015,3.0,2.0,2.0,116,LOW,0
2026-01-20 04:30:00,Z015,2.0,2.0,2.0,116,LOW,0
2026-01-20 05:00:00,Z015,2.0,10.0,11.3,116,LOW,0
2026-01-20 05:30:00,Z015,10.0,21.0,21.2,116,LOW,1
2026-01-20 06:00:00,Z015,21.0,25.0,22.6,116,LOW,0
2026-01-20 06:30:00,Z015,25.0,25.0,24.1,116,LOW,0
2026-01-20 07:00:00,Z015,25.0,20.0,22.5,116,LOW,0
2026-01-20 07:30:00,Z015,20.0,17.0,18.2,116,LOW,0
2026-01-20 08:00:00,Z015,17.0,31.0,39.4,116,LOW,0
2026-01-20 08:30:00,Z015,31.0,58.0,50.5,116,LOW,0
2026-01-20 09:00:00,Z015,58.0,65.0,62.9,116,LOW,0
2026-01-20 09:30:00,Z015,65.0,52.0,57.8,116,LOW,0
2026-01-20 10:00:00,Z015,52.0,55.0,57.3,116,LOW,0
2026-01-20 10:30:00,Z015,55.0,54.0,58.2,116,LOW,1
2026-01-20 11:00:00,Z015,54.0,36.0,34.3,116,LOW,0
2026-01-20 11:30:00,Z015,36.0,20.0,23.7,116,LOW,0
2026-01-20 12:00:00,Z015,20.0,38.0,43.6,116,LOW,0
2026-01-20 12:30:00,Z015,38.0,57.0,52.5,116,LOW,1
2026-01-20 13:00:00,Z015,57.0,66.0,65.9,116,LOW,0
2026-01-20 13:30:00,Z015,66.0,77.0,76.0,116,MEDIUM,0
2026-01-20 14:00:00,Z015,77.0,38.0,40.8,116,LOW,0
2026-01-20 14:30:00,Z015,38.0,28.0,26.8,116,LOW,0
2026-01-20 15:00:00,Z015,28.0,30.0,25.8,116,LOW,0
2026-01-20 15:30:00,Z015,30.0,26.0,26.3,116,LOW,0
2026-01-20 16:00:00,Z015,26.0,20.0,23.3,116,LOW,0
2026-01-20 16:30:00,Z015,20.0,18.0,18.5,116,LOW,0
2026-01-20 17:00:00,Z015,18.0,52.0,54.8,116,LOW,0
2026-01-20 17:30:00,Z015,52.0,73.0,67.4,116,LOW,1
2026-01-20 18:00:00,Z015,73.0,70.0,82.4,116,MEDIUM,1
2026-01-20 18:30:00,Z015,70.0,77.0,76.7,116,MEDIUM,0
2026-01-20 19:00:00,Z015,77.0,77.0,86.6,116,MEDIUM,0
2026-01-20 19:30:00,Z015,77.0,99.0,86.6,116,MEDIUM,0
2026-01-20 20:00:00,Z015,99.0,35.0,44.8,116,LOW,0
2026-01-20 20:30:00,Z015,35.0,32.0,21.3,116,LOW,1
2026-01-20 21:00:00,Z015,32.0,21.0,22.9,116,LOW,0
2026-01-20 21:30:00,Z015,21.0,18.0,18.4,116,LOW,0
2026-01-20 22:00:00,Z015,18.0,19.0,20.2,116,LOW,0
2026-01-20 22:30:00,Z015,19.0,24.0,22.9,116,LOW,0
2026-01-20 23:00:00,Z015,24.0,20.0,20.5,116,LOW,0
2026-01-20 23:30:00,Z015,20.0,18.0,21.9,116,LOW,1
2026-01-21 00:00:00,Z015,18.0,8.0,7.8,116,LOW,1
2026-01-21 00:30:00,Z015,8.0,2.0,3.2,116,LOW,0
2026-01-21 01:00:00,Z015,2.0,4.0,2.8,116,LOW,0
2026-01-21 01:30:00,Z015,4.0,3.0,3.9,116,LOW,0
2026-01-21 02:00:00,Z015,3.0,5.0,4.0,116,LOW,0
2026-01-21 02:30:00,Z015,5.0,2.0,2.5,116,LOW,0
2026-01-21 03:00:00,Z015,2.0,4.0,2.8,116,LOW,0
2026-01-21 03:30:00,Z015,4.0,5.0,3.8,116,LOW,0
2026-01-21 04:00:00,Z015,5.0,5.0,5.1,116,LOW,0
2026-01-21 04:30:00,Z015,5.0,6.0,5.1,116,LOW,0
2026-01-21 05:00:00,Z015,6.0,13.0,14.9,116,LOW,0
2026-01-21 05:30:00,Z015,13.0,22.0,21.2,116,LOW,0
2026-01-21 06:00:00,Z015,22.0,24.0,23.1,116,LOW,0
2026-01-21 06:30:00,Z015,24.0,22.0,22.6,116,LOW,0
2026-01-21 07:00:00,Z015,22.0,22.0,22.2,116,LOW,0
2026-01-21 07:30:00,Z015,22.0,25.0,22.2,116,LOW,1
2026-01-21 08:00:00,Z015,25.0,49.0,48.2,116,LOW,0
2026-01-21 08:30:00,Z015,49.0,73.0,66.8,116,LOW,0
2026-01-21 09:00:00,Z015,73.0,74.0,70.6,116,MEDIUM,0
2026-01-21 09:30:00,Z015,74.0,67.0,71.2,116,MEDIUM,1
2026-01-21 10:00:00,Z015,67.0,69.0,67.5,116,LOW,0
2026-01-21 10:30:00,Z015,69.0,61.0,66.3,116,LOW,1
2026-01-21 11:00:00,Z015,61.0,32.0,34.9,116,LOW,0
2026-01-21 11:30:00,Z015,32.0,26.0,27.0,116,LOW,0
2026-01-21 12:00:00,Z015,26.0,54.0,53.4,116,LOW,0
2026-01-21 12:30:00,Z015,54.0,82.0,73.4,116,MEDIUM,0
2026-01-21 13:00:00,Z015,82.0,78.0,78.4,116,MEDIUM,0
2026-01-21 13:30:00,Z015,78.0,71.0,75.4,116,MEDIUM,0
2026-01-21 14:00:00,Z015,71.0,45.0,44.1,116,LOW,0
2026-01-21 14:30:00,Z015,45.0,27.0,27.0,116,LOW,0
2026-01-21 15:00:00,Z015,27.0,21.0,22.3,116,LOW,0
2026-01-21 15:30:00,Z015,21.0,13.0,17.4,116,LOW,0
2026-01-21 16:00:00,Z015,13.0,13.0,14.9,116,LOW,0
2026-01-21 16:30:00,Z015,13.0,15.0,14.9,116,LOW,0
2026-01-21 17:00:00,Z015,15.0,70.0,62.2,116,LOW,0
2026-01-21 17:30:00,Z015,70.0,84.0,80.9,116,MEDIUM,0
2026-01-21 18:00:00,Z015,84.0,80.0,82.5,116,MEDIUM,0
2026-01-21 18:30:00,Z015,80.0,95.0,81.3,116,MEDIUM,1
2026-01-21 19:00:00,Z015,95.0,83.0,87.7,116,MEDIUM,0
2026-01-21 19:30:00,Z015,83.0,75.0,76.7,116,MEDIUM,0
2026-01-21 20:00:00,Z015,75.0,47.0,47.3,116,LOW,1
2026-01-21 20:30:00,Z015,47.0,25.0,24.7,116,LOW,0
2026-01-21 21:00:00,Z015,25.0,23.0,23.0,116,LOW,1
2026-01-21 21:30:00,Z015,23.0,26.0,23.8,116,LOW,0
2026-01-21 22:00:00,Z015,26.0,19.0,22.5,116,LOW,1
2026-01-21 22:30:00,Z015,19.0,24.0,23.5,116,LOW,0
2026-01-21 23:00:00,Z015,24.0,23.0,22.6,116,LOW,1
2026-01-14 23:00:00,Z016,18.0,14.0,17.2,124,LOW,0
2026-01-14 23:30:00,Z016,14.0,18.0,19.0,124,LOW,0
2026-01-15 00:00:00,Z016,18.0,7.0,7.2,124,LOW,0
2026-01-15 00:30:00,Z016,7.0,5.0,4.3,124,LOW,0
2026-01-15 01:00:00,Z016,5.0,5.0,4.8,124,LOW,0
2026-01-15 01:30:00,Z016,5.0,6.0,4.8,124,LOW,0
2026-01-15 02:00:00,Z016,6.0,3.0,3.3,124,LOW,0
2026-01-15 02:30:00,Z016,3.0,4.0,3.0,124,LOW,0
2026-01-15 03:00:00,Z016,4.0,3.0,2.6,124,LOW,0
2026-01-15 03:30:00,Z016,3.0,4.0,2.7,124,LOW,1
2026-01-15 04:00:00,Z016,4.0,8.0,4.5,124,LOW,0
2026-01-15 04:30:00,Z016,8.0,5.0,5.0,124,LOW,1
2026-01-15 05:00:00,Z016,5.0,15.0,15.3,124,LOW,0
2026-01-15 05:30:00,Z016,15.0,18.0,18.2,124,LOW,0
2026-01-15 06:00:00,Z016,18.0,17.0,17.7,124,LOW,0
2026-01-15 06:30:00,Z016,17.0,20.0,19.2,124,LOW,1
2026-01-15 07:00:00,Z016,20.0,19.0,19.7,124,LOW,0
2026-01-15 07:30:00,Z016,19.0,21.0,19.9,124,LOW,0
2026-01-15 08:00:00,Z016,21.0,41.0,41.9,124,LOW,0
2026-01-15 08:30:00,Z016,41.0,61.0,52.6,124,LOW,1
2026-01-15 09:00:00,Z016,61.0,64.0,65.1,124,LOW,0
2026-01-15 09:30:00,Z016,64.0,67.0,68.3,124,LOW,0
2026-01-15 10:00:00,Z016,67.0,68.0,67.6,124,LOW,0
2026-01-15 10:30:00,Z016,68.0,64.0,65.1,124,LOW,0
2026-01-15 11:00:00,Z016,64.0,42.0,41.8,124,LOW,0
2026-01-15 11:30:00,Z016,42.0,27.0,27.2,124,LOW,0
2026-01-15 12:00:00,Z016,27.0,43.0,45.6,124,LOW,0
2026-01-15 12:30:00,Z016,43.0,57.0,57.3,124,LOW,0
2026-01-15 13:00:00,Z016,57.0,56.0,62.3,124,LOW,0
2026-01-15 13:30:00,Z016,56.0,69.0,66.0,124,LOW,0
2026-01-15 14:00:00,Z016,69.0,32.0,36.5,124,LOW,0
2026-01-15 14:30:00,Z016,32.0,26.0,25.2,124,LOW,1
2026-01-15 15:00:00,Z016,26.0,21.0,22.5,124,LOW,0
2026-01-15 15:30:00,Z016,21.0,22.0,18.6,124,LOW,1
2026-01-15 16:00:00,Z016,22.0,17.0,19.0,124,LOW,0
2026-01-15 16:30:00,Z016,17.0,13.0,17.2,124,LOW,0
2026-01-15 17:00:00,Z016,13.0,58.0,53.9,124,LOW,0
2026-01-15 17:30:00,Z016,58.0,77.0,78.1,124,MEDIUM,0
2026-01-15 18:00:00,Z016,77.0,92.0,79.6,124,MEDIUM,1
2026-01-15 18:30:00,Z016,92.0,88.0,96.3,124,MEDIUM,1
2026-01-15 19:00:00,Z016,88.0,74.0,81.6,124,MEDIUM,0
2026-01-15 19:30:00,Z016,74.0,82.0,78.7,124,MEDIUM,0
2026-01-15 20:00:00,Z016,82.0,56.0,54.0,124,LOW,0
2026-01-15 20:30:00,Z016,56.0,36.0,36.5,124,LOW,0
2026-01-15 21:00:00,Z016,36.0,26.0,27.6,124,LOW,1
2026-01-15 21:30:00,Z016,26.0,24.0,23.0,124,LOW,0
2026-01-15 22:00:00,Z016,24.0,27.0,24.8,124,LOW,0
2026-01-15 22:30:00,Z016,27.0,29.0,25.3,124,LOW,0
2026-01-15 23:00:00,Z016,29.0,19.0,22.1,124,LOW,0
2026-01-15 23:30:00,Z016,19.0,20.0,20.1,124,LOW,0
2026-01-16 00:00:00,Z016,20.0,11.0,10.6,124,LOW,0
2026-01-16 00:30:00,Z016,11.0,5.0,5.1,124,LOW,0
2026-01-16 01:00:00,Z016,5.0,0.0,2.2,124,LOW,0
2026-01-16 01:30:00,Z016,0.0,2.0,0.8,124,LOW,1
2026-01-16 02:00:00,Z016,2.0,1.0,1.4,124,LOW,1
2026-01-16 02:30:00,Z016,1.0,1.0,1.0,124,LOW,0
2026-01-16 03:00:00,Z016,1.0,3.0,1.1,124,LOW,1
2026-01-16 03:30:00,Z016,3.0,2.0,2.4,124,LOW,1
2026-01-16 04:00:00,Z016,2.0,2.0,2.3,124,LOW,0
2026-01-16 04:30:00,Z016,2.0,2.0,2.3,124,LOW,1
2026-01-16 05:00:00,Z016,2.0,17.0,10.7,124,LOW,1
2026-01-16 05:30:00,Z016,17.0,18.0,19.4,124,LOW,0
2026-01-16 06:00:00,Z016,18.0,18.0,17.7,124,LOW,0
2026-01-16 06:30:00,Z016,18.0,16.0,17.7,124,LOW,0
2026-01-16 07:00:00,Z016,16.0,29.0,22.2,124,LOW,0
2026-01-16 07:30:00,Z016,29.0,27.0,27.3,124,LOW,0
2026-01-16 08:00:00,Z016,27.0,40.0,45.3,124,LOW,1
2026-01-16 08:30:00,Z016,40.0,48.0,49.2,124,LOW,0
2026-01-16 09:00:00,Z016,48.0,64.0,61.8,124,LOW,0
2026-01-16 09:30:00,Z016,64.0,70.0,69.0,124,LOW,0
2026-01-16 10:00:00,Z016,70.0,71.0,71.0,124,LOW,0
2026-01-16 10:30:00,Z016,71.0,73.0,71.1,124,LOW,0
2026-01-16 11:00:00,Z016,73.0,40.0,42.4,124,LOW,1
2026-01-16 11:30:00,Z016,40.0,25.0,26.4,124,LOW,0
2026-01-16 12:00:00,Z016,25.0,56.0,49.7,124,LOW,1
2026-01-16 12:30:00,Z016,56.0,81.0,76.8,124,MEDIUM,0
2026-01-16 13:00:00,Z016,81.0,78.0,78.6,124,MEDIUM,1
2026-01-16 13:30:00,Z016,78.0,78.0,75.8,124,MEDIUM,0
2026-01-16 14:00:00,Z016,78.0,57.0,47.6,124,LOW,0
2026-01-16 14:30:00,Z016,57.0,38.0,37.1,124,LOW,0
2026-01-16 15:00:00,Z016,38.0,13.0,27.2,124,LOW,1
2026-01-16 15:30:00,Z016,13.0,16.0,15.1,124,LOW,0
2026-01-16 16:00:00,Z016,16.0,21.0,16.4,124,LOW,1
2026-01-16 16:30:00,Z016,21.0,20.0,20.1,124,LOW,0
2026-01-16 17:00:00,Z016,20.0,60.0,51.9,124,LOW,1
2026-01-16 17:30:00,Z016,60.0,67.0,76.4,124,MEDIUM,1
2026-01-16 18:00:00,Z016,67.0,69.0,75.6,124,MEDIUM,1
2026-01-16 18:30:00,Z016,69.0,72.0,75.3,124,MEDIUM,0
2026-01-16 19:00:00,Z016,72.0,74.0,74.5,124,MEDIUM,0
2026-01-16 19:30:00,Z016,74.0,70.0,78.4,124,MEDIUM,1
2026-01-16 20:00:00,Z016,70.0,43.0,45.3,124,LOW,1
2026-01-16 20:30:00,Z016,43.0,20.0,26.9,124,LOW,0
2026-01-16 21:00:00,Z016,20.0,23.0,22.7,124,LOW,0
2026-01-16 21:30:00,Z016,23.0,27.0,24.3,124,LOW,0
2026-01-16 22:00:00,Z016,27.0,31.0,23.8,124,LOW,1
2026-01-16 22:30:00,Z016,31.0,18.0,21.4,124,LOW,0
2026-01-16 23:00:00,Z016,18.0,22.0,20.3,124,LOW,0
2026-01-16 23:30:00,Z016,22.0,20.0,22.7,124,LOW,1
2026-01-17 00:00:00,Z016,20.0,9.0,9.4,124,LOW,0
2026-01-17 00:30:00,Z016,9.0,7.0,5.1,124,LOW,0
2026-01-17 01:00:00,Z016,7.0,7.0,4.4,124,LOW,0
2026-01-17 01:30:00,Z016,7.0,3.0,4.4,124,LOW,0
2026-01-17 02:00:00,Z016,3.0,2.0,2.4,124,LOW,0
2026-01-17 02:30:00,Z016,2.0,1.0,1.7,124,LOW,1
2026-01-17 03:00:00,Z016,1.0,1.0,1.4,124,LOW,0
2026-01-17 03:30:00,Z016,1.0,1.0,1.4,124,LOW,0
2026-01-17 04:00:00,Z016,1.0,1.0,2.1,124,LOW,1
2026-01-17 04:30:00,Z016,1.0,3.0,2.1,124,LOW,0
2026-01-17 05:00:00,Z016,3.0,17.0,16.5,124,LOW,0
2026-01-17 05:30:00,Z016,17.0,17.0,21.8,124,LOW,1
2026-01-17 06:00:00,Z016,17.0,22.0,21.9,124,LOW,0
2026-01-17 06:30:00,Z016,22.0,24.0,21.7,124,LOW,0
2026-01-17 07:00:00,Z016,24.0,20.0,21.6,124,LOW,0
2026-01-17 07:30:00,Z016,20.0,18.0,19.5,124,LOW,0
2026-01-17 08:00:00,Z016,18.0,42.0,44.4,124,LOW,0
2026-01-17 08:30:00,Z016,42.0,65.0,60.2,124,LOW,0
2026-01-17 09:00:00,Z016,65.0,80.0,73.9,124,LOW,0
2026-01-17 09:30:00,Z016,80.0,78.0,77.2,124,MEDIUM,0
2026-01-17 10:00:00,Z016,78.0,69.0,71.8,124,LOW,0
2026-01-17 10:30:00,Z016,69.0,51.0,62.2,124,LOW,0
2026-01-17 11:00:00,Z016,51.0,35.0,35.6,124,LOW,0
2026-01-17 11:30:00,Z016,35.0,24.0,25.4,124,LOW,0
2026-01-17 12:00:00,Z016,24.0,43.0,44.7,124,LOW,0
2026-01-17 12:30:00,Z016,43.0,60.0,58.5,124,LOW,0
2026-01-17 13:00:00,Z016,60.0,56.0,62.9,124,LOW,0
2026-01-17 13:30:00,Z016,56.0,63.0,64.5,124,LOW,0
2026-01-17 14:00:00,Z016,63.0,40.0,39.3,124,LOW,0
2026-01-17 14:30:00,Z016,40.0,25.0,25.9,124,LOW,0
2026-01-17 15:00:00,Z016,25.0,22.0,22.3,124,LOW,0
2026-01-17 15:30:00,Z016,22.0,22.0,21.5,124,LOW,0
2026-01-17 16:00:00,Z016,22.0,20.0,21.3,124,LOW,0
2026-01-17 16:30:00,Z016,20.0,22.0,21.2,124,LOW,0
2026-01-17 17:00:00,Z016,22.0,64.0,50.5,124,LOW,1
2026-01-17 17:30:00,Z016,64.0,79.0,78.1,124,MEDIUM,1
2026-01-17 18:00:00,Z016,79.0,75.0,82.4,124,MEDIUM,1
2026-01-17 18:30:00,Z016,75.0,76.0,78.3,124,MEDIUM,0
2026-01-17 19:00:00,Z016,76.0,61.0,77.2,124,MEDIUM,1
2026-01-17 19:30:00,Z016,61.0,84.0,78.6,124,MEDIUM,0
2026-01-17 20:00:00,Z016,84.0,53.0,50.7,124,LOW,0
2026-01-17 20:30:00,Z016,53.0,41.0,35.6,124,LOW,0
2026-01-17 21:00:00,Z016,41.0,25.0,29.1,124,LOW,1
2026-01-17 21:30:00,Z016,25.0,20.0,20.8,124,LOW,0
2026-01-17 22:00:00,Z016,20.0,16.0,24.4,124,LOW,1
2026-01-17 22:30:00,Z016,16.0,18.0,18.8,124,LOW,0
2026-01-17 23:00:00,Z016,18.0,26.0,22.0,124,LOW,0
2026-01-17 23:30:00,Z016,26.0,25.0,24.6,124,LOW,0
2026-01-18 00:00:00,Z016,25.0,14.0,13.9,124,LOW,0
2026-01-18 00:30:00,Z016,14.0,9.0,8.5,124,LOW,0
2026-01-18 01:00:00,Z016,9.0,2.0,3.7,124,LOW,0
2026-01-18 01:30:00,Z016,2.0,3.0,2.3,124,LOW,0
2026-01-18 02:00:00,Z016,3.0,3.0,2.6,124,LOW,0
2026-01-18 02:30:00,Z016,3.0,2.0,2.6,124,LOW,0
2026-01-18 03:00:00,Z016,2.0,1.0,1.8,124,LOW,0
2026-01-18 03:30:00,Z016,1.0,1.0,1.6,124,LOW,1
2026-01-18 04:00:00,Z016,1.0,4.0,3.1,124,LOW,0
2026-01-18 04:30:00,Z016,4.0,4.0,3.8,124,LOW,0
2026-01-18 05:00:00,Z016,4.0,20.0,16.0,124,LOW,0
2026-01-18 05:30:00,Z016,20.0,32.0,26.0,124,LOW,0
2026-01-18 06:00:00,Z016,32.0,32.0,26.6,124,LOW,0
2026-01-18 06:30:00,Z016,32.0,21.0,26.6,124,LOW,0
2026-01-18 07:00:00,Z016,21.0,18.0,19.0,124,LOW,0
2026-01-18 07:30:00,Z016,18.0,22.0,20.2,124,LOW,0
2026-01-18 08:00:00,Z016,22.0,42.0,41.7,124,LOW,0
2026-01-18 08:30:00,Z016,42.0,51.0,55.3,124,LOW,0
2026-01-18 09:00:00,Z016,51.0,64.0,57.3,124,LOW,1
2026-01-18 09:30:00,Z016,64.0,73.0,68.8,124,LOW,0
2026-01-18 10:00:00,Z016,73.0,63.0,65.4,124,LOW,0
2026-01-18 10:30:00,Z016,63.0,58.0,62.0,124,LOW,0
2026-01-18 11:00:00,Z016,58.0,39.0,38.3,124,LOW,0
2026-01-18 11:30:00,Z016,39.0,28.0,27.8,124,LOW,0
2026-01-18 12:00:00,Z016,28.0,55.0,52.2,124,LOW,0
2026-01-18 12:30:00,Z016,55.0,68.0,70.3,124,LOW,0
2026-01-18 13:00:00,Z016,68.0,71.0,72.4,124,LOW,0
2026-01-18 13:30:00,Z016,71.0,59.0,72.5,124,LOW,1
2026-01-18 14:00:00,Z016,59.0,33.0,36.2,124,LOW,0
2026-01-18 14:30:00,Z016,33.0,30.0,26.8,124,LOW,0
2026-01-18 15:00:00,Z016,30.0,27.0,25.5,124,LOW,0
2026-01-18 15:30:00,Z016,27.0,23.0,22.7,124,LOW,0
2026-01-18 16:00:00,Z016,23.0,19.0,19.4,124,LOW,0
2026-01-18 16:30:00,Z016,19.0,18.0,19.3,124,LOW,0
2026-01-18 17:00:00,Z016,18.0,44.0,52.1,124,LOW,0
2026-01-18 17:30:00,Z016,44.0,70.0,58.3,124,LOW,1
2026-01-18 18:00:00,Z016,70.0,84.0,82.4,124,MEDIUM,0
2026-01-18 18:30:00,Z016,84.0,88.0,90.3,124,MEDIUM,0
2026-01-18 19:00:00,Z016,88.0,75.0,83.2,124,MEDIUM,0
2026-01-18 19:30:00,Z016,75.0,72.0,75.2,124,MEDIUM,0
2026-01-18 20:00:00,Z016,72.0,43.0,45.2,124,LOW,0
2026-01-18 20:30:00,Z016,43.0,37.0,30.5,124,LOW,1
2026-01-18 21:00:00,Z016,37.0,29.0,26.6,124,LOW,0
2026-01-18 21:30:00,Z016,29.0,19.0,21.4,124,LOW,0
2026-01-18 22:00:00,Z016,19.0,24.0,22.8,124,LOW,0
2026-01-18 22:30:00,Z016,24.0,27.0,22.3,124,LOW,1
2026-01-18 23:00:00,Z016,27.0,36.0,28.3,124,LOW,0
2026-01-18 23:30:00,Z016,36.0,29.0,27.6,124,LOW,0
2026-01-19 00:00:00,Z016,29.0,13.0,17.1,124,LOW,1
2026-01-19 00:30:00,Z016,13.0,6.0,6.8,124,LOW,0
2026-01-19 01:00:00,Z016,6.0,4.0,3.6,124,LOW,0
2026-01-19 01:30:00,Z016,4.0,3.0,3.0,124,LOW,0
2026-01-19 02:00:00,Z016,3.0,6.0,3.0,124,LOW,1
2026-01-19 02:30:00,Z016,6.0,3.0,3.4,124,LOW,0
2026-01-19 03:00:00,Z016,3.0,4.0,2.8,124,LOW,0
2026-01-19 03:30:00,Z016,4.0,0.0,3.1,124,LOW,1
2026-01-19 04:00:00,Z016,0.0,2.0,0.7,124,LOW,1
2026-01-19 04:30:00,Z016,2.0,3.0,2.4,124,LOW,1
2026-01-19 05:00:00,Z016,3.0,19.0,14.7,124,LOW,0
2026-01-19 05:30:00,Z016,19.0,24.0,22.6,124,LOW,0
2026-01-19 06:00:00,Z016,24.0,20.0,20.0,124,LOW,0
2026-01-19 06:30:00,Z016,20.0,23.0,21.0,124,LOW,0
2026-01-19 07:00:00,Z016,23.0,16.0,18.6,124,LOW,0
2026-01-19 07:30:00,Z016,16.0,19.0,19.8,124,LOW,0
2026-01-19 08:00:00,Z016,19.0,40.0,43.4,124,LOW,0
2026-01-19 08:30:00,Z016,40.0,46.0,49.6,124,LOW,0
2026-01-19 09:00:00,Z016,46.0,71.0,61.3,124,LOW,0
2026-01-19 09:30:00,Z016,71.0,70.0,69.6,124,LOW,0
2026-01-19 10:00:00,Z016,70.0,69.0,68.1,124,LOW,0
2026-01-19 10:30:00,Z016,69.0,66.0,66.8,124,LOW,0
2026-01-19 11:00:00,Z016,66.0,40.0,42.1,124,LOW,0
2026-01-19 11:30:00,Z016,40.0,24.0,26.3,124,LOW,0
2026-01-19 12:00:00,Z016,24.0,49.0,49.4,124,LOW,0
2026-01-19 12:30:00,Z016,49.0,72.0,66.0,124,LOW,0
2026-01-19 13:00:00,Z016,72.0,70.0,71.4,124,LOW,0
2026-01-19 13:30:00,Z016,70.0,67.0,70.0,124,LOW,0
2026-01-19 14:00:00,Z016,67.0,50.0,46.1,124,LOW,0
2026-01-19 14:30:00,Z016,50.0,34.0,33.5,124,LOW,0
2026-01-19 15:00:00,Z016,34.0,33.0,29.8,124,LOW,0
2026-01-19 15:30:00,Z016,33.0,29.0,27.9,124,LOW,1
2026-01-19 16:00:00,Z016,29.0,25.0,24.4,124,LOW,0
2026-01-19 16:30:00,Z016,25.0,29.0,27.3,124,LOW,0
2026-01-19 17:00:00,Z016,29.0,65.0,64.9,124,LOW,0
2026-01-19 17:30:00,Z016,65.0,77.0,78.1,124,MEDIUM,0
2026-01-19 18:00:00,Z016,77.0,81.0,86.0,124,MEDIUM,1
2026-01-19 18:30:00,Z016,81.0,71.0,81.1,124,MEDIUM,0
2026-01-19 19:00:00,Z016,71.0,67.0,72.0,124,LOW,0
2026-01-19 19:30:00,Z016,67.0,76.0,74.2,124,LOW,1
2026-01-19 20:00:00,Z016,76.0,44.0,47.9,124,LOW,0
2026-01-19 20:30:00,Z016,44.0,27.0,27.7,124,LOW,0
2026-01-19 21:00:00,Z016,27.0,21.0,22.5,124,LOW,0
2026-01-19 21:30:00,Z016,21.0,20.0,19.4,124,LOW,1
2026-01-19 22:00:00,Z016,20.0,27.0,23.0,124,LOW,0
2026-01-19 22:30:00,Z016,27.0,26.0,25.4,124,LOW,0
2026-01-19 23:00:00,Z016,26.0,29.0,26.9,124,LOW,0
2026-01-19 23:30:00,Z016,29.0,27.0,25.0,124,LOW,0
2026-01-20 00:00:00,Z016,27.0,12.0,13.6,124,LOW,0
2026-01-20 00:30:00,Z016,12.0,6.0,5.5,124,LOW,0
2026-01-20 01:00:00,Z016,6.0,5.0,4.4,124,LOW,0
2026-01-20 01:30:00,Z016,5.0,8.0,4.8,124,LOW,0
2026-01-20 02:00:00,Z016,8.0,5.0,5.0,124,LOW,0
2026-01-20 02:30:00,Z016,5.0,0.0,4.3,124,LOW,1
2026-01-20 03:00:00,Z016,0.0,1.0,0.6,124,LOW,0
2026-01-20 03:30:00,Z016,1.0,1.0,1.5,124,LOW,0
2026-01-20 04:00:00,Z016,1.0,2.0,1.9,124,LOW,0
2026-01-20 04:30:00,Z016,2.0,3.0,2.7,124,LOW,0
2026-01-20 05:00:00,Z016,3.0,13.0,13.4,124,LOW,0
2026-01-20 05:30:00,Z016,13.0,18.0,19.0,124,LOW,0
2026-01-20 06:00:00,Z016,18.0,16.0,17.8,124,LOW,0
2026-01-20 06:30:00,Z016,16.0,24.0,20.9,124,LOW,0
2026-01-20 07:00:00,Z016,24.0,28.0,23.1,124,LOW,0
2026-01-20 07:30:00,Z016,28.0,22.0,23.2,124,LOW,0
2026-01-20 08:00:00,Z016,22.0,37.0,40.0,124,LOW,0
2026-01-20 08:30:00,Z016,37.0,55.0,52.9,124,LOW,0
2026-01-20 09:00:00,Z016,55.0,68.0,61.7,124,LOW,0
2026-01-20 09:30:00,Z016,68.0,59.0,61.0,124,LOW,0
2026-01-20 10:00:00,Z016,59.0,66.0,62.6,124,LOW,0
2026-01-20 10:30:00,Z016,66.0,63.0,61.8,124,LOW,1
2026-01-20 11:00:00,Z016,63.0,40.0,39.9,124,LOW,1
2026-01-20 11:30:00,Z016,40.0,36.0,31.1,124,LOW,0
2026-01-20 12:00:00,Z016,36.0,67.0,54.3,124,LOW,1
2026-01-20 12:30:00,Z016,67.0,75.0,75.8,124,MEDIUM,0
2026-01-20 13:00:00,Z016,75.0,68.0,72.2,124,LOW,0
2026-01-20 13:30:00,Z016,68.0,76.0,74.7,124,MEDIUM,0
2026-01-20 14:00:00,Z016,76.0,62.0,46.1,124,LOW,1
2026-01-20 14:30:00,Z016,62.0,44.0,41.9,124,LOW,0
2026-01-20 15:00:00,Z016,44.0,36.0,27.8,124,LOW,1
2026-01-20 15:30:00,Z016,36.0,39.0,30.8,124,LOW,0
2026-01-20 16:00:00,Z016,39.0,22.0,26.2,124,LOW,0
2026-01-20 16:30:00,Z016,22.0,15.0,20.3,124,LOW,1
2026-01-20 17:00:00,Z016,15.0,58.0,54.1,124,LOW,0
2026-01-20 17:30:00,Z016,58.0,84.0,78.5,124,MEDIUM,0
2026-01-20 18:00:00,Z016,84.0,101.0,91.2,124,MEDIUM,0
2026-01-20 18:30:00,Z016,101.0,87.0,91.6,124,MEDIUM,0
2026-01-20 19:00:00,Z016,87.0,80.0,83.9,124,MEDIUM,0
2026-01-20 19:30:00,Z016,80.0,79.0,83.4,124,MEDIUM,0
2026-01-20 20:00:00,Z016,79.0,45.0,45.7,124,LOW,0
2026-01-20 20:30:00,Z016,45.0,42.0,33.4,124,LOW,0
2026-01-20 21:00:00,Z016,42.0,31.0,30.0,124,LOW,0
2026-01-20 21:30:00,Z016,31.0,29.0,24.5,124,LOW,0
2026-01-20 22:00:00,Z016,29.0,22.0,23.3,124,LOW,0
2026-01-20 22:30:00,Z016,22.0,21.0,20.5,124,LOW,0
2026-01-20 23:00:00,Z016,21.0,17.0,17.8,124,LOW,0
2026-01-20 23:30:00,Z016,17.0,19.0,17.9,124,LOW,0
2026-01-21 00:00:00,Z016,19.0,10.0,9.6,124,LOW,0
2026-01-21 00:30:00,Z016,10.0,7.0,5.8,124,LOW,0
2026-01-21 01:00:00,Z016,7.0,3.0,3.7,124,LOW,0
2026-01-21 01:30:00,Z016,3.0,4.0,3.3,124,LOW,0
2026-01-21 02:00:00,Z016,4.0,4.0,3.6,124,LOW,0
2026-01-21 02:30:00,Z016,4.0,2.0,3.6,124,LOW,0
2026-01-21 03:00:00,Z016,2.0,1.0,1.9,124,LOW,1
2026-01-21 03:30:00,Z016,1.0,2.0,1.8,124,LOW,0
2026-01-21 04:00:00,Z016,2.0,4.0,2.8,124,LOW,0
2026-01-21 04:30:00,Z016,4.0,3.0,3.9,124,LOW,1
2026-01-21 05:00:00,Z016,3.0,10.0,12.8,124,LOW,0
2026-01-21 05:30:00,Z016,10.0,20.0,17.5,124,LOW,0
2026-01-21 06:00:00,Z016,20.0,25.0,22.1,124,LOW,0
2026-01-21 06:30:00,Z016,25.0,20.0,20.6,124,LOW,0
2026-01-21 07:00:00,Z016,20.0,24.0,20.2,124,LOW,1
2026-01-21 07:30:00,Z016,24.0,19.0,20.0,124,LOW,0
2026-01-21 08:00:00,Z016,19.0,47.0,43.5,124,LOW,0
2026-01-21 08:30:00,Z016,47.0,59.0,60.9,124,LOW,0
2026-01-21 09:00:00,Z016,59.0,46.0,58.3,124,LOW,0
2026-01-21 09:30:00,Z016,46.0,55.0,60.1,124,LOW,0
2026-01-21 10:00:00,Z016,55.0,60.0,59.1,124,LOW,0
2026-01-21 10:30:00,Z016,60.0,65.0,62.1,124,LOW,0
2026-01-21 11:00:00,Z016,65.0,43.0,41.7,124,LOW,0
2026-01-21 11:30:00,Z016,43.0,39.0,27.9,124,LOW,1
2026-01-21 12:00:00,Z016,39.0,56.0,57.3,124,LOW,0
2026-01-21 12:30:00,Z016,56.0,72.0,70.7,124,LOW,0
2026-01-21 13:00:00,Z016,72.0,74.0,74.1,124,LOW,0
2026-01-21 13:30:00,Z016,74.0,80.0,76.2,124,MEDIUM,0
2026-01-21 14:00:00,Z016,80.0,47.0,50.0,124,LOW,0
2026-01-21 14:30:00,Z016,47.0,25.0,28.2,124,LOW,0
2026-01-21 15:00:00,Z016,25.0,24.0,24.7,124,LOW,0
2026-01-21 15:30:00,Z016,24.0,26.0,25.2,124,LOW,0
2026-01-21 16:00:00,Z016,26.0,31.0,26.8,124,LOW,0
2026-01-21 16:30:00,Z016,31.0,28.0,24.8,124,LOW,1
2026-01-21 17:00:00,Z016,28.0,54.0,56.8,124,LOW,0
2026-01-21 17:30:00,Z016,54.0,74.0,72.5,124,LOW,0
2026-01-21 18:00:00,Z016,74.0,95.0,88.0,124,MEDIUM,0
2026-01-21 18:30:00,Z016,95.0,93.0,92.7,124,MEDIUM,0
2026-01-21 19:00:00,Z016,93.0,95.0,95.2,124,MEDIUM,0
2026-01-21 19:30:00,Z016,95.0,88.0,92.1,124,MEDIUM,1
2026-01-21 20:00:00,Z016,88.0,56.0,56.1,124,LOW,0
2026-01-21 20:30:00,Z016,56.0,33.0,34.6,124,LOW,0
2026-01-21 21:00:00,Z016,33.0,25.0,24.3,124,LOW,0
2026-01-21 21:30:00,Z016,25.0,20.0,22.7,124,LOW,1
2026-01-21 22:00:00,Z016,20.0,20.0,22.1,124,LOW,1
2026-01-21 22:30:00,Z016,20.0,21.0,22.1,124,LOW,0
2026-01-21 23:00:00,Z016,21.0,17.0,18.0,124,LOW,0
2026-01-14 23:00:00,Z017,18.0,19.0,15.5,91,LOW,1
2026-01-14 23:30:00,Z017,19.0,20.0,17.7,91,LOW,0
2026-01-15 00:00:00,Z017,20.0,15.0,15.2,91,LOW,0
2026-01-15 00:30:00,Z017,15.0,12.0,11.8,91,LOW,0
2026-01-15 01:00:00,Z017,12.0,7.0,7.0,91,LOW,0
2026-01-15 01:30:00,Z017,7.0,4.0,4.3,91,LOW,0
2026-01-15 02:00:00,Z017,4.0,2.0,2.7,91,LOW,0
2026-01-15 02:30:00,Z017,2.0,0.0,1.0,91,LOW,0
2026-01-15 03:00:00,Z017,0.0,0.0,0.4,91,LOW,1
2026-01-15 03:30:00,Z017,0.0,1.0,0.4,91,LOW,1
2026-01-15 04:00:00,Z017,1.0,1.0,1.2,91,LOW,0
2026-01-15 04:30:00,Z017,1.0,1.0,1.2,91,LOW,0
2026-01-15 05:00:00,Z017,1.0,4.0,4.1,91,LOW,0
2026-01-15 05:30:00,Z017,4.0,10.0,8.0,91,LOW,0
2026-01-15 06:00:00,Z017,10.0,14.0,12.8,91,LOW,0
2026-01-15 06:30:00,Z017,14.0,12.0,13.9,91,LOW,0
2026-01-15 07:00:00,Z017,12.0,11.0,12.5,91,LOW,0
2026-01-15 07:30:00,Z017,11.0,13.0,12.4,91,LOW,1
2026-01-15 08:00:00,Z017,13.0,18.0,19.4,91,LOW,0
2026-01-15 08:30:00,Z017,18.0,27.0,26.3,91,LOW,0
2026-01-15 09:00:00,Z017,27.0,39.0,33.1,91,LOW,1
2026-01-15 09:30:00,Z017,39.0,37.0,40.6,91,LOW,0
2026-01-15 10:00:00,Z017,37.0,48.0,43.1,91,LOW,0
2026-01-15 10:30:00,Z017,48.0,48.0,45.9,91,LOW,0
2026-01-15 11:00:00,Z017,48.0,41.0,39.5,91,LOW,0
2026-01-15 11:30:00,Z017,41.0,28.0,32.9,91,LOW,0
2026-01-15 12:00:00,Z017,28.0,31.0,33.6,91,LOW,0
2026-01-15 12:30:00,Z017,31.0,39.0,36.4,91,LOW,0
2026-01-15 13:00:00,Z017,39.0,39.0,45.2,91,LOW,1
2026-01-15 13:30:00,Z017,39.0,42.0,45.2,91,LOW,1
2026-01-15 14:00:00,Z017,42.0,33.0,34.0,91,LOW,1
2026-01-15 14:30:00,Z017,33.0,26.0,27.3,91,LOW,1
2026-01-15 15:00:00,Z017,26.0,25.0,22.9,91,LOW,0
2026-01-15 15:30:00,Z017,25.0,23.0,22.5,91,LOW,0
2026-01-15 16:00:00,Z017,23.0,17.0,18.4,91,LOW,0
2026-01-15 16:30:00,Z017,17.0,17.0,17.0,91,LOW,0
2026-01-15 17:00:00,Z017,17.0,30.0,28.3,91,LOW,0
2026-01-15 17:30:00,Z017,30.0,50.0,45.6,91,LOW,0
2026-01-15 18:00:00,Z017,50.0,54.0,54.5,91,LOW,0
2026-01-15 18:30:00,Z017,54.0,54.0,57.4,91,MEDIUM,0
2026-01-15 19:00:00,Z017,54.0,61.0,59.2,91,MEDIUM,0
2026-01-15 19:30:00,Z017,61.0,66.0,60.2,91,MEDIUM,1
2026-01-15 20:00:00,Z017,66.0,52.0,53.4,91,LOW,0
2026-01-15 20:30:00,Z017,52.0,41.0,41.3,91,LOW,0
2026-01-15 21:00:00,Z017,41.0,39.0,33.2,91,LOW,0
2026-01-15 21:30:00,Z017,39.0,29.0,29.8,91,LOW,0
2026-01-15 22:00:00,Z017,29.0,21.0,21.8,91,LOW,0
2026-01-15 22:30:00,Z017,21.0,18.0,18.7,91,LOW,0
2026-01-15 23:00:00,Z017,18.0,14.0,14.7,91,LOW,0
2026-01-15 23:30:00,Z017,14.0,17.0,16.0,91,LOW,0
2026-01-16 00:00:00,Z017,17.0,14.0,12.5,91,LOW,0
2026-01-16 00:30:00,Z017,14.0,11.0,11.1,91,LOW,0
2026-01-16 01:00:00,Z017,11.0,9.0,8.9,91,LOW,0
2026-01-16 01:30:00,Z017,9.0,4.0,4.9,91,LOW,0
2026-01-16 02:00:00,Z017,4.0,6.0,4.2,91,LOW,0
2026-01-16 02:30:00,Z017,6.0,5.0,4.3,91,LOW,1
2026-01-16 03:00:00,Z017,5.0,3.0,3.4,91,LOW,0
2026-01-16 03:30:00,Z017,3.0,3.0,2.5,91,LOW,0
2026-01-16 04:00:00,Z017,3.0,3.0,3.0,91,LOW,0
2026-01-16 04:30:00,Z017,3.0,3.0,3.0,91,LOW,0
2026-01-16 05:00:00,Z017,3.0,6.0,6.7,91,LOW,1
2026-01-16 05:30:00,Z017,6.0,8.0,8.9,91,LOW,0
2026-01-16 06:00:00,Z017,8.0,9.0,10.1,91,LOW,0
2026-01-16 06:30:00,Z017,9.0,10.0,10.3,91,LOW,0
2026-01-16 07:00:00,Z017,10.0,13.0,11.9,91,LOW,0
2026-01-16 07:30:00,Z017,13.0,18.0,16.4,91,LOW,0
2026-01-16 08:00:00,Z017,18.0,22.0,25.6,91,LOW,1
2026-01-16 08:30:00,Z017,22.0,29.0,30.0,91,LOW,1
2026-01-16 09:00:00,Z017,29.0,32.0,33.9,91,LOW,0
2026-01-16 09:30:00,Z017,32.0,37.0,36.2,91,LOW,0
2026-01-16 10:00:00,Z017,37.0,44.0,40.8,91,LOW,1
2026-01-16 10:30:00,Z017,44.0,47.0,45.8,91,LOW,0
2026-01-16 11:00:00,Z017,47.0,36.0,37.1,91,LOW,0
2026-01-16 11:30:00,Z017,36.0,30.0,31.7,91,LOW,0
2026-01-16 12:00:00,Z017,30.0,34.0,35.1,91,LOW,0
2026-01-16 12:30:00,Z017,34.0,31.0,36.6,91,LOW,0
2026-01-16 13:00:00,Z017,31.0,29.0,32.3,91,LOW,0
2026-01-16 13:30:00,Z017,29.0,36.0,33.9,91,LOW,0
2026-01-16 14:00:00,Z017,36.0,32.0,28.8,91,LOW,1
2026-01-16 14:30:00,Z017,32.0,29.0,27.3,91,LOW,0
2026-01-16 15:00:00,Z017,29.0,25.0,25.3,91,LOW,0
2026-01-16 15:30:00,Z017,25.0,16.0,18.7,91,LOW,0
2026-01-16 16:00:00,Z017,16.0,16.0,13.2,91,LOW,1
2026-01-16 16:30:00,Z017,16.0,12.0,13.2,91,LOW,0
2026-01-16 17:00:00,Z017,12.0,25.0,23.5,91,LOW,0
2026-01-16 17:30:00,Z017,25.0,31.0,39.3,91,LOW,1
2026-01-16 18:00:00,Z017,31.0,28.0,42.1,91,LOW,1
2026-01-16 18:30:00,Z017,28.0,41.0,40.8,91,LOW,0
2026-01-16 19:00:00,Z017,41.0,49.0,49.8,91,LOW,0
2026-01-16 19:30:00,Z017,49.0,51.0,53.7,91,LOW,0
2026-01-16 20:00:00,Z017,51.0,38.0,40.1,91,LOW,0
2026-01-16 20:30:00,Z017,38.0,32.0,28.7,91,LOW,1
2026-01-16 21:00:00,Z017,32.0,26.0,25.5,91,LOW,0
2026-01-16 21:30:00,Z017,26.0,23.0,21.2,91,LOW,0
2026-01-16 22:00:00,Z017,23.0,21.0,18.4,91,LOW,1
2026-01-16 22:30:00,Z017,21.0,14.0,20.2,91,LOW,1
2026-01-16 23:00:00,Z017,14.0,10.0,12.8,91,LOW,0
2026-01-16 23:30:00,Z017,10.0,12.0,11.5,91,LOW,0
2026-01-17 00:00:00,Z017,12.0,8.0,8.1,91,LOW,0
2026-01-17 00:30:00,Z017,8.0,4.0,5.3,91,LOW,0
2026-01-17 01:00:00,Z017,4.0,4.0,3.0,91,LOW,0
2026-01-17 01:30:00,Z017,4.0,2.0,3.0,91,LOW,0
2026-01-17 02:00:00,Z017,2.0,1.0,1.1,91,LOW,0
2026-01-17 02:30:00,Z017,1.0,1.0,1.0,91,LOW,0
2026-01-17 03:00:00,Z017,1.0,1.0,1.1,91,LOW,0
2026-01-17 03:30:00,Z017,1.0,1.0,1.1,91,LOW,0
2026-01-17 04:00:00,Z017,1.0,2.0,1.3,91,LOW,1
2026-01-17 04:30:00,Z017,2.0,2.0,1.8,91,LOW,0
2026-01-17 05:00:00,Z017,2.0,5.0,4.8,91,LOW,0
2026-01-17 05:30:00,Z017,5.0,6.0,7.8,91,LOW,0
2026-01-17 06:00:00,Z017,6.0,9.0,9.5,91,LOW,1
2026-01-17 06:30:00,Z017,9.0,11.0,12.6,91,LOW,1
2026-01-17 07:00:00,Z017,11.0,15.0,13.1,91,LOW,1
2026-01-17 07:30:00,Z017,15.0,13.0,14.5,91,LOW,0
2026-01-17 08:00:00,Z017,13.0,19.0,20.0,91,LOW,0
2026-01-17 08:30:00,Z017,19.0,32.0,29.4,91,LOW,0
2026-01-17 09:00:00,Z017,32.0,41.0,37.5,91,LOW,0
2026-01-17 09:30:00,Z017,41.0,46.0,45.1,91,LOW,0
2026-01-17 10:00:00,Z017,46.0,48.0,46.1,91,LOW,1
2026-01-17 10:30:00,Z017,48.0,41.0,44.5,91,LOW,0
2026-01-17 11:00:00,Z017,41.0,34.0,33.4,91,LOW,0
2026-01-17 11:30:00,Z017,34.0,27.0,26.6,91,LOW,0
2026-01-17 12:00:00,Z017,27.0,33.0,34.6,91,LOW,0
2026-01-17 12:30:00,Z017,33.0,36.0,36.0,91,LOW,0
2026-01-17 13:00:00,Z017,36.0,37.0,38.2,91,LOW,0
2026-01-17 13:30:00,Z017,37.0,42.0,40.0,91,LOW,0
2026-01-17 14:00:00,Z017,42.0,33.0,31.6,91,LOW,0
2026-01-17 14:30:00,Z017,33.0,24.0,25.6,91,LOW,0
2026-01-17 15:00:00,Z017,24.0,21.0,20.9,91,LOW,0
2026-01-17 15:30:00,Z017,21.0,22.0,19.9,91,LOW,0
2026-01-17 16:00:00,Z017,22.0,19.0,20.0,91,LOW,0
2026-01-17 16:30:00,Z017,19.0,19.0,17.3,91,LOW,0
2026-01-17 17:00:00,Z017,19.0,32.0,30.1,91,LOW,0
2026-01-17 17:30:00,Z017,32.0,44.0,44.0,91,LOW,0
2026-01-17 18:00:00,Z017,44.0,45.0,54.6,91,MEDIUM,1
2026-01-17 18:30:00,Z017,45.0,57.0,55.1,91,MEDIUM,0
2026-01-17 19:00:00,Z017,57.0,58.0,62.9,91,MEDIUM,1
2026-01-17 19:30:00,Z017,58.0,66.0,64.4,91,MEDIUM,0
2026-01-17 20:00:00,Z017,66.0,49.0,50.2,91,LOW,0
2026-01-17 20:30:00,Z017,49.0,31.0,35.2,91,LOW,0
2026-01-17 21:00:00,Z017,31.0,21.0,22.3,91,LOW,0
2026-01-17 21:30:00,Z017,21.0,19.0,19.7,91,LOW,0
2026-01-17 22:00:00,Z017,19.0,15.0,15.3,91,LOW,0
2026-01-17 22:30:00,Z017,15.0,17.0,15.0,91,LOW,0
2026-01-17 23:00:00,Z017,17.0,15.0,14.0,91,LOW,1
2026-01-17 23:30:00,Z017,15.0,13.0,14.2,91,LOW,0
2026-01-18 00:00:00,Z017,13.0,11.0,10.5,91,LOW,1
2026-01-18 00:30:00,Z017,11.0,10.0,8.6,91,LOW,0
2026-01-18 01:00:00,Z017,10.0,5.0,6.5,91,LOW,0
2026-01-18 01:30:00,Z017,5.0,3.0,3.3,91,LOW,0
2026-01-18 02:00:00,Z017,3.0,1.0,1.5,91,LOW,0
2026-01-18 02:30:00,Z017,1.0,2.0,1.3,91,LOW,0
2026-01-18 03:00:00,Z017,2.0,2.0,1.6,91,LOW,0
2026-01-18 03:30:00,Z017,2.0,1.0,1.6,91,LOW,0
2026-01-18 04:00:00,Z017,1.0,2.0,1.0,91,LOW,1
2026-01-18 04:30:00,Z017,2.0,2.0,2.0,91,LOW,1
2026-01-18 05:00:00,Z017,2.0,6.0,6.0,91,LOW,0
2026-01-18 05:30:00,Z017,6.0,10.0,9.8,91,LOW,0
2026-01-18 06:00:00,Z017,10.0,11.0,12.1,91,LOW,0
2026-01-18 06:30:00,Z017,11.0,13.0,12.5,91,LOW,0
2026-01-18 07:00:00,Z017,13.0,13.0,13.5,91,LOW,1
2026-01-18 07:30:00,Z017,13.0,12.0,13.5,91,LOW,0
2026-01-18 08:00:00,Z017,12.0,18.0,20.2,91,LOW,0
2026-01-18 08:30:00,Z017,18.0,32.0,28.7,91,LOW,0
2026-01-18 09:00:00,Z017,32.0,36.0,36.6,91,LOW,1
2026-01-18 09:30:00,Z017,36.0,40.0,41.0,91,LOW,1
2026-01-18 10:00:00,Z017,40.0,41.0,42.8,91,LOW,1
2026-01-18 10:30:00,Z017,41.0,45.0,43.3,91,LOW,0
2026-01-18 11:00:00,Z017,45.0,35.0,36.1,91,LOW,0
2026-01-18 11:30:00,Z017,35.0,22.0,25.8,91,LOW,0
2026-01-18 12:00:00,Z017,22.0,40.0,34.6,91,LOW,0
2026-01-18 12:30:00,Z017,40.0,54.0,47.7,91,LOW,0
2026-01-18 13:00:00,Z017,54.0,64.0,61.4,91,MEDIUM,0
2026-01-18 13:30:00,Z017,64.0,68.0,66.2,91,MEDIUM,0
2026-01-18 14:00:00,Z017,68.0,56.0,52.1,91,LOW,1
2026-01-18 14:30:00,Z017,56.0,40.0,43.6,91,LOW,0
2026-01-18 15:00:00,Z017,40.0,32.0,32.3,91,LOW,0
2026-01-18 15:30:00,Z017,32.0,25.0,25.0,91,LOW,0
2026-01-18 16:00:00,Z017,25.0,22.0,20.5,91,LOW,0
2026-01-18 16:30:00,Z017,22.0,22.0,19.6,91,LOW,0
2026-01-18 17:00:00,Z017,22.0,32.0,33.1,91,LOW,0
2026-01-18 17:30:00,Z017,32.0,42.0,42.7,91,LOW,0
2026-01-18 18:00:00,Z017,42.0,57.0,54.5,91,LOW,0
2026-01-18 18:30:00,Z017,57.0,60.0,60.5,91,MEDIUM,0
2026-01-18 19:00:00,Z017,60.0,62.0,61.5,91,MEDIUM,0
2026-01-18 19:30:00,Z017,62.0,57.0,59.1,91,MEDIUM,0
2026-01-18 20:00:00,Z017,57.0,45.0,45.1,91,LOW,0
2026-01-18 20:30:00,Z017,45.0,30.0,34.2,91,LOW,0
2026-01-18 21:00:00,Z017,30.0,18.0,21.7,91,LOW,0
2026-01-18 21:30:00,Z017,18.0,19.0,17.2,91,LOW,0
2026-01-18 22:00:00,Z017,19.0,18.0,16.8,91,LOW,0
2026-01-18 22:30:00,Z017,18.0,15.0,16.7,91,LOW,0
2026-01-18 23:00:00,Z017,15.0,14.0,13.8,91,LOW,0
2026-01-18 23:30:00,Z017,14.0,13.0,12.5,91,LOW,0
2026-01-19 00:00:00,Z017,13.0,7.0,10.5,91,LOW,1
2026-01-19 00:30:00,Z017,7.0,5.0,4.7,91,LOW,0
2026-01-19 01:00:00,Z017,5.0,4.0,3.7,91,LOW,0
2026-01-19 01:30:00,Z017,4.0,2.0,2.3,91,LOW,0
2026-01-19 02:00:00,Z017,2.0,2.0,1.7,91,LOW,0
2026-01-19 02:30:00,Z017,2.0,4.0,1.7,91,LOW,1
2026-01-19 03:00:00,Z017,4.0,3.0,2.4,91,LOW,1
2026-01-19 03:30:00,Z017,3.0,3.0,2.3,91,LOW,1
2026-01-19 04:00:00,Z017,3.0,2.0,2.5,91,LOW,0
2026-01-19 04:30:00,Z017,2.0,3.0,2.3,91,LOW,0
2026-01-19 05:00:00,Z017,3.0,6.0,7.7,91,LOW,0
2026-01-19 05:30:00,Z017,6.0,11.0,10.0,91,LOW,0
2026-01-19 06:00:00,Z017,11.0,14.0,11.5,91,LOW,1
2026-01-19 06:30:00,Z017,14.0,15.0,14.6,91,LOW,0
2026-01-19 07:00:00,Z017,15.0,14.0,14.2,91,LOW,0
2026-01-19 07:30:00,Z017,14.0,14.0,14.3,91,LOW,1
2026-01-19 08:00:00,Z017,14.0,22.0,22.3,91,LOW,0
2026-01-19 08:30:00,Z017,22.0,29.0,30.8,91,LOW,0
2026-01-19 09:00:00,Z017,29.0,36.0,35.2,91,LOW,0
2026-01-19 09:30:00,Z017,36.0,38.0,40.1,91,LOW,0
2026-01-19 10:00:00,Z017,38.0,40.0,41.7,91,LOW,1
2026-01-19 10:30:00,Z017,40.0,37.0,40.7,91,LOW,0
2026-01-19 11:00:00,Z017,37.0,32.0,30.7,91,LOW,0
2026-01-19 11:30:00,Z017,32.0,30.0,26.9,91,LOW,1
2026-01-19 12:00:00,Z017,30.0,30.0,34.7,91,LOW,0
2026-01-19 12:30:00,Z017,30.0,38.0,34.7,91,LOW,0
2026-01-19 13:00:00,Z017,38.0,54.0,48.2,91,LOW,0
2026-01-19 13:30:00,Z017,54.0,54.0,55.0,91,MEDIUM,0
2026-01-19 14:00:00,Z017,54.0,49.0,47.4,91,LOW,0
2026-01-19 14:30:00,Z017,49.0,38.0,38.3,91,LOW,0
2026-01-19 15:00:00,Z017,38.0,28.0,29.0,91,LOW,0
2026-01-19 15:30:00,Z017,28.0,23.0,22.8,91,LOW,0
2026-01-19 16:00:00,Z017,23.0,19.0,19.0,91,LOW,0
2026-01-19 16:30:00,Z017,19.0,18.0,18.4,91,LOW,0
2026-01-19 17:00:00,Z017,18.0,31.0,29.0,91,LOW,0
2026-01-19 17:30:00,Z017,31.0,40.0,40.6,91,LOW,0
2026-01-19 18:00:00,Z017,40.0,43.0,46.4,91,LOW,0
2026-01-19 18:30:00,Z017,43.0,54.0,52.6,91,LOW,0
2026-01-19 19:00:00,Z017,54.0,54.0,57.9,91,MEDIUM,0
2026-01-19 19:30:00,Z017,54.0,60.0,57.9,91,MEDIUM,0
2026-01-19 20:00:00,Z017,60.0,49.0,48.8,91,LOW,0
2026-01-19 20:30:00,Z017,49.0,39.0,38.3,91,LOW,0
2026-01-19 21:00:00,Z017,39.0,25.0,27.1,91,LOW,0
2026-01-19 21:30:00,Z017,25.0,23.0,21.2,91,LOW,0
2026-01-19 22:00:00,Z017,23.0,14.0,15.9,91,LOW,0
2026-01-19 22:30:00,Z017,14.0,16.0,14.0,91,LOW,1
2026-01-19 23:00:00,Z017,16.0,17.0,15.9,91,LOW,0
2026-01-19 23:30:00,Z017,17.0,15.0,16.5,91,LOW,0
2026-01-20 00:00:00,Z017,15.0,11.0,11.0,91,LOW,0
2026-01-20 00:30:00,Z017,11.0,8.0,7.8,91,LOW,1
2026-01-20 01:00:00,Z017,8.0,6.0,5.4,91,LOW,0
2026-01-20 01:30:00,Z017,6.0,5.0,4.2,91,LOW,0
2026-01-20 02:00:00,Z017,5.0,4.0,3.5,91,LOW,0
2026-01-20 02:30:00,Z017,4.0,0.0,1.9,91,LOW,0
2026-01-20 03:00:00,Z017,0.0,1.0,0.8,91,LOW,0
2026-01-20 03:30:00,Z017,1.0,0.0,0.6,91,LOW,0
2026-01-20 04:00:00,Z017,0.0,1.0,0.9,91,LOW,0
2026-01-20 04:30:00,Z017,1.0,1.0,1.0,91,LOW,0
2026-01-20 05:00:00,Z017,1.0,4.0,4.8,91,LOW,0
2026-01-20 05:30:00,Z017,4.0,8.0,8.0,91,LOW,0
2026-01-20 06:00:00,Z017,8.0,10.0,10.6,91,LOW,0
2026-01-20 06:30:00,Z017,10.0,14.0,11.6,91,LOW,1
2026-01-20 07:00:00,Z017,14.0,15.0,15.2,91,LOW,0
2026-01-20 07:30:00,Z017,15.0,16.0,14.7,91,LOW,0
2026-01-20 08:00:00,Z017,16.0,27.0,26.3,91,LOW,0
2026-01-20 08:30:00,Z017,27.0,34.0,33.6,91,LOW,0
2026-01-20 09:00:00,Z017,34.0,40.0,40.6,91,LOW,1
2026-01-20 09:30:00,Z017,40.0,46.0,44.3,91,LOW,0
2026-01-20 10:00:00,Z017,46.0,48.0,47.6,91,LOW,0
2026-01-20 10:30:00,Z017,48.0,47.0,46.9,91,LOW,0
2026-01-20 11:00:00,Z017,47.0,39.0,38.9,91,LOW,0
2026-01-20 11:30:00,Z017,39.0,23.0,28.5,91,LOW,0
2026-01-20 12:00:00,Z017,23.0,33.0,32.2,91,LOW,0
2026-01-20 12:30:00,Z017,33.0,35.0,36.8,91,LOW,0
2026-01-20 13:00:00,Z017,35.0,35.0,40.1,91,LOW,1
2026-01-20 13:30:00,Z017,35.0,37.0,40.1,91,LOW,1
2026-01-20 14:00:00,Z017,37.0,35.0,32.4,91,LOW,0
2026-01-20 14:30:00,Z017,35.0,32.0,30.2,91,LOW,0
2026-01-20 15:00:00,Z017,32.0,28.0,26.8,91,LOW,0
2026-01-20 15:30:00,Z017,28.0,19.0,20.9,91,LOW,0
2026-01-20 16:00:00,Z017,19.0,17.0,17.8,91,LOW,1
2026-01-20 16:30:00,Z017,17.0,15.0,15.7,91,LOW,0
2026-01-20 17:00:00,Z017,15.0,31.0,28.4,91,LOW,0
2026-01-20 17:30:00,Z017,31.0,47.0,44.3,91,LOW,0
2026-01-20 18:00:00,Z017,47.0,58.0,56.1,91,MEDIUM,0
2026-01-20 18:30:00,Z017,58.0,59.0,60.3,91,MEDIUM,0
2026-01-20 19:00:00,Z017,59.0,63.0,60.3,91,MEDIUM,1
2026-01-20 19:30:00,Z017,63.0,72.0,68.2,91,MEDIUM,0
2026-01-20 20:00:00,Z017,72.0,64.0,56.6,91,MEDIUM,1
2026-01-20 20:30:00,Z017,64.0,50.0,50.9,91,LOW,1
2026-01-20 21:00:00,Z017,50.0,41.0,39.3,91,LOW,0
2026-01-20 21:30:00,Z017,41.0,25.0,27.9,91,LOW,0
2026-01-20 22:00:00,Z017,25.0,20.0,20.2,91,LOW,1
2026-01-20 22:30:00,Z017,20.0,21.0,19.3,91,LOW,0
2026-01-20 23:00:00,Z017,21.0,20.0,19.7,91,LOW,0
2026-01-20 23:30:00,Z017,20.0,18.0,19.1,91,LOW,0
2026-01-21 00:00:00,Z017,18.0,9.0,10.2,91,LOW,0
2026-01-21 00:30:00,Z017,9.0,6.0,5.9,91,LOW,0
2026-01-21 01:00:00,Z017,6.0,3.0,3.6,91,LOW,0
2026-01-21 01:30:00,Z017,3.0,4.0,3.2,91,LOW,0
2026-01-21 02:00:00,Z017,4.0,2.0,2.7,91,LOW,0
2026-01-21 02:30:00,Z017,2.0,1.0,1.2,91,LOW,0
2026-01-21 03:00:00,Z017,1.0,1.0,0.9,91,LOW,0
2026-01-21 03:30:00,Z017,1.0,1.0,0.9,91,LOW,0
2026-01-21 04:00:00,Z017,1.0,0.0,0.8,91,LOW,0
2026-01-21 04:30:00,Z017,0.0,1.0,0.8,91,LOW,0
2026-01-21 05:00:00,Z017,1.0,7.0,5.4,91,LOW,0
2026-01-21 05:30:00,Z017,7.0,14.0,12.6,91,LOW,0
2026-01-21 06:00:00,Z017,14.0,11.0,13.3,91,LOW,0
2026-01-21 06:30:00,Z017,11.0,9.0,10.8,91,LOW,0
2026-01-21 07:00:00,Z017,9.0,9.0,10.8,91,LOW,1
2026-01-21 07:30:00,Z017,9.0,11.0,10.8,91,LOW,0
2026-01-21 08:00:00,Z017,11.0,16.0,17.8,91,LOW,0
2026-01-21 08:30:00,Z017,16.0,27.0,26.1,91,LOW,0
2026-01-21 09:00:00,Z017,27.0,33.0,33.5,91,LOW,1
2026-01-21 09:30:00,Z017,33.0,35.0,35.9,91,LOW,0
2026-01-21 10:00:00,Z017,35.0,35.0,39.9,91,LOW,0
2026-01-21 10:30:00,Z017,35.0,44.0,39.9,91,LOW,0
2026-01-21 11:00:00,Z017,44.0,36.0,36.2,91,LOW,0
2026-01-21 11:30:00,Z017,36.0,34.0,31.9,91,LOW,0
2026-01-21 12:00:00,Z017,34.0,44.0,40.5,91,LOW,0
2026-01-21 12:30:00,Z017,44.0,50.0,48.5,91,LOW,0
2026-01-21 13:00:00,Z017,50.0,47.0,52.9,91,LOW,0
2026-01-21 13:30:00,Z017,47.0,58.0,54.8,91,MEDIUM,0
2026-01-21 14:00:00,Z017,58.0,50.0,47.6,91,LOW,0
2026-01-21 14:30:00,Z017,50.0,36.0,39.3,91,LOW,0
2026-01-21 15:00:00,Z017,36.0,25.0,26.1,91,LOW,0
2026-01-21 15:30:00,Z017,25.0,18.0,19.2,91,LOW,0
2026-01-21 16:00:00,Z017,18.0,22.0,18.9,91,LOW,0
2026-01-21 16:30:00,Z017,22.0,20.0,19.1,91,LOW,1
2026-01-21 17:00:00,Z017,20.0,24.0,26.8,91,LOW,0
2026-01-21 17:30:00,Z017,24.0,43.0,38.6,91,LOW,0
2026-01-21 18:00:00,Z017,43.0,48.0,52.1,91,LOW,1
2026-01-21 18:30:00,Z017,48.0,51.0,53.3,91,LOW,0
2026-01-21 19:00:00,Z017,51.0,59.0,54.4,91,LOW,1
2026-01-21 19:30:00,Z017,59.0,55.0,58.9,91,MEDIUM,0
2026-01-21 20:00:00,Z017,55.0,52.0,48.1,91,LOW,0
2026-01-21 20:30:00,Z017,52.0,41.0,42.5,91,LOW,0
2026-01-21 21:00:00,Z017,41.0,35.0,32.8,91,LOW,0
2026-01-21 21:30:00,Z017,35.0,32.0,28.6,91,LOW,0
2026-01-21 22:00:00,Z017,32.0,19.0,22.6,91,LOW,0
2026-01-21 22:30:00,Z017,19.0,16.0,16.2,91,LOW,0
2026-01-21 23:00:00,Z017,16.0,13.0,14.5,91,LOW,1
2026-01-14 23:00:00,Z018,12.0,9.0,9.3,45,LOW,1
2026-01-14 23:30:00,Z018,9.0,12.0,9.1,45,LOW,0
2026-01-15 00:00:00,Z018,12.0,13.0,9.2,45,LOW,0
2026-01-15 00:30:00,Z018,13.0,6.0,8.3,45,LOW,0
2026-01-15 01:00:00,Z018,6.0,2.0,3.1,45,LOW,0
2026-01-15 01:30:00,Z018,2.0,1.0,1.0,45,LOW,0
2026-01-15 02:00:00,Z018,1.0,1.0,0.6,45,LOW,0
2026-01-15 02:30:00,Z018,1.0,0.0,0.6,45,LOW,0
2026-01-15 03:00:00,Z018,0.0,0.0,0.0,45,LOW,1
2026-01-15 03:30:00,Z018,0.0,0.0,0.0,45,LOW,0
2026-01-15 04:00:00,Z018,0.0,2.0,0.0,45,LOW,1
2026-01-15 04:30:00,Z018,2.0,3.0,2.3,45,LOW,0
2026-01-15 05:00:00,Z018,3.0,5.0,4.9,45,LOW,0
2026-01-15 05:30:00,Z018,5.0,8.0,7.3,45,LOW,0
2026-01-15 06:00:00,Z018,8.0,10.0,9.3,45,LOW,0
2026-01-15 06:30:00,Z018,10.0,11.0,10.7,45,LOW,0
2026-01-15 07:00:00,Z018,11.0,13.0,11.2,45,LOW,0
2026-01-15 07:30:00,Z018,13.0,7.0,13.8,45,LOW,1
2026-01-15 08:00:00,Z018,7.0,13.0,10.2,45,LOW,1
2026-01-15 08:30:00,Z018,13.0,19.0,17.9,45,LOW,0
2026-01-15 09:00:00,Z018,19.0,18.0,19.0,45,LOW,0
2026-01-15 09:30:00,Z018,18.0,19.0,20.0,45,LOW,1
2026-01-15 10:00:00,Z018,19.0,19.0,19.6,45,LOW,1
2026-01-15 10:30:00,Z018,19.0,20.0,19.6,45,LOW,0
2026-01-15 11:00:00,Z018,20.0,14.0,13.8,45,LOW,0
2026-01-15 11:30:00,Z018,14.0,11.0,11.2,45,LOW,0
2026-01-15 12:00:00,Z018,11.0,14.0,14.7,45,LOW,0
2026-01-15 12:30:00,Z018,14.0,19.0,18.4,45,LOW,0
2026-01-15 13:00:00,Z018,19.0,23.0,21.4,45,LOW,0
2026-01-15 13:30:00,Z018,23.0,24.0,23.3,45,LOW,1
2026-01-15 14:00:00,Z018,24.0,21.0,19.8,45,LOW,0
2026-01-15 14:30:00,Z018,21.0,12.0,14.6,45,LOW,0
2026-01-15 15:00:00,Z018,12.0,11.0,10.3,45,LOW,1
2026-01-15 15:30:00,Z018,11.0,7.0,8.8,45,LOW,0
2026-01-15 16:00:00,Z018,7.0,8.0,8.0,45,LOW,0
2026-01-15 16:30:00,Z018,8.0,9.0,8.3,45,LOW,0
2026-01-15 17:00:00,Z018,9.0,13.0,14.2,45,LOW,0
2026-01-15 17:30:00,Z018,13.0,17.0,17.1,45,LOW,0
2026-01-15 18:00:00,Z018,17.0,18.0,19.2,45,LOW,0
2026-01-15 18:30:00,Z018,18.0,19.0,19.9,45,LOW,0
2026-01-15 19:00:00,Z018,19.0,27.0,24.0,45,LOW,0
2026-01-15 19:30:00,Z018,27.0,30.0,28.0,45,MEDIUM,0
2026-01-15 20:00:00,Z018,30.0,23.0,23.4,45,LOW,0
2026-01-15 20:30:00,Z018,23.0,14.0,17.0,45,LOW,1
2026-01-15 21:00:00,Z018,14.0,8.0,9.5,45,LOW,0
2026-01-15 21:30:00,Z018,8.0,3.0,5.9,45,LOW,0
2026-01-15 22:00:00,Z018,3.0,5.0,5.3,45,LOW,0
2026-01-15 22:30:00,Z018,5.0,8.0,6.7,45,LOW,0
2026-01-15 23:00:00,Z018,8.0,9.0,7.3,45,LOW,0
2026-01-15 23:30:00,Z018,9.0,4.0,7.0,45,LOW,0
2026-01-16 00:00:00,Z018,4.0,2.0,2.7,45,LOW,0
2026-01-16 00:30:00,Z018,2.0,2.0,1.4,45,LOW,0
2026-01-16 01:00:00,Z018,2.0,1.0,1.1,45,LOW,0
2026-01-16 01:30:00,Z018,1.0,1.0,0.8,45,LOW,1
2026-01-16 02:00:00,Z018,1.0,1.0,1.0,45,LOW,0
2026-01-16 02:30:00,Z018,1.0,1.0,1.0,45,LOW,0
2026-01-16 03:00:00,Z018,1.0,0.0,0.6,45,LOW,0
2026-01-16 03:30:00,Z018,0.0,0.0,0.2,45,LOW,1
2026-01-16 04:00:00,Z018,0.0,0.0,0.2,45,LOW,0
2026-01-16 04:30:00,Z018,0.0,0.0,0.2,45,LOW,1
2026-01-16 05:00:00,Z018,0.0,2.0,2.1,45,LOW,1
2026-01-16 05:30:00,Z018,2.0,5.0,4.4,45,LOW,0
2026-01-16 06:00:00,Z018,5.0,6.0,6.2,45,LOW,0
2026-01-16 06:30:00,Z018,6.0,7.0,6.5,45,LOW,0
2026-01-16 07:00:00,Z018,7.0,6.0,7.1,45,LOW,0
2026-01-16 07:30:00,Z018,6.0,7.0,6.2,45,LOW,1
2026-01-16 08:00:00,Z018,7.0,11.0,10.2,45,LOW,0
2026-01-16 08:30:00,Z018,11.0,15.0,17.6,45,LOW,1
2026-01-16 09:00:00,Z018,15.0,19.0,19.2,45,LOW,1
2026-01-16 09:30:00,Z018,19.0,16.0,17.6,45,LOW,0
2026-01-16 10:00:00,Z018,16.0,24.0,21.2,45,LOW,0
2026-01-16 10:30:00,Z018,24.0,26.0,22.6,45,LOW,0
2026-01-16 11:00:00,Z018,26.0,25.0,19.4,45,LOW,1
2026-01-16 11:30:00,Z018,25.0,20.0,18.5,45,LOW,0
2026-01-16 12:00:00,Z018,20.0,20.0,19.4,45,LOW,0
2026-01-16 12:30:00,Z018,20.0,16.0,19.4,45,LOW,0
2026-01-16 13:00:00,Z018,16.0,19.0,21.9,45,LOW,1
2026-01-16 13:30:00,Z018,19.0,21.0,22.1,45,LOW,0
2026-01-16 14:00:00,Z018,21.0,17.0,17.1,45,LOW,0
2026-01-16 14:30:00,Z018,17.0,12.0,11.6,45,LOW,0
2026-01-16 15:00:00,Z018,12.0,9.0,9.2,45,LOW,0
2026-01-16 15:30:00,Z018,9.0,10.0,8.6,45,LOW,0
2026-01-16 16:00:00,Z018,10.0,5.0,6.5,45,LOW,0
2026-01-16 16:30:00,Z018,5.0,4.0,5.5,45,LOW,0
2026-01-16 17:00:00,Z018,4.0,13.0,10.7,45,LOW,0
2026-01-16 17:30:00,Z018,13.0,19.0,17.2,45,LOW,0
2026-01-16 18:00:00,Z018,19.0,24.0,22.6,45,LOW,0
2026-01-16 18:30:00,Z018,24.0,25.0,22.5,45,LOW,1
2026-01-16 19:00:00,Z018,25.0,28.0,27.2,45,MEDIUM,0
2026-01-16 19:30:00,Z018,28.0,28.0,27.3,45,MEDIUM,0
2026-01-16 20:00:00,Z018,28.0,23.0,22.4,45,LOW,0
2026-01-16 20:30:00,Z018,23.0,20.0,17.8,45,LOW,1
2026-01-16 21:00:00,Z018,20.0,18.0,18.0,45,LOW,0
2026-01-16 21:30:00,Z018,18.0,12.0,13.0,45,LOW,0
2026-01-16 22:00:00,Z018,12.0,13.0,11.5,45,LOW,0
2026-01-16 22:30:00,Z018,13.0,10.0,10.4,45,LOW,0
2026-01-16 23:00:00,Z018,10.0,7.0,7.3,45,LOW,0
2026-01-16 23:30:00,Z018,7.0,11.0,8.7,45,LOW,0
2026-01-17 00:00:00,Z018,11.0,8.0,7.5,45,LOW,0
2026-01-17 00:30:00,Z018,8.0,7.0,5.9,45,LOW,0
2026-01-17 01:00:00,Z018,7.0,3.0,3.4,45,LOW,1
2026-01-17 01:30:00,Z018,3.0,2.0,1.9,45,LOW,0
2026-01-17 02:00:00,Z018,2.0,1.0,1.0,45,LOW,0
2026-01-17 02:30:00,Z018,1.0,1.0,1.0,45,LOW,0
2026-01-17 03:00:00,Z018,1.0,0.0,0.7,45,LOW,0
2026-01-17 03:30:00,Z018,0.0,0.0,0.2,45,LOW,1
2026-01-17 04:00:00,Z018,0.0,0.0,0.2,45,LOW,1
2026-01-17 04:30:00,Z018,0.0,0.0,0.2,45,LOW,0
2026-01-17 05:00:00,Z018,0.0,3.0,3.2,45,LOW,0
2026-01-17 05:30:00,Z018,3.0,4.0,4.3,45,LOW,0
2026-01-17 06:00:00,Z018,4.0,4.0,5.9,45,LOW,1
2026-01-17 06:30:00,Z018,4.0,3.0,5.9,45,LOW,1
2026-01-17 07:00:00,Z018,3.0,4.0,4.3,45,LOW,1
2026-01-17 07:30:00,Z018,4.0,5.0,5.6,45,LOW,0
2026-01-17 08:00:00,Z018,5.0,10.0,9.8,45,LOW,0
2026-01-17 08:30:00,Z018,10.0,13.0,13.7,45,LOW,0
2026-01-17 09:00:00,Z018,13.0,17.0,17.7,45,LOW,0
2026-01-17 09:30:00,Z018,17.0,17.0,17.4,45,LOW,0
2026-01-17 10:00:00,Z018,17.0,18.0,17.6,45,LOW,0
2026-01-17 10:30:00,Z018,18.0,19.0,17.6,45,LOW,0
2026-01-17 11:00:00,Z018,19.0,15.0,14.3,45,LOW,0
2026-01-17 11:30:00,Z018,15.0,14.0,12.8,45,LOW,0
2026-01-17 12:00:00,Z018,14.0,14.0,14.5,45,LOW,0
2026-01-17 12:30:00,Z018,14.0,11.0,14.5,45,LOW,0
2026-01-17 13:00:00,Z018,11.0,13.0,13.7,45,LOW,0
2026-01-17 13:30:00,Z018,13.0,22.0,18.5,45,LOW,0
2026-01-17 14:00:00,Z018,22.0,21.0,18.7,45,LOW,0
2026-01-17 14:30:00,Z018,21.0,20.0,18.6,45,LOW,0
2026-01-17 15:00:00,Z018,20.0,14.0,15.6,45,LOW,0
2026-01-17 15:30:00,Z018,14.0,8.0,11.1,45,LOW,1
2026-01-17 16:00:00,Z018,8.0,5.0,7.1,45,LOW,1
2026-01-17 16:30:00,Z018,5.0,4.0,4.7,45,LOW,0
2026-01-17 17:00:00,Z018,4.0,6.0,7.9,45,LOW,0
2026-01-17 17:30:00,Z018,6.0,12.0,13.2,45,LOW,0
2026-01-17 18:00:00,Z018,12.0,25.0,18.1,45,LOW,1
2026-01-17 18:30:00,Z018,25.0,25.0,29.8,45,MEDIUM,0
2026-01-17 19:00:00,Z018,25.0,32.0,31.2,45,MEDIUM,0
2026-01-17 19:30:00,Z018,32.0,33.0,33.2,45,MEDIUM,0
2026-01-17 20:00:00,Z018,33.0,26.0,25.1,45,LOW,0
2026-01-17 20:30:00,Z018,26.0,19.0,18.4,45,LOW,0
2026-01-17 21:00:00,Z018,19.0,15.0,14.0,45,LOW,1
2026-01-17 21:30:00,Z018,15.0,10.0,8.9,45,LOW,0
2026-01-17 22:00:00,Z018,10.0,4.0,6.5,45,LOW,0
2026-01-17 22:30:00,Z018,4.0,6.0,5.1,45,LOW,0
2026-01-17 23:00:00,Z018,6.0,8.0,7.5,45,LOW,0
2026-01-17 23:30:00,Z018,8.0,5.0,6.4,45,LOW,0
2026-01-18 00:00:00,Z018,5.0,3.0,3.7,45,LOW,1
2026-01-18 00:30:00,Z018,3.0,1.0,1.6,45,LOW,0
2026-01-18 01:00:00,Z018,1.0,1.0,0.8,45,LOW,0
2026-01-18 01:30:00,Z018,1.0,1.0,0.8,45,LOW,0
2026-01-18 02:00:00,Z018,1.0,1.0,0.7,45,LOW,0
2026-01-18 02:30:00,Z018,1.0,0.0,0.7,45,LOW,0
2026-01-18 03:00:00,Z018,0.0,0.0,0.1,45,LOW,0
2026-01-18 03:30:00,Z018,0.0,0.0,0.1,45,LOW,1
2026-01-18 04:00:00,Z018,0.0,0.0,0.2,45,LOW,1
2026-01-18 04:30:00,Z018,0.0,0.0,0.2,45,LOW,0
2026-01-18 05:00:00,Z018,0.0,2.0,2.5,45,LOW,0
2026-01-18 05:30:00,Z018,2.0,4.0,3.8,45,LOW,0
2026-01-18 06:00:00,Z018,4.0,6.0,5.9,45,LOW,0
2026-01-18 06:30:00,Z018,6.0,9.0,7.2,45,LOW,0
2026-01-18 07:00:00,Z018,9.0,13.0,11.0,45,LOW,0
2026-01-18 07:30:00,Z018,13.0,12.0,13.0,45,LOW,0
2026-01-18 08:00:00,Z018,12.0,18.0,17.9,45,LOW,0
2026-01-18 08:30:00,Z018,18.0,21.0,19.4,45,LOW,1
2026-01-18 09:00:00,Z018,21.0,19.0,20.1,45,LOW,0
2026-01-18 09:30:00,Z018,19.0,23.0,17.5,45,LOW,1
2026-01-18 10:00:00,Z018,23.0,17.0,19.4,45,LOW,0
2026-01-18 10:30:00,Z018,17.0,17.0,18.8,45,LOW,0
2026-01-18 11:00:00,Z018,17.0,14.0,13.6,45,LOW,0
2026-01-18 11:30:00,Z018,14.0,10.0,11.1,45,LOW,0
2026-01-18 12:00:00,Z018,10.0,14.0,14.9,45,LOW,0
2026-01-18 12:30:00,Z018,14.0,18.0,18.3,45,LOW,0
2026-01-18 13:00:00,Z018,18.0,22.0,21.9,45,LOW,1
2026-01-18 13:30:00,Z018,22.0,27.0,23.0,45,LOW,0
2026-01-18 14:00:00,Z018,27.0,24.0,22.5,45,LOW,0
2026-01-18 14:30:00,Z018,24.0,14.0,18.7,45,LOW,1
2026-01-18 15:00:00,Z018,14.0,6.0,10.5,45,LOW,1
2026-01-18 15:30:00,Z018,6.0,8.0,7.1,45,LOW,0
2026-01-18 16:00:00,Z018,8.0,6.0,6.3,45,LOW,0
2026-01-18 16:30:00,Z018,6.0,8.0,7.2,45,LOW,0
2026-01-18 17:00:00,Z018,8.0,16.0,15.8,45,LOW,0
2026-01-18 17:30:00,Z018,16.0,16.0,18.0,45,LOW,0
2026-01-18 18:00:00,Z018,16.0,13.0,18.2,45,LOW,1
2026-01-18 18:30:00,Z018,13.0,14.0,16.5,45,LOW,0
2026-01-18 19:00:00,Z018,14.0,20.0,18.3,45,LOW,0
2026-01-18 19:30:00,Z018,20.0,20.0,21.6,45,LOW,0
2026-01-18 20:00:00,Z018,20.0,14.0,15.9,45,LOW,0
2026-01-18 20:30:00,Z018,14.0,13.0,11.3,45,LOW,0
2026-01-18 21:00:00,Z018,13.0,9.0,9.4,45,LOW,0
2026-01-18 21:30:00,Z018,9.0,8.0,7.6,45,LOW,0
2026-01-18 22:00:00,Z018,8.0,12.0,9.3,45,LOW,0
2026-01-18 22:30:00,Z018,12.0,10.0,9.8,45,LOW,0
2026-01-18 23:00:00,Z018,10.0,10.0,8.7,45,LOW,0
2026-01-18 23:30:00,Z018,10.0,8.0,8.7,45,LOW,0
2026-01-19 00:00:00,Z018,8.0,4.0,5.0,45,LOW,0
2026-01-19 00:30:00,Z018,4.0,2.0,2.3,45,LOW,0
2026-01-19 01:00:00,Z018,2.0,2.0,1.9,45,LOW,0
2026-01-19 01:30:00,Z018,2.0,2.0,1.9,45,LOW,0
2026-01-19 02:00:00,Z018,2.0,2.0,1.6,45,LOW,0
2026-01-19 02:30:00,Z018,2.0,1.0,1.6,45,LOW,0
2026-01-19 03:00:00,Z018,1.0,1.0,0.5,45,LOW,0
2026-01-19 03:30:00,Z018,1.0,0.0,0.5,45,LOW,0
2026-01-19 04:00:00,Z018,0.0,0.0,0.0,45,LOW,0
2026-01-19 04:30:00,Z018,0.0,0.0,0.0,45,LOW,1
2026-01-19 05:00:00,Z018,0.0,3.0,2.4,45,LOW,0
2026-01-19 05:30:00,Z018,3.0,9.0,6.6,45,LOW,0
2026-01-19 06:00:00,Z018,9.0,9.0,8.8,45,LOW,0
2026-01-19 06:30:00,Z018,9.0,10.0,8.8,45,LOW,0
2026-01-19 07:00:00,Z018,10.0,8.0,9.5,45,LOW,0
2026-01-19 07:30:00,Z018,8.0,7.0,7.2,45,LOW,0
2026-01-19 08:00:00,Z018,7.0,11.0,8.6,45,LOW,1
2026-01-19 08:30:00,Z018,11.0,18.0,18.0,45,LOW,0
2026-01-19 09:00:00,Z018,18.0,17.0,17.8,45,LOW,0
2026-01-19 09:30:00,Z018,17.0,18.0,17.9,45,LOW,0
2026-01-19 10:00:00,Z018,18.0,18.0,19.0,45,LOW,0
2026-01-19 10:30:00,Z018,18.0,22.0,19.0,45,LOW,0
2026-01-19 11:00:00,Z018,22.0,21.0,16.3,45,LOW,1
2026-01-19 11:30:00,Z018,21.0,15.0,15.5,45,LOW,0
2026-01-19 12:00:00,Z018,15.0,11.0,15.4,45,LOW,0
2026-01-19 12:30:00,Z018,11.0,11.0,13.9,45,LOW,0
2026-01-19 13:00:00,Z018,11.0,16.0,14.1,45,LOW,0
2026-01-19 13:30:00,Z018,16.0,18.0,19.8,45,LOW,0
2026-01-19 14:00:00,Z018,18.0,15.0,12.5,45,LOW,0
2026-01-19 14:30:00,Z018,15.0,9.0,10.7,45,LOW,0
2026-01-19 15:00:00,Z018,9.0,8.0,8.6,45,LOW,0
2026-01-19 15:30:00,Z018,8.0,8.0,7.5,45,LOW,0
2026-01-19 16:00:00,Z018,8.0,7.0,7.2,45,LOW,0
2026-01-19 16:30:00,Z018,7.0,9.0,8.9,45,LOW,0
2026-01-19 17:00:00,Z018,9.0,12.0,13.0,45,LOW,0
2026-01-19 17:30:00,Z018,12.0,14.0,15.2,45,LOW,0
2026-01-19 18:00:00,Z018,14.0,16.0,18.2,45,LOW,0
2026-01-19 18:30:00,Z018,16.0,20.0,20.2,45,LOW,1
2026-01-19 19:00:00,Z018,20.0,19.0,21.0,45,LOW,0
2026-01-19 19:30:00,Z018,19.0,16.0,20.6,45,LOW,0
2026-01-19 20:00:00,Z018,16.0,15.0,13.7,45,LOW,0
2026-01-19 20:30:00,Z018,15.0,16.0,12.7,45,LOW,0
2026-01-19 21:00:00,Z018,16.0,10.0,11.5,45,LOW,0
2026-01-19 21:30:00,Z018,10.0,10.0,8.4,45,LOW,0
2026-01-19 22:00:00,Z018,10.0,10.0,7.7,45,LOW,0
2026-01-19 22:30:00,Z018,10.0,4.0,7.7,45,LOW,0
2026-01-19 23:00:00,Z018,4.0,6.0,6.0,45,LOW,0
2026-01-19 23:30:00,Z018,6.0,6.0,6.6,45,LOW,0
2026-01-20 00:00:00,Z018,6.0,2.0,2.9,45,LOW,0
2026-01-20 00:30:00,Z018,2.0,1.0,1.3,45,LOW,0
2026-01-20 01:00:00,Z018,1.0,0.0,0.6,45,LOW,0
2026-01-20 01:30:00,Z018,0.0,0.0,0.0,45,LOW,0
2026-01-20 02:00:00,Z018,0.0,0.0,0.0,45,LOW,0
2026-01-20 02:30:00,Z018,0.0,0.0,0.0,45,LOW,0
2026-01-20 03:00:00,Z018,0.0,0.0,0.0,45,LOW,0
2026-01-20 03:30:00,Z018,0.0,0.0,0.0,45,LOW,0
2026-01-20 04:00:00,Z018,0.0,0.0,0.0,45,LOW,0
2026-01-20 04:30:00,Z018,0.0,0.0,0.0,45,LOW,0
2026-01-20 05:00:00,Z018,0.0,3.0,2.5,45,LOW,0
2026-01-20 05:30:00,Z018,3.0,7.0,4.7,45,LOW,1
2026-01-20 06:00:00,Z018,7.0,7.0,7.3,45,LOW,0
2026-01-20 06:30:00,Z018,7.0,8.0,7.3,45,LOW,0
2026-01-20 07:00:00,Z018,8.0,8.0,7.9,45,LOW,1
2026-01-20 07:30:00,Z018,8.0,8.0,7.9,45,LOW,1
2026-01-20 08:00:00,Z018,8.0,14.0,13.2,45,LOW,0
2026-01-20 08:30:00,Z018,14.0,14.0,14.9,45,LOW,0
2026-01-20 09:00:00,Z018,14.0,17.0,16.3,45,LOW,0
2026-01-20 09:30:00,Z018,17.0,16.0,17.0,45,LOW,1
2026-01-20 10:00:00,Z018,16.0,16.0,15.9,45,LOW,0
2026-01-20 10:30:00,Z018,16.0,13.0,15.9,45,LOW,0
2026-01-20 11:00:00,Z018,13.0,11.0,11.0,45,LOW,0
2026-01-20 11:30:00,Z018,11.0,9.0,8.4,45,LOW,1
2026-01-20 12:00:00,Z018,9.0,16.0,15.8,45,LOW,0
2026-01-20 12:30:00,Z018,16.0,27.0,23.2,45,LOW,0
2026-01-20 13:00:00,Z018,27.0,23.0,22.5,45,LOW,0
2026-01-20 13:30:00,Z018,23.0,19.0,23.3,45,LOW,0
2026-01-20 14:00:00,Z018,19.0,12.0,13.8,45,LOW,1
2026-01-20 14:30:00,Z018,12.0,11.0,10.3,45,LOW,0
2026-01-20 15:00:00,Z018,11.0,15.0,11.6,45,LOW,0
2026-01-20 15:30:00,Z018,15.0,13.0,11.8,45,LOW,0
2026-01-20 16:00:00,Z018,13.0,8.0,9.1,45,LOW,0
2026-01-20 16:30:00,Z018,8.0,5.0,6.4,45,LOW,0
2026-01-20 17:00:00,Z018,5.0,16.0,13.5,45,LOW,0
2026-01-20 17:30:00,Z018,16.0,23.0,21.6,45,LOW,0
2026-01-20 18:00:00,Z018,23.0,27.0,26.1,45,LOW,0
2026-01-20 18:30:00,Z018,27.0,30.0,28.0,45,MEDIUM,1
2026-01-20 19:00:00,Z018,30.0,30.0,31.8,45,MEDIUM,0
2026-01-20 19:30:00,Z018,30.0,36.0,31.8,45,MEDIUM,0
2026-01-20 20:00:00,Z018,36.0,30.0,29.4,45,MEDIUM,0
2026-01-20 20:30:00,Z018,30.0,22.0,23.0,45,LOW,1
2026-01-20 21:00:00,Z018,22.0,15.0,16.1,45,LOW,0
2026-01-20 21:30:00,Z018,15.0,4.0,8.4,45,LOW,0
2026-01-20 22:00:00,Z018,4.0,1.0,5.0,45,LOW,1
2026-01-20 22:30:00,Z018,1.0,4.0,3.8,45,LOW,1
2026-01-20 23:00:00,Z018,4.0,6.0,5.7,45,LOW,0
2026-01-20 23:30:00,Z018,6.0,6.0,5.5,45,LOW,1
2026-01-21 00:00:00,Z018,6.0,1.0,2.5,45,LOW,0
2026-01-21 00:30:00,Z018,1.0,0.0,0.4,45,LOW,0
2026-01-21 01:00:00,Z018,0.0,0.0,0.0,45,LOW,0
2026-01-21 01:30:00,Z018,0.0,0.0,0.0,45,LOW,0
2026-01-21 02:00:00,Z018,0.0,0.0,0.0,45,LOW,0
2026-01-21 02:30:00,Z018,0.0,1.0,0.0,45,LOW,1
2026-01-21 03:00:00,Z018,1.0,1.0,0.5,45,LOW,0
2026-01-21 03:30:00,Z018,1.0,0.0,0.5,45,LOW,0
2026-01-21 04:00:00,Z018,0.0,0.0,0.1,45,LOW,0
2026-01-21 04:30:00,Z018,0.0,0.0,0.1,45,LOW,0
2026-01-21 05:00:00,Z018,0.0,2.0,2.5,45,LOW,0
2026-01-21 05:30:00,Z018,2.0,6.0,5.2,45,LOW,0
2026-01-21 06:00:00,Z018,6.0,7.0,6.7,45,LOW,0
2026-01-21 06:30:00,Z018,7.0,6.0,6.8,45,LOW,0
2026-01-21 07:00:00,Z018,6.0,7.0,6.7,45,LOW,0
2026-01-21 07:30:00,Z018,7.0,7.0,6.9,45,LOW,0
2026-01-21 08:00:00,Z018,7.0,5.0,8.3,45,LOW,0
2026-01-21 08:30:00,Z018,5.0,9.0,9.0,45,LOW,0
2026-01-21 09:00:00,Z018,9.0,16.0,13.4,45,LOW,1
2026-01-21 09:30:00,Z018,16.0,20.0,19.1,45,LOW,0
2026-01-21 10:00:00,Z018,20.0,17.0,18.2,45,LOW,0
2026-01-21 10:30:00,Z018,17.0,20.0,19.9,45,LOW,0
2026-01-21 11:00:00,Z018,20.0,16.0,14.1,45,LOW,1
2026-01-21 11:30:00,Z018,16.0,14.0,13.4,45,LOW,0
2026-01-21 12:00:00,Z018,14.0,23.0,18.5,45,LOW,0
2026-01-21 12:30:00,Z018,23.0,23.0,23.2,45,LOW,0
2026-01-21 13:00:00,Z018,23.0,25.0,23.0,45,LOW,0
2026-01-21 13:30:00,Z018,25.0,14.0,22.6,45,LOW,0
2026-01-21 14:00:00,Z018,14.0,14.0,12.0,45,LOW,0
2026-01-21 14:30:00,Z018,14.0,11.0,12.0,45,LOW,0
2026-01-21 15:00:00,Z018,11.0,13.0,9.8,45,LOW,1
2026-01-21 15:30:00,Z018,13.0,10.0,10.1,45,LOW,0
2026-01-21 16:00:00,Z018,10.0,9.0,8.2,45,LOW,1
2026-01-21 16:30:00,Z018,9.0,10.0,8.9,45,LOW,0
2026-01-21 17:00:00,Z018,10.0,10.0,15.2,45,LOW,1
2026-01-21 17:30:00,Z018,10.0,15.0,15.2,45,LOW,0
2026-01-21 18:00:00,Z018,15.0,15.0,17.0,45,LOW,0
2026-01-21 18:30:00,Z018,15.0,22.0,17.0,45,LOW,1
2026-01-21 19:00:00,Z018,22.0,26.0,24.3,45,LOW,0
2026-01-21 19:30:00,Z018,26.0,30.0,28.3,45,MEDIUM,0
2026-01-21 20:00:00,Z018,30.0,21.0,21.9,45,LOW,1
2026-01-21 20:30:00,Z018,21.0,17.0,17.5,45,LOW,0
2026-01-21 21:00:00,Z018,17.0,13.0,13.0,45,LOW,0
2026-01-21 21:30:00,Z018,13.0,8.0,9.5,45,LOW,0
2026-01-21 22:00:00,Z018,8.0,6.0,8.0,45,LOW,0
2026-01-21 22:30:00,Z018,6.0,5.0,5.9,45,LOW,0
2026-01-21 23:00:00,Z018,5.0,5.0,5.0,45,LOW,0
2026-01-14 23:00:00,Z019,14.0,17.0,15.8,130,LOW,1
2026-01-14 23:30:00,Z019,17.0,19.0,17.9,130,LOW,0
2026-01-15 00:00:00,Z019,19.0,12.0,11.0,130,LOW,0
2026-01-15 00:30:00,Z019,12.0,8.0,7.0,130,LOW,0
2026-01-15 01:00:00,Z019,8.0,5.0,4.7,130,LOW,0
2026-01-15 01:30:00,Z019,5.0,4.0,3.3,130,LOW,1
2026-01-15 02:00:00,Z019,4.0,2.0,2.6,130,LOW,1
2026-01-15 02:30:00,Z019,2.0,3.0,2.6,130,LOW,0
2026-01-15 03:00:00,Z019,3.0,4.0,2.4,130,LOW,1
2026-01-15 03:30:00,Z019,4.0,1.0,1.9,130,LOW,0
2026-01-15 04:00:00,Z019,1.0,1.0,1.1,130,LOW,0
2026-01-15 04:30:00,Z019,1.0,2.0,1.1,130,LOW,1
2026-01-15 05:00:00,Z019,2.0,8.0,8.6,130,LOW,0
2026-01-15 05:30:00,Z019,8.0,19.0,16.1,130,LOW,0
2026-01-15 06:00:00,Z019,19.0,21.0,19.8,130,LOW,1
2026-01-15 06:30:00,Z019,21.0,15.0,18.0,130,LOW,0
2026-01-15 07:00:00,Z019,15.0,19.0,17.5,130,LOW,0
2026-01-15 07:30:00,Z019,19.0,20.0,20.0,130,LOW,0
2026-01-15 08:00:00,Z019,20.0,42.0,41.5,130,LOW,0
2026-01-15 08:30:00,Z019,42.0,49.0,53.8,130,LOW,0
2026-01-15 09:00:00,Z019,49.0,46.0,50.7,130,LOW,0
2026-01-15 09:30:00,Z019,46.0,50.0,48.4,130,LOW,0
2026-01-15 10:00:00,Z019,50.0,49.0,51.1,130,LOW,1
2026-01-15 10:30:00,Z019,49.0,59.0,52.1,130,LOW,0
2026-01-15 11:00:00,Z019,59.0,38.0,40.4,130,LOW,0
2026-01-15 11:30:00,Z019,38.0,28.0,26.4,130,LOW,0
2026-01-15 12:00:00,Z019,28.0,39.0,40.5,130,LOW,1
2026-01-15 12:30:00,Z019,39.0,57.0,55.5,130,LOW,0
2026-01-15 13:00:00,Z019,57.0,58.0,58.4,130,LOW,0
2026-01-15 13:30:00,Z019,58.0,56.0,58.7,130,LOW,0
2026-01-15 14:00:00,Z019,56.0,47.0,43.0,130,LOW,0
2026-01-15 14:30:00,Z019,47.0,22.0,26.4,130,LOW,0
2026-01-15 15:00:00,Z019,22.0,21.0,19.3,130,LOW,0
2026-01-15 15:30:00,Z019,21.0,17.0,17.7,130,LOW,0
2026-01-15 16:00:00,Z019,17.0,19.0,17.0,130,LOW,0
2026-01-15 16:30:00,Z019,19.0,14.0,18.0,130,LOW,1
2026-01-15 17:00:00,Z019,14.0,36.0,41.4,130,LOW,0
2026-01-15 17:30:00,Z019,36.0,41.0,46.9,130,LOW,0
2026-01-15 18:00:00,Z019,41.0,55.0,56.9,130,LOW,1
2026-01-15 18:30:00,Z019,55.0,73.0,69.7,130,LOW,0
2026-01-15 19:00:00,Z019,73.0,75.0,70.3,130,LOW,1
2026-01-15 19:30:00,Z019,75.0,70.0,69.2,130,LOW,0
2026-01-15 20:00:00,Z019,70.0,44.0,45.6,130,LOW,0
2026-01-15 20:30:00,Z019,44.0,27.0,28.3,130,LOW,0
2026-01-15 21:00:00,Z019,27.0,20.0,21.1,130,LOW,0
2026-01-15 21:30:00,Z019,20.0,19.0,19.3,130,LOW,0
2026-01-15 22:00:00,Z019,19.0,16.0,16.8,130,LOW,0
2026-01-15 22:30:00,Z019,16.0,13.0,15.6,130,LOW,1
2026-01-15 23:00:00,Z019,13.0,13.0,13.7,130,LOW,0
2026-01-15 23:30:00,Z019,13.0,14.0,13.7,130,LOW,0
2026-01-16 00:00:00,Z019,14.0,9.0,8.7,130,LOW,0
2026-01-16 00:30:00,Z019,9.0,6.0,5.6,130,LOW,0
2026-01-16 01:00:00,Z019,6.0,4.0,3.6,130,LOW,0
2026-01-16 01:30:00,Z019,4.0,1.0,2.1,130,LOW,0
2026-01-16 02:00:00,Z019,1.0,1.0,1.2,130,LOW,0
2026-01-16 02:30:00,Z019,1.0,1.0,1.2,130,LOW,0
2026-01-16 03:00:00,Z019,1.0,2.0,1.4,130,LOW,0
2026-01-16 03:30:00,Z019,2.0,2.0,1.3,130,LOW,0
2026-01-16 04:00:00,Z019,2.0,0.0,1.3,130,LOW,0
2026-01-16 04:30:00,Z019,0.0,0.0,0.4,130,LOW,0
2026-01-16 05:00:00,Z019,0.0,6.0,7.8,130,LOW,0
2026-01-16 05:30:00,Z019,6.0,12.0,11.9,130,LOW,0
2026-01-16 06:00:00,Z019,12.0,17.0,14.9,130,LOW,0
2026-01-16 06:30:00,Z019,17.0,18.0,19.7,130,LOW,1
2026-01-16 07:00:00,Z019,18.0,23.0,20.5,130,LOW,0
2026-01-16 07:30:00,Z019,23.0,22.0,21.4,130,LOW,0
2026-01-16 08:00:00,Z019,22.0,51.0,43.8,130,LOW,0
2026-01-16 08:30:00,Z019,51.0,56.0,59.0,130,LOW,1
2026-01-16 09:00:00,Z019,56.0,57.0,52.7,130,LOW,1
2026-01-16 09:30:00,Z019,57.0,40.0,50.7,130,LOW,0
2026-01-16 10:00:00,Z019,40.0,42.0,43.1,130,LOW,0
2026-01-16 10:30:00,Z019,42.0,42.0,45.5,130,LOW,0
2026-01-16 11:00:00,Z019,42.0,33.0,26.8,130,LOW,1
2026-01-16 11:30:00,Z019,33.0,23.0,24.5,130,LOW,0
2026-01-16 12:00:00,Z019,23.0,35.0,41.2,130,LOW,1
2026-01-16 12:30:00,Z019,35.0,49.0,50.6,130,LOW,0
2026-01-16 13:00:00,Z019,49.0,54.0,57.9,130,LOW,1
2026-01-16 13:30:00,Z019,54.0,53.0,56.6,130,LOW,0
2026-01-16 14:00:00,Z019,53.0,41.0,35.8,130,LOW,0
2026-01-16 14:30:00,Z019,41.0,28.0,26.8,130,LOW,0
2026-01-16 15:00:00,Z019,28.0,14.0,15.8,130,LOW,0
2026-01-16 15:30:00,Z019,14.0,15.0,15.1,130,LOW,0
2026-01-16 16:00:00,Z019,15.0,13.0,14.8,130,LOW,0
2026-01-16 16:30:00,Z019,13.0,20.0,15.3,130,LOW,1
2026-01-16 17:00:00,Z019,20.0,49.0,48.4,130,LOW,0
2026-01-16 17:30:00,Z019,49.0,57.0,63.0,130,LOW,0
2026-01-16 18:00:00,Z019,57.0,69.0,67.4,130,LOW,0
2026-01-16 18:30:00,Z019,69.0,57.0,61.2,130,LOW,0
2026-01-16 19:00:00,Z019,57.0,61.0,64.9,130,LOW,1
2026-01-16 19:30:00,Z019,61.0,59.0,62.1,130,LOW,0
2026-01-16 20:00:00,Z019,59.0,43.0,41.8,130,LOW,0
2026-01-16 20:30:00,Z019,43.0,31.0,28.4,130,LOW,0
2026-01-16 21:00:00,Z019,31.0,18.0,19.4,130,LOW,0
2026-01-16 21:30:00,Z019,18.0,15.0,18.5,130,LOW,1
2026-01-16 22:00:00,Z019,15.0,13.0,13.8,130,LOW,0
2026-01-16 22:30:00,Z019,13.0,12.0,13.1,130,LOW,1
2026-01-16 23:00:00,Z019,12.0,21.0,18.5,130,LOW,0
2026-01-16 23:30:00,Z019,21.0,25.0,20.3,130,LOW,1
2026-01-17 00:00:00,Z019,25.0,15.0,15.0,130,LOW,0
2026-01-17 00:30:00,Z019,15.0,5.0,6.9,130,LOW,0
2026-01-17 01:00:00,Z019,5.0,3.0,2.9,130,LOW,0
2026-01-17 01:30:00,Z019,3.0,1.0,2.0,130,LOW,0
2026-01-17 02:00:00,Z019,1.0,1.0,2.2,130,LOW,0
2026-01-17 02:30:00,Z019,1.0,4.0,2.2,130,LOW,0
2026-01-17 03:00:00,Z019,4.0,2.0,2.3,130,LOW,0
2026-01-17 03:30:00,Z019,2.0,1.0,1.7,130,LOW,0
2026-01-17 04:00:00,Z019,1.0,2.0,2.2,130,LOW,0
2026-01-17 04:30:00,Z019,2.0,2.0,1.8,130,LOW,0
2026-01-17 05:00:00,Z019,2.0,10.0,10.2,130,LOW,0
2026-01-17 05:30:00,Z019,10.0,11.0,12.6,130,LOW,0
2026-01-17 06:00:00,Z019,11.0,12.0,13.5,130,LOW,1
2026-01-17 06:30:00,Z019,12.0,19.0,17.5,130,LOW,0
2026-01-17 07:00:00,Z019,19.0,15.0,21.1,130,LOW,1
2026-01-17 07:30:00,Z019,15.0,17.0,17.5,130,LOW,0
2026-01-17 08:00:00,Z019,17.0,35.0,33.5,130,LOW,0
2026-01-17 08:30:00,Z019,35.0,50.0,48.5,130,LOW,0
2026-01-17 09:00:00,Z019,50.0,48.0,49.2,130,LOW,0
2026-01-17 09:30:00,Z019,48.0,48.0,49.0,130,LOW,0
2026-01-17 10:00:00,Z019,48.0,52.0,48.2,130,LOW,1
2026-01-17 10:30:00,Z019,52.0,50.0,49.4,130,LOW,0
2026-01-17 11:00:00,Z019,50.0,26.0,34.9,130,LOW,1
2026-01-17 11:30:00,Z019,26.0,19.0,21.8,130,LOW,0
2026-01-17 12:00:00,Z019,19.0,34.0,34.1,130,LOW,0
2026-01-17 12:30:00,Z019,34.0,47.0,48.1,130,LOW,0
2026-01-17 13:00:00,Z019,47.0,54.0,56.9,130,LOW,1
2026-01-17 13:30:00,Z019,54.0,51.0,56.7,130,LOW,1
2026-01-17 14:00:00,Z019,51.0,42.0,38.4,130,LOW,0
2026-01-17 14:30:00,Z019,42.0,28.0,26.7,130,LOW,0
2026-01-17 15:00:00,Z019,28.0,24.0,20.1,130,LOW,0
2026-01-17 15:30:00,Z019,24.0,28.0,23.5,130,LOW,0
2026-01-17 16:00:00,Z019,28.0,16.0,20.2,130,LOW,0
2026-01-17 16:30:00,Z019,16.0,14.0,15.3,130,LOW,0
2026-01-17 17:00:00,Z019,14.0,52.0,45.9,130,LOW,0
2026-01-17 17:30:00,Z019,52.0,66.0,68.0,130,LOW,0
2026-01-17 18:00:00,Z019,66.0,55.0,60.2,130,LOW,0
2026-01-17 18:30:00,Z019,55.0,52.0,60.4,130,LOW,0
2026-01-17 19:00:00,Z019,52.0,53.0,55.1,130,LOW,0
2026-01-17 19:30:00,Z019,53.0,56.0,56.0,130,LOW,0
2026-01-17 20:00:00,Z019,56.0,35.0,35.8,130,LOW,0
2026-01-17 20:30:00,Z019,35.0,23.0,23.6,130,LOW,0
2026-01-17 21:00:00,Z019,23.0,18.0,18.3,130,LOW,0
2026-01-17 21:30:00,Z019,18.0,18.0,19.3,130,LOW,0
2026-01-17 22:00:00,Z019,18.0,20.0,19.3,130,LOW,0
2026-01-17 22:30:00,Z019,20.0,23.0,22.0,130,LOW,0
2026-01-17 23:00:00,Z019,23.0,15.0,18.8,130,LOW,0
2026-01-17 23:30:00,Z019,15.0,20.0,16.5,130,LOW,1
2026-01-18 00:00:00,Z019,20.0,10.0,10.0,130,LOW,0
2026-01-18 00:30:00,Z019,10.0,7.0,6.0,130,LOW,0
2026-01-18 01:00:00,Z019,7.0,3.0,3.6,130,LOW,0
2026-01-18 01:30:00,Z019,3.0,1.0,1.4,130,LOW,0
2026-01-18 02:00:00,Z019,1.0,1.0,1.2,130,LOW,0
2026-01-18 02:30:00,Z019,1.0,1.0,1.2,130,LOW,0
2026-01-18 03:00:00,Z019,1.0,0.0,1.1,130,LOW,0
2026-01-18 03:30:00,Z019,0.0,1.0,0.9,130,LOW,0
2026-01-18 04:00:00,Z019,1.0,3.0,2.4,130,LOW,0
2026-01-18 04:30:00,Z019,3.0,1.0,2.1,130,LOW,0
2026-01-18 05:00:00,Z019,1.0,8.0,9.1,130,LOW,0
2026-01-18 05:30:00,Z019,8.0,11.0,12.9,130,LOW,0
2026-01-18 06:00:00,Z019,11.0,10.0,13.2,130,LOW,0
2026-01-18 06:30:00,Z019,10.0,19.0,14.1,130,LOW,0
2026-01-18 07:00:00,Z019,19.0,20.0,21.2,130,LOW,0
2026-01-18 07:30:00,Z019,20.0,18.0,18.8,130,LOW,0
2026-01-18 08:00:00,Z019,18.0,27.0,31.4,130,LOW,0
2026-01-18 08:30:00,Z019,27.0,47.0,41.6,130,LOW,0
2026-01-18 09:00:00,Z019,47.0,52.0,49.3,130,LOW,0
2026-01-18 09:30:00,Z019,52.0,51.0,49.9,130,LOW,0
2026-01-18 10:00:00,Z019,51.0,45.0,49.3,130,LOW,1
2026-01-18 10:30:00,Z019,45.0,42.0,45.2,130,LOW,0
2026-01-18 11:00:00,Z019,42.0,27.0,27.8,130,LOW,0
2026-01-18 11:30:00,Z019,27.0,19.0,24.3,130,LOW,0
2026-01-18 12:00:00,Z019,19.0,34.0,32.5,130,LOW,0
2026-01-18 12:30:00,Z019,34.0,44.0,48.6,130,LOW,0
2026-01-18 13:00:00,Z019,44.0,58.0,57.2,130,LOW,0
2026-01-18 13:30:00,Z019,58.0,62.0,62.9,130,LOW,1
2026-01-18 14:00:00,Z019,62.0,41.0,41.2,130,LOW,0
2026-01-18 14:30:00,Z019,41.0,22.0,25.6,130,LOW,0
2026-01-18 15:00:00,Z019,22.0,17.0,18.4,130,LOW,0
2026-01-18 15:30:00,Z019,17.0,18.0,16.8,130,LOW,1
2026-01-18 16:00:00,Z019,18.0,15.0,17.3,130,LOW,0
2026-01-18 16:30:00,Z019,15.0,15.0,15.1,130,LOW,0
2026-01-18 17:00:00,Z019,15.0,44.0,43.3,130,LOW,0
2026-01-18 17:30:00,Z019,44.0,57.0,57.3,130,LOW,0
2026-01-18 18:00:00,Z019,57.0,64.0,64.9,130,LOW,0
2026-01-18 18:30:00,Z019,64.0,68.0,62.2,130,LOW,1
2026-01-18 19:00:00,Z019,68.0,64.0,61.4,130,LOW,0
2026-01-18 19:30:00,Z019,64.0,55.0,59.7,130,LOW,0
2026-01-18 20:00:00,Z019,55.0,34.0,32.6,130,LOW,0
2026-01-18 20:30:00,Z019,34.0,18.0,21.8,130,LOW,0
2026-01-18 21:00:00,Z019,18.0,14.0,18.3,130,LOW,1
2026-01-18 21:30:00,Z019,14.0,12.0,12.0,130,LOW,0
2026-01-18 22:00:00,Z019,12.0,14.0,16.1,130,LOW,0
2026-01-18 22:30:00,Z019,14.0,10.0,12.0,130,LOW,0
2026-01-18 23:00:00,Z019,10.0,5.0,15.5,130,LOW,1
2026-01-18 23:30:00,Z019,5.0,14.0,12.2,130,LOW,0
2026-01-19 00:00:00,Z019,14.0,11.0,9.4,130,LOW,0
2026-01-19 00:30:00,Z019,11.0,7.0,5.5,130,LOW,1
2026-01-19 01:00:00,Z019,7.0,4.0,4.0,130,LOW,1
2026-01-19 01:30:00,Z019,4.0,1.0,3.2,130,LOW,1
2026-01-19 02:00:00,Z019,1.0,0.0,0.8,130,LOW,0
2026-01-19 02:30:00,Z019,0.0,3.0,0.7,130,LOW,1
2026-01-19 03:00:00,Z019,3.0,1.0,1.8,130,LOW,0
2026-01-19 03:30:00,Z019,1.0,0.0,0.5,130,LOW,0
2026-01-19 04:00:00,Z019,0.0,0.0,0.5,130,LOW,0
2026-01-19 04:30:00,Z019,0.0,1.0,0.5,130,LOW,0
2026-01-19 05:00:00,Z019,1.0,9.0,9.3,130,LOW,0
2026-01-19 05:30:00,Z019,9.0,15.0,13.4,130,LOW,1
2026-01-19 06:00:00,Z019,15.0,13.0,15.0,130,LOW,0
2026-01-19 06:30:00,Z019,13.0,13.0,12.7,130,LOW,1
2026-01-19 07:00:00,Z019,13.0,7.0,13.0,130,LOW,1
2026-01-19 07:30:00,Z019,7.0,14.0,12.7,130,LOW,0
2026-01-19 08:00:00,Z019,14.0,37.0,33.1,130,LOW,0
2026-01-19 08:30:00,Z019,37.0,48.0,47.0,130,LOW,0
2026-01-19 09:00:00,Z019,48.0,49.0,50.7,130,LOW,1
2026-01-19 09:30:00,Z019,49.0,44.0,51.5,130,LOW,1
2026-01-19 10:00:00,Z019,44.0,47.0,47.9,130,LOW,0
2026-01-19 10:30:00,Z019,47.0,50.0,50.1,130,LOW,0
2026-01-19 11:00:00,Z019,50.0,38.0,36.6,130,LOW,0
2026-01-19 11:30:00,Z019,38.0,23.0,24.8,130,LOW,0
2026-01-19 12:00:00,Z019,23.0,42.0,43.0,130,LOW,0
2026-01-19 12:30:00,Z019,42.0,61.0,59.8,130,LOW,0
2026-01-19 13:00:00,Z019,61.0,55.0,57.2,130,LOW,0
2026-01-19 13:30:00,Z019,55.0,53.0,54.0,130,LOW,0
2026-01-19 14:00:00,Z019,53.0,29.0,34.3,130,LOW,1
2026-01-19 14:30:00,Z019,29.0,21.0,21.6,130,LOW,0
2026-01-19 15:00:00,Z019,21.0,16.0,19.6,130,LOW,1
2026-01-19 15:30:00,Z019,16.0,21.0,18.4,130,LOW,0
2026-01-19 16:00:00,Z019,21.0,21.0,20.3,130,LOW,0
2026-01-19 16:30:00,Z019,21.0,22.0,20.3,130,LOW,0
2026-01-19 17:00:00,Z019,22.0,53.0,53.0,130,LOW,0
2026-01-19 17:30:00,Z019,53.0,62.0,68.0,130,LOW,1
2026-01-19 18:00:00,Z019,62.0,69.0,70.5,130,LOW,1
2026-01-19 18:30:00,Z019,69.0,62.0,64.3,130,LOW,0
2026-01-19 19:00:00,Z019,62.0,62.0,69.4,130,LOW,0
2026-01-19 19:30:00,Z019,62.0,78.0,69.4,130,LOW,0
2026-01-19 20:00:00,Z019,78.0,53.0,51.7,130,LOW,0
2026-01-19 20:30:00,Z019,53.0,30.0,32.4,130,LOW,0
2026-01-19 21:00:00,Z019,30.0,18.0,19.9,130,LOW,0
2026-01-19 21:30:00,Z019,18.0,17.0,18.0,130,LOW,0
2026-01-19 22:00:00,Z019,17.0,12.0,14.7,130,LOW,0
2026-01-19 22:30:00,Z019,12.0,18.0,18.4,130,LOW,0
2026-01-19 23:00:00,Z019,18.0,20.0,19.8,130,LOW,0
2026-01-19 23:30:00,Z019,20.0,21.0,20.1,130,LOW,1
2026-01-20 00:00:00,Z019,21.0,8.0,10.1,130,LOW,1
2026-01-20 00:30:00,Z019,8.0,6.0,5.3,130,LOW,0
2026-01-20 01:00:00,Z019,6.0,2.0,4.2,130,LOW,1
2026-01-20 01:30:00,Z019,2.0,0.0,0.8,130,LOW,0
2026-01-20 02:00:00,Z019,0.0,0.0,0.3,130,LOW,1
2026-01-20 02:30:00,Z019,0.0,0.0,0.3,130,LOW,0
2026-01-20 03:00:00,Z019,0.0,0.0,0.2,130,LOW,0
2026-01-20 03:30:00,Z019,0.0,0.0,0.2,130,LOW,0
2026-01-20 04:00:00,Z019,0.0,0.0,0.4,130,LOW,0
2026-01-20 04:30:00,Z019,0.0,1.0,0.4,130,LOW,0
2026-01-20 05:00:00,Z019,1.0,11.0,10.2,130,LOW,0
2026-01-20 05:30:00,Z019,11.0,16.0,14.3,130,LOW,1
2026-01-20 06:00:00,Z019,16.0,16.0,16.5,130,LOW,0
2026-01-20 06:30:00,Z019,16.0,16.0,16.5,130,LOW,0
2026-01-20 07:00:00,Z019,16.0,16.0,15.4,130,LOW,0
2026-01-20 07:30:00,Z019,16.0,12.0,15.4,130,LOW,0
2026-01-20 08:00:00,Z019,12.0,28.0,30.7,130,LOW,0
2026-01-20 08:30:00,Z019,28.0,31.0,36.2,130,LOW,0
2026-01-20 09:00:00,Z019,31.0,34.0,37.5,130,LOW,0
2026-01-20 09:30:00,Z019,34.0,52.0,48.9,130,LOW,0
2026-01-20 10:00:00,Z019,52.0,46.0,47.4,130,LOW,0
2026-01-20 10:30:00,Z019,46.0,43.0,46.0,130,LOW,1
2026-01-20 11:00:00,Z019,43.0,30.0,30.1,130,LOW,0
2026-01-20 11:30:00,Z019,30.0,21.0,23.5,130,LOW,0
2026-01-20 12:00:00,Z019,21.0,44.0,42.6,130,LOW,0
2026-01-20 12:30:00,Z019,44.0,58.0,59.3,130,LOW,0
2026-01-20 13:00:00,Z019,58.0,58.0,56.3,130,LOW,1
2026-01-20 13:30:00,Z019,58.0,46.0,56.3,130,LOW,0
2026-01-20 14:00:00,Z019,46.0,33.0,30.4,130,LOW,0
2026-01-20 14:30:00,Z019,33.0,28.0,26.2,130,LOW,0
2026-01-20 15:00:00,Z019,28.0,22.0,20.6,130,LOW,0
2026-01-20 15:30:00,Z019,22.0,21.0,20.1,130,LOW,0
2026-01-20 16:00:00,Z019,21.0,11.0,17.0,130,LOW,0
2026-01-20 16:30:00,Z019,11.0,12.0,13.2,130,LOW,0
2026-01-20 17:00:00,Z019,12.0,42.0,41.5,130,LOW,0
2026-01-20 17:30:00,Z019,42.0,54.0,58.4,130,LOW,1
2026-01-20 18:00:00,Z019,54.0,41.0,56.0,130,LOW,0
2026-01-20 18:30:00,Z019,41.0,60.0,55.7,130,LOW,1
2026-01-20 19:00:00,Z019,60.0,63.0,64.6,130,LOW,0
2026-01-20 19:30:00,Z019,63.0,67.0,65.8,130,LOW,0
2026-01-20 20:00:00,Z019,67.0,49.0,46.2,130,LOW,0
2026-01-20 20:30:00,Z019,49.0,23.0,27.6,130,LOW,0
2026-01-20 21:00:00,Z019,23.0,14.0,17.1,130,LOW,0
2026-01-20 21:30:00,Z019,14.0,11.0,13.3,130,LOW,1
2026-01-20 22:00:00,Z019,11.0,15.0,14.5,130,LOW,0
2026-01-20 22:30:00,Z019,15.0,15.0,13.3,130,LOW,0
2026-01-20 23:00:00,Z019,15.0,9.0,13.1,130,LOW,0
2026-01-20 23:30:00,Z019,9.0,13.0,13.7,130,LOW,0
2026-01-21 00:00:00,Z019,13.0,5.0,6.3,130,LOW,0
2026-01-21 00:30:00,Z019,5.0,1.0,2.0,130,LOW,0
2026-01-21 01:00:00,Z019,1.0,0.0,1.3,130,LOW,0
2026-01-21 01:30:00,Z019,0.0,1.0,0.8,130,LOW,0
2026-01-21 02:00:00,Z019,1.0,4.0,1.8,130,LOW,0
2026-01-21 02:30:00,Z019,4.0,7.0,4.4,130,LOW,0
2026-01-21 03:00:00,Z019,7.0,5.0,4.5,130,LOW,0
2026-01-21 03:30:00,Z019,5.0,3.0,3.3,130,LOW,0
2026-01-21 04:00:00,Z019,3.0,0.0,1.3,130,LOW,0
2026-01-21 04:30:00,Z019,0.0,1.0,0.7,130,LOW,1
2026-01-21 05:00:00,Z019,1.0,10.0,9.2,130,LOW,0
2026-01-21 05:30:00,Z019,10.0,9.0,12.5,130,LOW,0
2026-01-21 06:00:00,Z019,9.0,12.0,11.6,130,LOW,0
2026-01-21 06:30:00,Z019,12.0,10.0,12.4,130,LOW,0
2026-01-21 07:00:00,Z019,10.0,13.0,12.2,130,LOW,0
2026-01-21 07:30:00,Z019,13.0,13.0,13.1,130,LOW,0
2026-01-21 08:00:00,Z019,13.0,27.0,30.4,130,LOW,0
2026-01-21 08:30:00,Z019,27.0,38.0,39.4,130,LOW,0
2026-01-21 09:00:00,Z019,38.0,41.0,42.8,130,LOW,0
2026-01-21 09:30:00,Z019,41.0,39.0,44.4,130,LOW,1
2026-01-21 10:00:00,Z019,39.0,40.0,43.4,130,LOW,0
2026-01-21 10:30:00,Z019,40.0,51.0,45.0,130,LOW,0
2026-01-21 11:00:00,Z019,51.0,42.0,38.0,130,LOW,0
2026-01-21 11:30:00,Z019,42.0,27.0,27.7,130,LOW,0
2026-01-21 12:00:00,Z019,27.0,40.0,39.4,130,LOW,0
2026-01-21 12:30:00,Z019,40.0,62.0,59.7,130,LOW,0
2026-01-21 13:00:00,Z019,62.0,62.0,60.4,130,LOW,0
2026-01-21 13:30:00,Z019,62.0,54.0,60.4,130,LOW,0
2026-01-21 14:00:00,Z019,54.0,28.0,33.3,130,LOW,0
2026-01-21 14:30:00,Z019,28.0,13.0,15.9,130,LOW,0
2026-01-21 15:00:00,Z019,13.0,11.0,14.8,130,LOW,0
2026-01-21 15:30:00,Z019,11.0,11.0,13.0,130,LOW,0
2026-01-21 16:00:00,Z019,11.0,14.0,13.5,130,LOW,0
2026-01-21 16:30:00,Z019,14.0,21.0,17.4,130,LOW,0
2026-01-21 17:00:00,Z019,21.0,45.0,48.2,130,LOW,0
2026-01-21 17:30:00,Z019,45.0,60.0,62.1,130,LOW,0
2026-01-21 18:00:00,Z019,60.0,76.0,71.8,130,LOW,0
2026-01-21 18:30:00,Z019,76.0,75.0,74.5,130,LOW,0
2026-01-21 19:00:00,Z019,75.0,66.0,68.8,130,LOW,0
2026-01-21 19:30:00,Z019,66.0,61.0,62.6,130,LOW,0
2026-01-21 20:00:00,Z019,61.0,47.0,43.7,130,LOW,0
2026-01-21 20:30:00,Z019,47.0,28.0,28.0,130,LOW,0
2026-01-21 21:00:00,Z019,28.0,21.0,20.7,130,LOW,0
2026-01-21 21:30:00,Z019,21.0,14.0,16.7,130,LOW,0
2026-01-21 22:00:00,Z019,14.0,14.0,13.9,130,LOW,0
2026-01-21 22:30:00,Z019,14.0,14.0,13.9,130,LOW,0
2026-01-21 23:00:00,Z019,14.0,17.0,14.4,130,LOW,1
2026-01-14 23:00:00,Z020,10.0,13.0,11.3,84,LOW,0
2026-01-14 23:30:00,Z020,13.0,14.0,12.1,84,LOW,0
2026-01-15 00:00:00,Z020,14.0,12.0,10.3,84,LOW,0
2026-01-15 00:30:00,Z020,12.0,6.0,8.1,84,LOW,0
2026-01-15 01:00:00,Z020,6.0,5.0,4.5,84,LOW,0
2026-01-15 01:30:00,Z020,5.0,3.0,3.3,84,LOW,0
2026-01-15 02:00:00,Z020,3.0,1.0,1.5,84,LOW,0
2026-01-15 02:30:00,Z020,1.0,1.0,1.4,84,LOW,1
2026-01-15 03:00:00,Z020,1.0,1.0,1.5,84,LOW,0
2026-01-15 03:30:00,Z020,1.0,2.0,1.5,84,LOW,0
2026-01-15 04:00:00,Z020,2.0,2.0,2.1,84,LOW,0
2026-01-15 04:30:00,Z020,2.0,2.0,2.1,84,LOW,0
2026-01-15 05:00:00,Z020,2.0,6.0,4.2,84,LOW,1
2026-01-15 05:30:00,Z020,6.0,7.0,9.0,84,LOW,0
2026-01-15 06:00:00,Z020,7.0,10.0,11.1,84,LOW,1
2026-01-15 06:30:00,Z020,10.0,9.0,11.2,84,LOW,0
2026-01-15 07:00:00,Z020,9.0,12.0,11.9,84,LOW,0
2026-01-15 07:30:00,Z020,12.0,14.0,12.3,84,LOW,0
2026-01-15 08:00:00,Z020,14.0,31.0,25.7,84,LOW,0
2026-01-15 08:30:00,Z020,31.0,37.0,37.1,84,LOW,0
2026-01-15 09:00:00,Z020,37.0,43.0,41.1,84,LOW,0
2026-01-15 09:30:00,Z020,43.0,47.0,44.8,84,LOW,0
2026-01-15 10:00:00,Z020,47.0,40.0,43.4,84,LOW,0
2026-01-15 10:30:00,Z020,40.0,41.0,42.1,84,LOW,0
2026-01-15 11:00:00,Z020,41.0,36.0,34.3,84,LOW,0
2026-01-15 11:30:00,Z020,36.0,34.0,28.0,84,LOW,1
2026-01-15 12:00:00,Z020,34.0,40.0,41.2,84,LOW,0
2026-01-15 12:30:00,Z020,40.0,42.0,44.0,84,LOW,0
2026-01-15 13:00:00,Z020,42.0,49.0,46.5,84,LOW,1
2026-01-15 13:30:00,Z020,49.0,50.0,49.2,84,LOW,0
2026-01-15 14:00:00,Z020,50.0,40.0,40.7,84,LOW,0
2026-01-15 14:30:00,Z020,40.0,31.0,31.8,84,LOW,0
2026-01-15 15:00:00,Z020,31.0,23.0,23.1,84,LOW,0
2026-01-15 15:30:00,Z020,23.0,18.0,17.1,84,LOW,0
2026-01-15 16:00:00,Z020,18.0,17.0,16.6,84,LOW,0
2026-01-15 16:30:00,Z020,17.0,20.0,17.5,84,LOW,0
2026-01-15 17:00:00,Z020,20.0,26.0,27.8,84,LOW,0
2026-01-15 17:30:00,Z020,26.0,40.0,39.0,84,LOW,0
2026-01-15 18:00:00,Z020,40.0,46.0,47.6,84,LOW,0
2026-01-15 18:30:00,Z020,46.0,51.0,50.9,84,MEDIUM,0
2026-01-15 19:00:00,Z020,51.0,57.0,54.2,84,MEDIUM,0
2026-01-15 19:30:00,Z020,57.0,59.0,59.5,84,MEDIUM,0
2026-01-15 20:00:00,Z020,59.0,47.0,45.3,84,LOW,0
2026-01-15 20:30:00,Z020,47.0,30.0,31.3,84,LOW,0
2026-01-15 21:00:00,Z020,30.0,25.0,24.0,84,LOW,0
2026-01-15 21:30:00,Z020,25.0,18.0,18.5,84,LOW,0
2026-01-15 22:00:00,Z020,18.0,16.0,15.6,84,LOW,0
2026-01-15 22:30:00,Z020,16.0,14.0,14.3,84,LOW,0
2026-01-15 23:00:00,Z020,14.0,17.0,16.3,84,LOW,1
2026-01-15 23:30:00,Z020,17.0,16.0,15.1,84,LOW,0
2026-01-16 00:00:00,Z020,16.0,12.0,10.8,84,LOW,1
2026-01-16 00:30:00,Z020,12.0,10.0,9.1,84,LOW,0
2026-01-16 01:00:00,Z020,10.0,4.0,6.5,84,LOW,1
2026-01-16 01:30:00,Z020,4.0,2.0,3.3,84,LOW,0
2026-01-16 02:00:00,Z020,2.0,0.0,0.8,84,LOW,0
2026-01-16 02:30:00,Z020,0.0,0.0,0.7,84,LOW,1
2026-01-16 03:00:00,Z020,0.0,0.0,0.7,84,LOW,1
2026-01-16 03:30:00,Z020,0.0,1.0,0.7,84,LOW,0
2026-01-16 04:00:00,Z020,1.0,3.0,1.8,84,LOW,0
2026-01-16 04:30:00,Z020,3.0,4.0,2.7,84,LOW,0
2026-01-16 05:00:00,Z020,4.0,8.0,8.2,84,LOW,0
2026-01-16 05:30:00,Z020,8.0,9.0,10.0,84,LOW,0
2026-01-16 06:00:00,Z020,9.0,7.0,9.0,84,LOW,0
2026-01-16 06:30:00,Z020,7.0,6.0,10.1,84,LOW,1
2026-01-16 07:00:00,Z020,6.0,8.0,8.7,84,LOW,0
2026-01-16 07:30:00,Z020,8.0,8.0,10.7,84,LOW,1
2026-01-16 08:00:00,Z020,8.0,21.0,17.8,84,LOW,0
2026-01-16 08:30:00,Z020,21.0,34.0,31.7,84,LOW,0
2026-01-16 09:00:00,Z020,34.0,41.0,40.0,84,LOW,0
2026-01-16 09:30:00,Z020,41.0,44.0,43.1,84,LOW,0
2026-01-16 10:00:00,Z020,44.0,42.0,44.2,84,LOW,0
2026-01-16 10:30:00,Z020,42.0,48.0,41.5,84,LOW,1
2026-01-16 11:00:00,Z020,48.0,37.0,36.4,84,LOW,0
2026-01-16 11:30:00,Z020,37.0,26.0,28.0,84,LOW,0
2026-01-16 12:00:00,Z020,26.0,22.0,28.2,84,LOW,0
2026-01-16 12:30:00,Z020,22.0,33.0,31.5,84,LOW,0
2026-01-16 13:00:00,Z020,33.0,45.0,39.0,84,LOW,1
2026-01-16 13:30:00,Z020,45.0,53.0,49.4,84,LOW,0
2026-01-16 14:00:00,Z020,53.0,42.0,42.4,84,LOW,0
2026-01-16 14:30:00,Z020,42.0,34.0,33.0,84,LOW,0
2026-01-16 15:00:00,Z020,34.0,25.0,24.4,84,LOW,0
2026-01-16 15:30:00,Z020,25.0,21.0,19.4,84,LOW,0
2026-01-16 16:00:00,Z020,21.0,17.0,17.7,84,LOW,0
2026-01-16 16:30:00,Z020,17.0,15.0,14.0,84,LOW,0
2026-01-16 17:00:00,Z020,15.0,25.0,24.9,84,LOW,0
2026-01-16 17:30:00,Z020,25.0,38.0,38.4,84,LOW,1
2026-01-16 18:00:00,Z020,38.0,44.0,46.4,84,LOW,0
2026-01-16 18:30:00,Z020,44.0,46.0,48.4,84,LOW,0
2026-01-16 19:00:00,Z020,46.0,48.0,50.8,84,MEDIUM,0
2026-01-16 19:30:00,Z020,48.0,49.0,50.7,84,MEDIUM,0
2026-01-16 20:00:00,Z020,49.0,40.0,37.5,84,LOW,0
2026-01-16 20:30:00,Z020,40.0,25.0,27.8,84,LOW,0
2026-01-16 21:00:00,Z020,25.0,19.0,18.6,84,LOW,0
2026-01-16 21:30:00,Z020,19.0,20.0,17.9,84,LOW,0
2026-01-16 22:00:00,Z020,20.0,19.0,18.7,84,LOW,0
2026-01-16 22:30:00,Z020,19.0,19.0,18.3,84,LOW,0
2026-01-16 23:00:00,Z020,19.0,20.0,18.8,84,LOW,0
2026-01-16 23:30:00,Z020,20.0,18.0,18.7,84,LOW,0
2026-01-17 00:00:00,Z020,18.0,11.0,11.9,84,LOW,1
2026-01-17 00:30:00,Z020,11.0,3.0,6.5,84,LOW,0
2026-01-17 01:00:00,Z020,3.0,1.0,1.7,84,LOW,0
2026-01-17 01:30:00,Z020,1.0,1.0,0.8,84,LOW,0
2026-01-17 02:00:00,Z020,1.0,0.0,0.7,84,LOW,0
2026-01-17 02:30:00,Z020,0.0,0.0,0.6,84,LOW,0
2026-01-17 03:00:00,Z020,0.0,0.0,0.7,84,LOW,1
2026-01-17 03:30:00,Z020,0.0,1.0,0.7,84,LOW,0
2026-01-17 04:00:00,Z020,1.0,2.0,1.2,84,LOW,1
2026-01-17 04:30:00,Z020,2.0,2.0,2.0,84,LOW,0
2026-01-17 05:00:00,Z020,2.0,4.0,5.0,84,LOW,0
2026-01-17 05:30:00,Z020,4.0,9.0,8.4,84,LOW,0
2026-01-17 06:00:00,Z020,9.0,12.0,12.2,84,LOW,0
2026-01-17 06:30:00,Z020,12.0,11.0,13.0,84,LOW,0
2026-01-17 07:00:00,Z020,11.0,13.0,12.9,84,LOW,0
2026-01-17 07:30:00,Z020,13.0,13.0,13.4,84,LOW,0
2026-01-17 08:00:00,Z020,13.0,17.0,24.2,84,LOW,1
2026-01-17 08:30:00,Z020,17.0,28.0,26.9,84,LOW,0
2026-01-17 09:00:00,Z020,28.0,36.0,34.9,84,LOW,0
2026-01-17 09:30:00,Z020,36.0,38.0,38.1,84,LOW,0
2026-01-17 10:00:00,Z020,38.0,41.0,41.5,84,LOW,0
2026-01-17 10:30:00,Z020,41.0,42.0,42.5,84,LOW,0
2026-01-17 11:00:00,Z020,42.0,40.0,37.8,84,LOW,0
2026-01-17 11:30:00,Z020,40.0,29.0,29.9,84,LOW,0
2026-01-17 12:00:00,Z020,29.0,37.0,37.5,84,LOW,0
2026-01-17 12:30:00,Z020,37.0,49.0,43.0,84,LOW,1
2026-01-17 13:00:00,Z020,49.0,47.0,50.7,84,MEDIUM,1
2026-01-17 13:30:00,Z020,47.0,38.0,50.4,84,MEDIUM,1
2026-01-17 14:00:00,Z020,38.0,30.0,30.4,84,LOW,0
2026-01-17 14:30:00,Z020,30.0,25.0,23.6,84,LOW,0
2026-01-17 15:00:00,Z020,25.0,19.0,19.5,84,LOW,0
2026-01-17 15:30:00,Z020,19.0,15.0,16.5,84,LOW,0
2026-01-17 16:00:00,Z020,15.0,17.0,15.2,84,LOW,0
2026-01-17 16:30:00,Z020,17.0,18.0,17.0,84,LOW,0
2026-01-17 17:00:00,Z020,18.0,28.0,28.7,84,LOW,0
2026-01-17 17:30:00,Z020,28.0,44.0,41.8,84,LOW,0
2026-01-17 18:00:00,Z020,44.0,46.0,47.3,84,LOW,0
2026-01-17 18:30:00,Z020,46.0,49.0,49.4,84,LOW,0
2026-01-17 19:00:00,Z020,49.0,50.0,51.4,84,MEDIUM,1
2026-01-17 19:30:00,Z020,50.0,49.0,51.6,84,MEDIUM,0
2026-01-17 20:00:00,Z020,49.0,37.0,35.8,84,LOW,0
2026-01-17 20:30:00,Z020,37.0,27.0,27.6,84,LOW,0
2026-01-17 21:00:00,Z020,27.0,18.0,18.2,84,LOW,0
2026-01-17 21:30:00,Z020,18.0,11.0,14.2,84,LOW,0
2026-01-17 22:00:00,Z020,11.0,13.0,11.3,84,LOW,0
2026-01-17 22:30:00,Z020,13.0,11.0,11.6,84,LOW,0
2026-01-17 23:00:00,Z020,11.0,9.0,10.5,84,LOW,0
2026-01-17 23:30:00,Z020,9.0,9.0,10.0,84,LOW,0
2026-01-18 00:00:00,Z020,9.0,5.0,5.7,84,LOW,0
2026-01-18 00:30:00,Z020,5.0,4.0,3.8,84,LOW,0
2026-01-18 01:00:00,Z020,4.0,2.0,2.5,84,LOW,0
2026-01-18 01:30:00,Z020,2.0,4.0,2.6,84,LOW,0
2026-01-18 02:00:00,Z020,4.0,2.0,2.5,84,LOW,0
2026-01-18 02:30:00,Z020,2.0,2.0,1.5,84,LOW,1
2026-01-18 03:00:00,Z020,2.0,1.0,1.6,84,LOW,0
2026-01-18 03:30:00,Z020,1.0,0.0,0.4,84,LOW,0
2026-01-18 04:00:00,Z020,0.0,1.0,0.7,84,LOW,1
2026-01-18 04:30:00,Z020,1.0,1.0,0.8,84,LOW,0
2026-01-18 05:00:00,Z020,1.0,5.0,5.5,84,LOW,0
2026-01-18 05:30:00,Z020,5.0,7.0,8.0,84,LOW,0
2026-01-18 06:00:00,Z020,7.0,10.0,9.6,84,LOW,0
2026-01-18 06:30:00,Z020,10.0,12.0,12.0,84,LOW,0
2026-01-18 07:00:00,Z020,12.0,16.0,13.7,84,LOW,0
2026-01-18 07:30:00,Z020,16.0,17.0,15.5,84,LOW,1
2026-01-18 08:00:00,Z020,17.0,27.0,27.4,84,LOW,0
2026-01-18 08:30:00,Z020,27.0,28.0,35.5,84,LOW,1
2026-01-18 09:00:00,Z020,28.0,34.0,33.5,84,LOW,1
2026-01-18 09:30:00,Z020,34.0,38.0,40.3,84,LOW,0
2026-01-18 10:00:00,Z020,38.0,41.0,41.2,84,LOW,0
2026-01-18 10:30:00,Z020,41.0,41.0,40.9,84,LOW,0
2026-01-18 11:00:00,Z020,41.0,31.0,33.1,84,LOW,0
2026-01-18 11:30:00,Z020,31.0,21.0,23.1,84,LOW,0
2026-01-18 12:00:00,Z020,21.0,26.0,28.7,84,LOW,0
2026-01-18 12:30:00,Z020,26.0,32.0,29.5,84,LOW,1
2026-01-18 13:00:00,Z020,32.0,40.0,38.7,84,LOW,1
2026-01-18 13:30:00,Z020,40.0,47.0,45.3,84,LOW,0
2026-01-18 14:00:00,Z020,47.0,34.0,35.5,84,LOW,0
2026-01-18 14:30:00,Z020,34.0,23.0,24.5,84,LOW,0
2026-01-18 15:00:00,Z020,23.0,19.0,18.1,84,LOW,0
2026-01-18 15:30:00,Z020,19.0,14.0,16.8,84,LOW,1
2026-01-18 16:00:00,Z020,14.0,18.0,16.8,84,LOW,0
2026-01-18 16:30:00,Z020,18.0,15.0,15.9,84,LOW,0
2026-01-18 17:00:00,Z020,15.0,19.0,22.3,84,LOW,0
2026-01-18 17:30:00,Z020,19.0,31.0,26.8,84,LOW,1
2026-01-18 18:00:00,Z020,31.0,28.0,36.0,84,LOW,0
2026-01-18 18:30:00,Z020,28.0,42.0,37.2,84,LOW,1
2026-01-18 19:00:00,Z020,42.0,47.0,49.2,84,LOW,0
2026-01-18 19:30:00,Z020,47.0,52.0,50.3,84,LOW,0
2026-01-18 20:00:00,Z020,52.0,41.0,40.0,84,LOW,0
2026-01-18 20:30:00,Z020,41.0,33.0,31.0,84,LOW,0
2026-01-18 21:00:00,Z020,33.0,25.0,24.8,84,LOW,0
2026-01-18 21:30:00,Z020,25.0,16.0,17.6,84,LOW,0
2026-01-18 22:00:00,Z020,16.0,16.0,14.5,84,LOW,1
2026-01-18 22:30:00,Z020,16.0,16.0,14.5,84,LOW,0
2026-01-18 23:00:00,Z020,16.0,14.0,14.2,84,LOW,1
2026-01-18 23:30:00,Z020,14.0,12.0,12.5,84,LOW,0
2026-01-19 00:00:00,Z020,12.0,9.0,8.9,84,LOW,0
2026-01-19 00:30:00,Z020,9.0,6.0,5.9,84,LOW,0
2026-01-19 01:00:00,Z020,6.0,4.0,3.8,84,LOW,0
2026-01-19 01:30:00,Z020,4.0,0.0,2.1,84,LOW,0
2026-01-19 02:00:00,Z020,0.0,1.0,0.6,84,LOW,0
2026-01-19 02:30:00,Z020,1.0,1.0,1.1,84,LOW,0
2026-01-19 03:00:00,Z020,1.0,1.0,0.7,84,LOW,0
2026-01-19 03:30:00,Z020,1.0,0.0,0.7,84,LOW,0
2026-01-19 04:00:00,Z020,0.0,0.0,0.3,84,LOW,0
2026-01-19 04:30:00,Z020,0.0,0.0,0.3,84,LOW,0
2026-01-19 05:00:00,Z020,0.0,3.0,4.6,84,LOW,1
2026-01-19 05:30:00,Z020,3.0,6.0,8.3,84,LOW,1
2026-01-19 06:00:00,Z020,6.0,9.0,9.7,84,LOW,1
2026-01-19 06:30:00,Z020,9.0,8.0,9.5,84,LOW,0
2026-01-19 07:00:00,Z020,8.0,14.0,11.8,84,LOW,0
2026-01-19 07:30:00,Z020,14.0,10.0,11.8,84,LOW,0
2026-01-19 08:00:00,Z020,10.0,21.0,17.8,84,LOW,1
2026-01-19 08:30:00,Z020,21.0,26.0,31.5,84,LOW,1
2026-01-19 09:00:00,Z020,26.0,32.0,33.7,84,LOW,0
2026-01-19 09:30:00,Z020,32.0,39.0,36.7,84,LOW,1
2026-01-19 10:00:00,Z020,39.0,45.0,43.9,84,LOW,0
2026-01-19 10:30:00,Z020,45.0,40.0,44.5,84,LOW,1
2026-01-19 11:00:00,Z020,40.0,33.0,30.0,84,LOW,0
2026-01-19 11:30:00,Z020,33.0,23.0,25.3,84,LOW,0
2026-01-19 12:00:00,Z020,23.0,33.0,32.3,84,LOW,0
2026-01-19 12:30:00,Z020,33.0,38.0,38.5,84,LOW,0
2026-01-19 13:00:00,Z020,38.0,40.0,45.3,84,LOW,1
2026-01-19 13:30:00,Z020,40.0,43.0,45.5,84,LOW,0
2026-01-19 14:00:00,Z020,43.0,38.0,35.1,84,LOW,0
2026-01-19 14:30:00,Z020,38.0,30.0,28.5,84,LOW,0
2026-01-19 15:00:00,Z020,30.0,25.0,23.5,84,LOW,1
2026-01-19 15:30:00,Z020,25.0,22.0,21.8,84,LOW,0
2026-01-19 16:00:00,Z020,22.0,22.0,18.5,84,LOW,1
2026-01-19 16:30:00,Z020,22.0,19.0,18.5,84,LOW,0
2026-01-19 17:00:00,Z020,19.0,19.0,28.3,84,LOW,0
2026-01-19 17:30:00,Z020,19.0,38.0,28.3,84,LOW,0
2026-01-19 18:00:00,Z020,38.0,50.0,46.4,84,LOW,1
2026-01-19 18:30:00,Z020,50.0,50.0,55.3,84,MEDIUM,1
2026-01-19 19:00:00,Z020,50.0,50.0,51.4,84,MEDIUM,0
2026-01-19 19:30:00,Z020,50.0,50.0,51.4,84,MEDIUM,0
2026-01-19 20:00:00,Z020,50.0,33.0,34.4,84,LOW,0
2026-01-19 20:30:00,Z020,33.0,20.0,21.4,84,LOW,0
2026-01-19 21:00:00,Z020,20.0,20.0,18.4,84,LOW,0
2026-01-19 21:30:00,Z020,20.0,19.0,18.4,84,LOW,1
2026-01-19 22:00:00,Z020,19.0,15.0,16.3,84,LOW,0
2026-01-19 22:30:00,Z020,15.0,12.0,14.0,84,LOW,0
2026-01-19 23:00:00,Z020,12.0,8.0,11.4,84,LOW,0
2026-01-19 23:30:00,Z020,8.0,8.0,10.4,84,LOW,0
2026-01-20 00:00:00,Z020,8.0,6.0,5.9,84,LOW,1
2026-01-20 00:30:00,Z020,6.0,4.0,3.9,84,LOW,0
2026-01-20 01:00:00,Z020,4.0,3.0,2.9,84,LOW,0
2026-01-20 01:30:00,Z020,3.0,3.0,2.6,84,LOW,0
2026-01-20 02:00:00,Z020,3.0,2.0,2.3,84,LOW,0
2026-01-20 02:30:00,Z020,2.0,0.0,0.9,84,LOW,0
2026-01-20 03:00:00,Z020,0.0,0.0,0.4,84,LOW,1
2026-01-20 03:30:00,Z020,0.0,0.0,0.4,84,LOW,0
2026-01-20 04:00:00,Z020,0.0,0.0,0.5,84,LOW,0
2026-01-20 04:30:00,Z020,0.0,1.0,0.5,84,LOW,0
2026-01-20 05:00:00,Z020,1.0,7.0,4.7,84,LOW,1
2026-01-20 05:30:00,Z020,7.0,12.0,11.4,84,LOW,0
2026-01-20 06:00:00,Z020,12.0,13.0,12.0,84,LOW,1
2026-01-20 06:30:00,Z020,13.0,12.0,14.0,84,LOW,1
2026-01-20 07:00:00,Z020,12.0,10.0,11.2,84,LOW,0
2026-01-20 07:30:00,Z020,10.0,12.0,11.2,84,LOW,1
2026-01-20 08:00:00,Z020,12.0,20.0,23.1,84,LOW,1
2026-01-20 08:30:00,Z020,20.0,27.0,27.9,84,LOW,0
2026-01-20 09:00:00,Z020,27.0,32.0,32.6,84,LOW,0
2026-01-20 09:30:00,Z020,32.0,34.0,35.8,84,LOW,0
2026-01-20 10:00:00,Z020,34.0,37.0,39.5,84,LOW,1
2026-01-20 10:30:00,Z020,37.0,39.0,39.9,84,LOW,1
2026-01-20 11:00:00,Z020,39.0,29.0,28.8,84,LOW,0
2026-01-20 11:30:00,Z020,29.0,22.0,22.5,84,LOW,0
2026-01-20 12:00:00,Z020,22.0,24.0,28.6,84,LOW,0
2026-01-20 12:30:00,Z020,24.0,38.0,29.8,84,LOW,1
2026-01-20 13:00:00,Z020,38.0,46.0,45.6,84,LOW,0
2026-01-20 13:30:00,Z020,46.0,49.0,48.4,84,LOW,0
2026-01-20 14:00:00,Z020,49.0,37.0,37.0,84,LOW,0
2026-01-20 14:30:00,Z020,37.0,31.0,29.7,84,LOW,0
2026-01-20 15:00:00,Z020,31.0,22.0,23.8,84,LOW,1
2026-01-20 15:30:00,Z020,22.0,17.0,17.8,84,LOW,0
2026-01-20 16:00:00,Z020,17.0,14.0,14.9,84,LOW,0
2026-01-20 16:30:00,Z020,14.0,18.0,16.5,84,LOW,0
2026-01-20 17:00:00,Z020,18.0,38.0,28.3,84,LOW,1
2026-01-20 17:30:00,Z020,38.0,48.0,47.0,84,LOW,0
2026-01-20 18:00:00,Z020,48.0,56.0,55.3,84,MEDIUM,0
2026-01-20 18:30:00,Z020,56.0,64.0,62.8,84,MEDIUM,0
2026-01-20 19:00:00,Z020,64.0,72.0,68.4,84,MEDIUM,0
2026-01-20 19:30:00,Z020,72.0,58.0,62.0,84,MEDIUM,0
2026-01-20 20:00:00,Z020,58.0,45.0,44.8,84,LOW,0
2026-01-20 20:30:00,Z020,45.0,36.0,33.4,84,LOW,1
2026-01-20 21:00:00,Z020,36.0,31.0,30.0,84,LOW,0
2026-01-20 21:30:00,Z020,31.0,16.0,23.1,84,LOW,1
2026-01-20 22:00:00,Z020,16.0,13.0,13.4,84,LOW,0
2026-01-20 22:30:00,Z020,13.0,10.0,10.5,84,LOW,0
2026-01-20 23:00:00,Z020,10.0,10.0,9.6,84,LOW,0
2026-01-20 23:30:00,Z020,10.0,8.0,9.6,84,LOW,0
2026-01-21 00:00:00,Z020,8.0,7.0,6.3,84,LOW,0
2026-01-21 00:30:00,Z020,7.0,7.0,5.1,84,LOW,0
2026-01-21 01:00:00,Z020,7.0,4.0,4.5,84,LOW,0
2026-01-21 01:30:00,Z020,4.0,4.0,3.8,84,LOW,0
2026-01-21 02:00:00,Z020,4.0,4.0,4.2,84,LOW,0
2026-01-21 02:30:00,Z020,4.0,6.0,4.2,84,LOW,0
2026-01-21 03:00:00,Z020,6.0,3.0,3.5,84,LOW,0
2026-01-21 03:30:00,Z020,3.0,2.0,2.4,84,LOW,1
2026-01-21 04:00:00,Z020,2.0,1.0,1.5,84,LOW,0
2026-01-21 04:30:00,Z020,1.0,1.0,1.3,84,LOW,0
2026-01-21 05:00:00,Z020,1.0,3.0,4.5,84,LOW,0
2026-01-21 05:30:00,Z020,3.0,4.0,7.3,84,LOW,1
2026-01-21 06:00:00,Z020,4.0,4.0,5.8,84,LOW,0
2026-01-21 06:30:00,Z020,4.0,4.0,5.8,84,LOW,0
2026-01-21 07:00:00,Z020,4.0,8.0,6.4,84,LOW,0
2026-01-21 07:30:00,Z020,8.0,11.0,12.0,84,LOW,0
2026-01-21 08:00:00,Z020,11.0,18.0,17.7,84,LOW,0
2026-01-21 08:30:00,Z020,18.0,23.0,25.2,84,LOW,1
2026-01-21 09:00:00,Z020,23.0,20.0,30.6,84,LOW,1
2026-01-21 09:30:00,Z020,20.0,24.0,27.6,84,LOW,0
2026-01-21 10:00:00,Z020,24.0,33.0,31.4,84,LOW,0
2026-01-21 10:30:00,Z020,33.0,38.0,37.6,84,LOW,1
2026-01-21 11:00:00,Z020,38.0,29.0,29.6,84,LOW,0
2026-01-21 11:30:00,Z020,29.0,25.0,23.3,84,LOW,0
2026-01-21 12:00:00,Z020,25.0,38.0,33.9,84,LOW,0
2026-01-21 12:30:00,Z020,38.0,45.0,44.1,84,LOW,0
2026-01-21 13:00:00,Z020,45.0,45.0,48.8,84,LOW,0
2026-01-21 13:30:00,Z020,45.0,53.0,48.8,84,LOW,0
2026-01-21 14:00:00,Z020,53.0,42.0,42.0,84,LOW,0
2026-01-21 14:30:00,Z020,42.0,29.0,31.5,84,LOW,0
2026-01-21 15:00:00,Z020,29.0,24.0,23.8,84,LOW,0
2026-01-21 15:30:00,Z020,24.0,20.0,19.2,84,LOW,0
2026-01-21 16:00:00,Z020,20.0,18.0,17.4,84,LOW,0
2026-01-21 16:30:00,Z020,18.0,15.0,16.8,84,LOW,0
2026-01-21 17:00:00,Z020,15.0,21.0,23.8,84,LOW,0
2026-01-21 17:30:00,Z020,21.0,33.0,30.7,84,LOW,1
2026-01-21 18:00:00,Z020,33.0,51.0,46.3,84,LOW,0
2026-01-21 18:30:00,Z020,51.0,54.0,53.2,84,MEDIUM,0
2026-01-21 19:00:00,Z020,54.0,56.0,59.1,84,MEDIUM,0
2026-01-21 19:30:00,Z020,56.0,64.0,61.9,84,MEDIUM,0
2026-01-21 20:00:00,Z020,64.0,46.0,47.2,84,LOW,0
2026-01-21 20:30:00,Z020,46.0,26.0,31.3,84,LOW,0
2026-01-21 21:00:00,Z020,26.0,19.0,19.4,84,LOW,0
2026-01-21 21:30:00,Z020,19.0,16.0,15.7,84,LOW,0
2026-01-21 22:00:00,Z020,16.0,11.0,12.4,84,LOW,0
2026-01-21 22:30:00,Z020,11.0,12.0,11.7,84,LOW,1
2026-01-21 23:00:00,Z020,12.0,13.0,13.0,84,LOW,0
