event_id,timestamp,vehicle_id,zone_id,event_type,parking_duration,occupancy,capacity,latitude,longitude,temperature,rainfall,day_of_week,is_holiday
E00041255,2026-01-01 00:03:51,V02107,Z004,ENTRY,0,1,82,19.114204,72.862924,25.68,0.0,3,1
E00206389,2026-01-01 00:06:16,V04046,Z013,ENTRY,0,1,118,19.132138,72.901104,25.68,0.0,3,1
E00092211,2026-01-01 00:10:16,V02582,Z006,ENTRY,0,1,133,19.043144,72.840742,25.68,0.0,3,1
E00008407,2026-01-01 00:12:02,V01344,Z002,ENTRY,0,1,122,19.127198,72.933743,25.68,0.0,3,1
E00206390,2026-01-01 00:12:02,V03728,Z013,ENTRY,0,2,118,19.132663,72.902555,25.68,0.0,3,1
E00178651,2026-01-01 00:17:05,V02419,Z012,ENTRY,0,1,147,19.058548,72.918615,25.68,0.0,3,1
E00008408,2026-01-01 00:17:27,V01099,Z002,ENTRY,0,2,122,19.126389,72.934774,25.68,0.0,3,1
E00092212,2026-01-01 00:19:17,V02456,Z006,ENTRY,0,2,133,19.044166,72.841416,25.68,0.0,3,1
E00303065,2026-01-01 00:20:54,V05975,Z016,ENTRY,0,1,124,19.038984,72.914272,25.68,0.0,3,1
E00041256,2026-01-01 00:22:15,V00317,Z004,ENTRY,0,2,82,19.115248,72.861387,25.68,0.0,3,1
E00092213,2026-01-01 00:27:45,V04460,Z006,ENTRY,0,3,133,19.043531,72.839886,25.68,0.0,3,1
E00163853,2026-01-01 00:31:58,V02653,Z011,ENTRY,0,1,93,19.106231,72.86939,25.68,0.0,3,1
E00342359,2026-01-01 00:39:33,V02958,Z017,ENTRY,0,1,91,19.071652,72.863572,25.68,0.0,3,1
E00362665,2026-01-01 00:40:16,V02951,Z019,ENTRY,0,1,130,19.035399,72.899834,25.68,0.0,3,1
E00389371,2026-01-01 00:40:52,V02874,Z020,ENTRY,0,1,84,19.098867,72.835152,25.68,0.0,3,1
E00163854,2026-01-01 00:41:19,V02117,Z011,ENTRY,0,2,93,19.106894,72.86959,25.68,0.0,3,1
E00008409,2026-01-01 00:43:29,V05108,Z002,ENTRY,0,3,122,19.126988,72.933457,25.68,0.0,3,1
E00362666,2026-01-01 00:48:40,V02013,Z019,ENTRY,0,2,130,19.035269,72.900208,25.68,0.0,3,1
E00259095,2026-01-01 00:49:01,V05471,Z015,ENTRY,0,1,116,19.109696,72.917602,25.68,0.0,3,1
E00178652,2026-01-01 00:50:05,V02419,Z012,EXIT,33,0,147,19.058205,72.917106,25.68,0.0,3,1
E00206391,2026-01-01 00:50:06,V02132,Z013,ENTRY,0,3,118,19.132758,72.90179,25.68,0.0,3,1
E00092214,2026-01-01 00:50:16,V02582,Z006,EXIT,40,2,133,19.042351,72.840113,25.68,0.0,3,1
E00206392,2026-01-01 00:54:34,V01996,Z013,ENTRY,0,4,118,19.133466,72.901365,25.68,0.0,3,1
E00303066,2026-01-01 00:59:54,V05975,Z016,EXIT,39,0,124,19.038847,72.91421,25.68,0.0,3,1
E00259096,2026-01-01 01:01:00,V04431,Z015,ENTRY,0,2,116,19.109494,72.91813,25.68,0.0,3,1
E00159525,2026-01-01 01:02:42,V04105,Z010,ENTRY,0,1,41,19.092369,72.898167,25.68,0.0,3,1
E00092215,2026-01-01 01:04:50,V01823,Z006,ENTRY,0,3,133,19.04421,72.840237,25.68,0.0,3,1
E00342360,2026-01-01 01:07:34,V03125,Z017,ENTRY,0,2,91,19.072643,72.864722,25.68,0.0,3,1
E00062745,2026-01-01 01:10:46,V00139,Z005,ENTRY,0,1,81,19.068451,72.873626,25.68,0.0,3,1
E00008410,2026-01-01 01:13:29,V00007,Z002,ENTRY,0,4,122,19.12779,72.933293,25.68,0.0,3,1
E00041257,2026-01-01 01:15:15,V00317,Z004,EXIT,53,1,82,19.115687,72.861264,25.68,0.0,3,1
E00303067,2026-01-01 01:17:45,V01646,Z016,ENTRY,0,1,124,19.038621,72.914685,25.68,0.0,3,1
E00259097,2026-01-01 01:20:54,V03679,Z015,ENTRY,0,3,116,19.108811,72.917878,25.68,0.0,3,1
E00259098,2026-01-01 01:22:00,V04431,Z015,EXIT,21,2,116,19.109045,72.91776,25.68,0.0,3,1
E00041258,2026-01-01 01:22:00,V05215,Z004,ENTRY,0,2,82,19.115666,72.861247,25.68,0.0,3,1
E00092216,2026-01-01 01:22:08,V04487,Z006,ENTRY,0,4,133,19.042463,72.840066,25.68,0.0,3,1
E00342361,2026-01-01 01:23:33,V02958,Z017,EXIT,44,1,91,19.0713,72.864439,25.68,0.0,3,1
E00259099,2026-01-01 01:25:01,V05471,Z015,EXIT,36,1,116,19.108912,72.917537,25.68,0.0,3,1
E00362667,2026-01-01 01:26:16,V02951,Z019,EXIT,46,1,130,19.034013,72.900099,25.68,0.0,3,1
E00008411,2026-01-01 01:26:29,V05108,Z002,EXIT,43,3,122,19.127515,72.933237,25.68,0.0,3,1
E00041259,2026-01-01 01:27:34,V01150,Z004,ENTRY,0,3,82,19.114451,72.861209,25.68,0.0,3,1
E00163855,2026-01-01 01:28:19,V02117,Z011,EXIT,47,1,93,19.107637,72.869454,25.68,0.0,3,1
E00062746,2026-01-01 01:29:11,V05419,Z005,ENTRY,0,2,81,19.069651,72.873905,25.68,0.0,3,1
E00222095,2026-01-01 01:32:05,V04332,Z014,ENTRY,0,1,121,19.123235,72.854819,25.68,0.0,3,1
E00222096,2026-01-01 01:36:46,V03507,Z014,ENTRY,0,2,121,19.122301,72.855753,25.68,0.0,3,1
E00163856,2026-01-01 01:38:59,V00966,Z011,ENTRY,0,2,93,19.106072,72.870126,25.68,0.0,3,1
E00092217,2026-01-01 01:42:17,V02456,Z006,EXIT,83,3,133,19.042425,72.840098,25.68,0.0,3,1
E00092218,2026-01-01 01:42:45,V04460,Z006,EXIT,75,2,133,19.042461,72.83971,25.68,0.0,3,1
E00389372,2026-01-01 01:43:52,V02874,Z020,EXIT,63,0,84,19.098183,72.834426,25.68,0.0,3,1
E00062747,2026-01-01 01:44:11,V05419,Z005,EXIT,15,1,81,19.069965,72.873989,25.68,0.0,3,1
E00062748,2026-01-01 01:44:25,V01960,Z005,ENTRY,0,2,81,19.069399,72.874443,25.68,0.0,3,1
E00062749,2026-01-01 01:44:46,V00139,Z005,EXIT,34,1,81,19.068381,72.873323,25.68,0.0,3,1
E00206393,2026-01-01 01:49:02,V03728,Z013,EXIT,97,3,118,19.131558,72.900854,25.68,0.0,3,1
E00008412,2026-01-01 01:49:02,V01344,Z002,EXIT,97,2,122,19.126251,72.934181,25.68,0.0,3,1
E00362668,2026-01-01 01:50:40,V02013,Z019,EXIT,62,0,130,19.03384,72.900374,25.68,0.0,3,1
E00259100,2026-01-01 01:50:54,V03679,Z015,EXIT,30,0,116,19.108933,72.916971,25.68,0.0,3,1
E00362669,2026-01-01 01:51:20,V00010,Z019,ENTRY,0,1,130,19.033686,72.900399,25.68,0.0,3,1
E00362670,2026-01-01 01:51:59,V04757,Z019,ENTRY,0,2,130,19.034798,72.899574,25.68,0.0,3,1
E00206394,2026-01-01 01:53:06,V02132,Z013,EXIT,63,2,118,19.131498,72.900763,25.68,0.0,3,1
E00389373,2026-01-01 01:53:10,V05012,Z020,ENTRY,0,1,84,19.098653,72.834129,25.68,0.0,3,1
E00092219,2026-01-01 01:55:50,V01823,Z006,EXIT,51,1,133,19.043906,72.839556,25.68,0.0,3,1
E00062750,2026-01-01 01:56:01,V01787,Z005,ENTRY,0,2,81,19.069743,72.874346,25.68,0.0,3,1
E00206395,2026-01-01 01:57:16,V04046,Z013,EXIT,111,1,118,19.132926,72.902403,25.68,0.0,3,1
E00206396,2026-01-01 01:57:38,V01408,Z013,ENTRY,0,2,118,19.131543,72.90077,25.68,0.0,3,1
E00025781,2026-01-01 01:59:46,V04849,Z003,ENTRY,0,1,108,19.092441,72.855846,25.68,0.0,3,1
E00178653,2026-01-01 02:01:25,V03412,Z012,ENTRY,0,1,147,19.059252,72.918282,25.68,0.0,3,1
E00206397,2026-01-01 02:02:34,V01996,Z013,EXIT,68,1,118,19.131769,72.901677,25.68,0.0,3,1
E00303068,2026-01-01 02:03:45,V01646,Z016,EXIT,46,0,124,19.03999,72.914914,25.68,0.0,3,1
E00259101,2026-01-01 02:05:04,V00090,Z015,ENTRY,0,1,116,19.109441,72.917813,25.68,0.0,3,1
E00178654,2026-01-01 02:09:46,V04411,Z012,ENTRY,0,2,147,19.059241,72.918202,25.68,0.0,3,1
E00041260,2026-01-01 02:11:51,V02107,Z004,EXIT,128,2,82,19.114534,72.861682,25.68,0.0,3,1
E00222097,2026-01-01 02:15:05,V04332,Z014,EXIT,43,1,121,19.123364,72.85566,25.68,0.0,3,1
E00062751,2026-01-01 02:17:15,V00746,Z005,ENTRY,0,3,81,19.068635,72.873242,25.68,0.0,3,1
E00152397,2026-01-01 02:20:09,V05878,Z009,ENTRY,0,1,54,19.11449,72.845658,25.68,0.0,3,1
E00178655,2026-01-01 02:22:29,V01919,Z012,ENTRY,0,3,147,19.057982,72.918571,25.68,0.0,3,1
E00389374,2026-01-01 02:22:33,V01330,Z020,ENTRY,0,2,84,19.09734,72.835085,25.68,0.0,3,1
E00163857,2026-01-01 02:28:59,V00966,Z011,EXIT,50,1,93,19.107822,72.869285,25.68,0.0,3,1
E00062752,2026-01-01 02:30:01,V01787,Z005,EXIT,34,2,81,19.069546,72.874873,25.68,0.0,3,1
E00362671,2026-01-01 02:32:20,V00010,Z019,EXIT,41,1,130,19.034647,72.89916,25.68,0.0,3,1
E00062753,2026-01-01 02:33:28,V02370,Z005,ENTRY,0,3,81,19.0686,72.874521,25.68,0.0,3,1
E00206398,2026-01-01 02:34:06,V04991,Z013,ENTRY,0,2,118,19.132349,72.901616,25.68,0.0,3,1
E00259102,2026-01-01 02:36:11,V02697,Z015,ENTRY,0,2,116,19.10977,72.917743,25.68,0.0,3,1
E00041261,2026-01-01 02:37:00,V05291,Z004,ENTRY,0,3,82,19.114971,72.862781,25.68,0.0,3,1
E00259103,2026-01-01 02:37:04,V00090,Z015,EXIT,32,1,116,19.110163,72.917711,25.68,0.0,3,1
E00092220,2026-01-01 02:38:56,V05157,Z006,ENTRY,0,2,133,19.043218,72.840091,25.68,0.0,3,1
E00362672,2026-01-01 02:39:18,V05354,Z019,ENTRY,0,2,130,19.034709,72.900131,25.68,0.0,3,1
E00092221,2026-01-01 02:39:26,V04786,Z006,ENTRY,0,3,133,19.043884,72.840496,25.68,0.0,3,1
E00008413,2026-01-01 02:47:27,V01099,Z002,EXIT,150,1,122,19.128121,72.934795,25.68,0.0,3,1
E00062754,2026-01-01 02:48:25,V01960,Z005,EXIT,64,2,81,19.06898,72.874074,25.68,0.0,3,1
E00062755,2026-01-01 02:50:28,V02370,Z005,EXIT,17,1,81,19.069641,72.874534,25.68,0.0,3,1
E00222098,2026-01-01 02:51:42,V03757,Z014,ENTRY,0,2,121,19.12218,72.856114,25.68,0.0,3,1
E00041262,2026-01-01 02:52:00,V05215,Z004,EXIT,90,2,82,19.113867,72.862498,25.68,0.0,3,1
E00008414,2026-01-01 02:52:07,V05277,Z002,ENTRY,0,2,122,19.127946,72.934702,25.68,0.0,3,1
E00222099,2026-01-01 02:52:46,V03507,Z014,EXIT,76,1,121,19.123231,72.855537,25.68,0.0,3,1
E00025782,2026-01-01 02:55:31,V04412,Z003,ENTRY,0,2,108,19.093675,72.857218,25.68,0.0,3,1
E00062756,2026-01-01 02:57:15,V00746,Z005,EXIT,40,0,81,19.068304,72.874151,25.68,0.0,3,1
E00025783,2026-01-01 02:58:06,V03774,Z003,ENTRY,0,3,108,19.093353,72.857029,25.68,0.0,3,1
E00126551,2026-01-01 02:58:23,V03702,Z007,ENTRY,0,1,40,19.081969,72.834104,25.68,0.0,3,1
E00206399,2026-01-01 02:59:51,V01720,Z013,ENTRY,0,3,118,19.131677,72.902164,25.68,0.0,3,1
E00178656,2026-01-01 03:06:52,V02740,Z012,ENTRY,0,4,147,19.058576,72.916871,25.68,0.0,3,1
E00222100,2026-01-01 03:09:44,V04474,Z014,ENTRY,0,2,121,19.122525,72.854291,25.68,0.0,3,1
E00178657,2026-01-01 03:10:01,V05680,Z012,ENTRY,0,5,147,19.058271,72.917682,25.68,0.0,3,1
E00303070,2026-01-01 03:11:18,V02948,Z016,ENTRY,0,2,124,19.038541,72.914671,25.68,0.0,3,1
E00303069,2026-01-01 03:11:18,V04027,Z016,ENTRY,0,1,124,19.039572,72.914823,25.68,0.0,3,1
E00389375,2026-01-01 03:11:33,V01330,Z020,EXIT,49,1,84,19.097798,72.835159,25.68,0.0,3,1
E00362673,2026-01-01 03:13:35,V01338,Z019,ENTRY,0,3,130,19.035506,72.900184,25.68,0.0,3,1
E00152398,2026-01-01 03:14:15,V04975,Z009,ENTRY,0,2,54,19.114643,72.845689,25.68,0.0,3,1
E00092222,2026-01-01 03:15:56,V05157,Z006,EXIT,37,2,133,19.042403,72.840984,25.68,0.0,3,1
E00222101,2026-01-01 03:16:42,V03757,Z014,EXIT,25,1,121,19.12232,72.854393,25.68,0.0,3,1
E00259104,2026-01-01 03:19:35,V01532,Z015,ENTRY,0,2,116,19.110299,72.918372,25.68,0.0,3,1
E00092223,2026-01-01 03:20:26,V04786,Z006,EXIT,41,1,133,19.043047,72.840085,25.68,0.0,3,1
E00303071,2026-01-01 03:22:48,V05729,Z016,ENTRY,0,3,124,19.040073,72.913701,25.68,0.0,3,1
E00008415,2026-01-01 03:23:29,V00007,Z002,EXIT,130,1,122,19.126355,72.933359,25.68,0.0,3,1
E00206400,2026-01-01 03:23:37,V03909,Z013,ENTRY,0,4,118,19.132763,72.902448,25.68,0.0,3,1
E00092224,2026-01-01 03:25:08,V04487,Z006,EXIT,123,0,133,19.044266,72.840686,25.68,0.0,3,1
E00362674,2026-01-01 03:25:59,V04757,Z019,EXIT,94,2,130,19.034772,72.898885,25.68,0.0,3,1
E00008416,2026-01-01 03:26:07,V05277,Z002,EXIT,34,0,122,19.126386,72.933412,25.68,0.0,3,1
E00259105,2026-01-01 03:26:11,V02697,Z015,EXIT,50,1,116,19.110384,72.916596,25.68,0.0,3,1
E00222102,2026-01-01 03:27:18,V03277,Z014,ENTRY,0,2,121,19.123472,72.855557,25.68,0.0,3,1
E00092225,2026-01-01 03:28:48,V00829,Z006,ENTRY,0,1,133,19.043719,72.840301,25.68,0.0,3,1
E00135231,2026-01-01 03:32:09,V03231,Z008,ENTRY,0,1,113,19.023845,72.875709,25.68,0.0,3,1
E00362675,2026-01-01 03:32:18,V05354,Z019,EXIT,53,1,130,19.034575,72.899316,25.68,0.0,3,1
E00178658,2026-01-01 03:32:22,V01418,Z012,ENTRY,0,6,147,19.05888,72.916686,25.68,0.0,3,1
E00163858,2026-01-01 03:32:48,V04810,Z011,ENTRY,0,2,93,19.107459,72.870317,25.68,0.0,3,1
E00025784,2026-01-01 03:33:11,V00126,Z003,ENTRY,0,4,108,19.092667,72.856267,25.68,0.0,3,1
E00178659,2026-01-01 03:33:46,V04411,Z012,EXIT,84,5,147,19.05808,72.91806,25.68,0.0,3,1
E00259106,2026-01-01 03:34:46,V01678,Z015,ENTRY,0,2,116,19.110067,72.918449,25.68,0.0,3,1
E00389376,2026-01-01 03:36:10,V05012,Z020,EXIT,103,0,84,19.098868,72.834664,25.68,0.0,3,1
E00303072,2026-01-01 03:38:18,V02948,Z016,EXIT,27,2,124,19.038632,72.91332,25.68,0.0,3,1
E00062757,2026-01-01 03:39:41,V00623,Z005,ENTRY,0,1,81,19.070002,72.874826,25.68,0.0,3,1
E00041263,2026-01-01 03:39:44,V05729,Z004,ENTRY,0,3,82,19.115504,72.862636,25.68,0.0,3,1
E00222103,2026-01-01 03:41:44,V04474,Z014,EXIT,32,1,121,19.123538,72.855186,25.68,0.0,3,1
E00025785,2026-01-01 03:42:46,V04849,Z003,EXIT,103,3,108,19.09388,72.857238,25.68,0.0,3,1
E00303073,2026-01-01 03:44:41,V04652,Z016,ENTRY,0,3,124,19.040212,72.913712,25.68,0.0,3,1
E00342362,2026-01-01 03:48:34,V03125,Z017,EXIT,161,0,91,19.071128,72.864707,25.68,0.0,3,1
E00342363,2026-01-01 03:49:44,V02814,Z017,ENTRY,0,1,91,19.07238,72.864893,25.68,0.0,3,1
E00025786,2026-01-01 03:52:37,V03023,Z003,ENTRY,0,4,108,19.093396,72.85665,25.68,0.0,3,1
E00062758,2026-01-01 03:52:42,V04397,Z005,ENTRY,0,2,81,19.068684,72.873618,25.68,0.0,3,1
E00389377,2026-01-01 03:53:41,V02832,Z020,ENTRY,0,1,84,19.097666,72.833883,25.68,0.0,3,1
E00126552,2026-01-01 03:53:42,V00288,Z007,ENTRY,0,2,40,19.082303,72.833847,25.68,0.0,3,1
E00092226,2026-01-01 03:54:53,V01620,Z006,ENTRY,0,2,133,19.044259,72.839915,25.68,0.0,3,1
E00152399,2026-01-01 03:56:09,V05878,Z009,EXIT,96,1,54,19.115761,72.844514,25.68,0.0,3,1
E00041264,2026-01-01 03:57:00,V05291,Z004,EXIT,80,2,82,19.114607,72.862087,25.68,0.0,3,1
E00159526,2026-01-01 03:58:42,V04105,Z010,EXIT,176,0,41,19.091417,72.898528,25.68,0.0,3,1
E00303074,2026-01-01 04:01:35,V01490,Z016,ENTRY,0,4,124,19.039251,72.914604,25.68,0.0,3,1
E00008417,2026-01-01 04:04:02,V00253,Z002,ENTRY,0,1,122,19.128072,72.933346,25.68,0.0,3,1
E00062759,2026-01-01 04:04:03,V03720,Z005,ENTRY,0,3,81,19.069967,72.874203,25.68,0.0,3,1
E00025787,2026-01-01 04:05:12,V02602,Z003,ENTRY,0,5,108,19.092483,72.856233,25.68,0.0,3,1
E00222104,2026-01-01 04:05:35,V00084,Z014,ENTRY,0,2,121,19.123963,72.854341,25.68,0.0,3,1
E00178660,2026-01-01 04:07:14,V00694,Z012,ENTRY,0,6,147,19.058864,72.917605,25.68,0.0,3,1
E00222105,2026-01-01 04:10:18,V03277,Z014,EXIT,43,1,121,19.122602,72.855649,25.68,0.0,3,1
E00259107,2026-01-01 04:10:46,V01678,Z015,EXIT,36,1,116,19.110331,72.917588,25.68,0.0,3,1
E00259108,2026-01-01 04:12:35,V01532,Z015,EXIT,53,0,116,19.109892,72.917858,25.68,0.0,3,1
E00178661,2026-01-01 04:12:50,V02529,Z012,ENTRY,0,7,147,19.059358,72.917556,25.68,0.0,3,1
E00163859,2026-01-01 04:13:04,V04914,Z011,ENTRY,0,3,93,19.106332,72.869967,25.68,0.0,3,1
E00041265,2026-01-01 04:13:34,V01150,Z004,EXIT,166,1,82,19.115123,72.861857,25.68,0.0,3,1
E00259109,2026-01-01 04:14:25,V03586,Z015,ENTRY,0,1,116,19.109416,72.917568,25.68,0.0,3,1
E00092227,2026-01-01 04:16:04,V01080,Z006,ENTRY,0,3,133,19.04302,72.839558,25.68,0.0,3,1
E00092228,2026-01-01 04:16:20,V00961,Z006,ENTRY,0,4,133,19.042272,72.840293,25.68,0.0,3,1
E00025788,2026-01-01 04:17:06,V03774,Z003,EXIT,79,4,108,19.092898,72.856475,25.68,0.0,3,1
E00062760,2026-01-01 04:18:03,V03720,Z005,EXIT,14,2,81,19.069674,72.873969,25.68,0.0,3,1
E00092229,2026-01-01 04:18:17,V02272,Z006,ENTRY,0,5,133,19.042807,72.840333,25.68,0.0,3,1
E00206401,2026-01-01 04:18:38,V01408,Z013,EXIT,141,3,118,19.132336,72.902274,25.68,0.0,3,1
E00303075,2026-01-01 04:19:16,V05774,Z016,ENTRY,0,5,124,19.039728,72.913594,25.68,0.0,3,1
E00222106,2026-01-01 04:20:10,V01975,Z014,ENTRY,0,2,121,19.122852,72.855504,25.68,0.0,3,1
E00163860,2026-01-01 04:20:31,V01814,Z011,ENTRY,0,4,93,19.106972,72.869831,25.68,0.0,3,1
E00303076,2026-01-01 04:21:41,V04652,Z016,EXIT,37,4,124,19.038825,72.913804,25.68,0.0,3,1
E00152400,2026-01-01 04:22:15,V04975,Z009,EXIT,68,0,54,19.115688,72.844447,25.68,0.0,3,1
E00222107,2026-01-01 04:22:16,V05175,Z014,ENTRY,0,3,121,19.123052,72.855446,25.68,0.0,3,1
E00092230,2026-01-01 04:23:48,V00829,Z006,EXIT,55,4,133,19.042353,72.840826,25.68,0.0,3,1
E00178662,2026-01-01 04:25:25,V03412,Z012,EXIT,144,6,147,19.059194,72.917173,25.68,0.0,3,1
E00178663,2026-01-01 04:26:01,V05680,Z012,EXIT,76,5,147,19.058017,72.91852,25.68,0.0,3,1
E00135232,2026-01-01 04:28:43,V04439,Z008,ENTRY,0,2,113,19.022951,72.875657,25.68,0.0,3,1
E00259110,2026-01-01 04:29:15,V02326,Z015,ENTRY,0,2,116,19.108542,72.917491,25.68,0.0,3,1
E00222108,2026-01-01 04:30:14,V02958,Z014,ENTRY,0,4,121,19.123445,72.855608,25.68,0.0,3,1
E00163861,2026-01-01 04:31:58,V02653,Z011,EXIT,240,3,93,19.106359,72.870382,25.68,0.0,3,1
E00303077,2026-01-01 04:33:18,V04027,Z016,EXIT,82,3,124,19.038571,72.914513,25.68,0.0,3,1
E00025789,2026-01-01 04:34:31,V04412,Z003,EXIT,99,3,108,19.09278,72.857137,25.68,0.0,3,1
E00303078,2026-01-01 04:38:48,V05729,Z016,EXIT,76,2,124,19.040163,72.913555,25.68,0.0,3,1
E00303079,2026-01-01 04:41:35,V01490,Z016,EXIT,40,1,124,19.039377,72.91488,25.68,0.0,3,1
E00259111,2026-01-01 04:42:25,V03586,Z015,EXIT,28,1,116,19.108541,72.91768,25.68,0.0,3,1
E00362676,2026-01-01 04:43:35,V01338,Z019,EXIT,90,0,130,19.034399,72.899267,25.68,0.0,3,1
E00303080,2026-01-01 04:44:29,V01568,Z016,ENTRY,0,2,124,19.038736,72.913649,25.68,0.0,3,1
E00041266,2026-01-01 04:44:44,V05729,Z004,EXIT,65,0,82,19.115166,72.861247,25.68,0.0,3,1
E00206402,2026-01-01 04:47:26,V05317,Z013,ENTRY,0,4,118,19.132598,72.900955,25.68,0.0,3,1
E00222109,2026-01-01 04:48:16,V05175,Z014,EXIT,26,3,121,19.122275,72.854545,25.68,0.0,3,1
E00362677,2026-01-01 04:49:27,V01074,Z019,ENTRY,0,1,130,19.03538,72.90002,25.68,0.0,3,1
E00062761,2026-01-01 04:51:22,V01056,Z005,ENTRY,0,3,81,19.068297,72.87413,25.68,0.0,3,1
E00041267,2026-01-01 04:52:28,V02934,Z004,ENTRY,0,1,82,19.11518,72.861525,25.68,0.0,3,1
E00222110,2026-01-01 04:52:35,V00084,Z014,EXIT,47,2,121,19.122267,72.855406,25.68,0.0,3,1
E00025790,2026-01-01 04:53:46,V02571,Z003,ENTRY,0,4,108,19.092652,72.857133,25.68,0.0,3,1
E00303081,2026-01-01 04:54:16,V05774,Z016,EXIT,35,1,124,19.038924,72.914516,25.68,0.0,3,1
E00259112,2026-01-01 04:58:15,V02326,Z015,EXIT,29,0,116,19.109602,72.916592,25.68,0.0,3,1
E00178664,2026-01-01 04:58:22,V01418,Z012,EXIT,86,4,147,19.057801,72.917506,25.68,0.0,3,1
E00389378,2026-01-01 04:58:41,V02832,Z020,EXIT,65,0,84,19.098256,72.834707,25.68,0.0,3,1
E00178665,2026-01-01 04:59:29,V01919,Z012,EXIT,157,3,147,19.058047,72.916771,25.68,0.0,3,1
E00303082,2026-01-01 05:00:37,V00729,Z016,ENTRY,0,2,124,19.038869,72.91389,25.68,0.0,3,1
E00008418,2026-01-01 05:01:02,V00880,Z002,ENTRY,0,2,122,19.126545,72.933769,25.68,0.0,3,1
E00025791,2026-01-01 05:01:10,V04925,Z003,ENTRY,0,5,108,19.093257,72.857653,25.68,0.0,3,1
E00062762,2026-01-01 05:01:23,V01777,Z005,ENTRY,0,4,81,19.070107,72.874974,25.68,0.0,3,1
E00342364,2026-01-01 05:01:39,V05499,Z017,ENTRY,0,2,91,19.072938,72.864428,25.68,0.0,3,1
E00092231,2026-01-01 05:01:41,V00337,Z006,ENTRY,0,5,133,19.042475,72.840444,25.68,0.0,3,1
E00092232,2026-01-01 05:01:46,V04133,Z006,ENTRY,0,6,133,19.043112,72.840568,25.68,0.0,3,1
E00206403,2026-01-01 05:01:51,V03799,Z013,ENTRY,0,5,118,19.132483,72.90086,25.68,0.0,3,1
E00178666,2026-01-01 05:01:51,V04670,Z012,ENTRY,0,4,147,19.057763,72.918082,25.68,0.0,3,1
E00092233,2026-01-01 05:01:53,V01620,Z006,EXIT,67,5,133,19.043218,72.841385,25.68,0.0,3,1
E00008419,2026-01-01 05:02:09,V01499,Z002,ENTRY,0,3,122,19.126967,72.933535,25.68,0.0,3,1
E00362678,2026-01-01 05:02:11,V02292,Z019,ENTRY,0,2,130,19.034376,72.899479,25.68,0.0,3,1
E00303083,2026-01-01 05:02:12,V04726,Z016,ENTRY,0,3,124,19.039688,72.913741,25.68,0.0,3,1
E00303084,2026-01-01 05:02:30,V04857,Z016,ENTRY,0,4,124,19.039019,72.914921,25.68,0.0,3,1
E00062763,2026-01-01 05:02:47,V05283,Z005,ENTRY,0,5,81,19.069678,72.873688,25.68,0.0,3,1
E00178667,2026-01-01 05:02:52,V02740,Z012,EXIT,116,3,147,19.058253,72.918096,25.68,0.0,3,1
E00259113,2026-01-01 05:02:59,V00843,Z015,ENTRY,0,1,116,19.108842,72.917612,25.68,0.0,3,1
E00222111,2026-01-01 05:03:00,V05687,Z014,ENTRY,0,3,121,19.122759,72.855483,25.68,0.0,3,1
E00389379,2026-01-01 05:03:13,V04229,Z020,ENTRY,0,1,84,19.098586,72.835057,25.68,0.0,3,1
E00222112,2026-01-01 05:03:31,V00989,Z014,ENTRY,0,4,121,19.123457,72.854378,25.68,0.0,3,1
E00126553,2026-01-01 05:03:32,V04494,Z007,ENTRY,0,3,40,19.083385,72.833946,25.68,0.0,3,1
E00355407,2026-01-01 05:03:36,V00358,Z018,ENTRY,0,1,45,19.020809,72.852191,25.68,0.0,3,1
E00259114,2026-01-01 05:03:53,V04459,Z015,ENTRY,0,2,116,19.108552,72.918423,25.68,0.0,3,1
E00135233,2026-01-01 05:03:56,V01703,Z008,ENTRY,0,3,113,19.023895,72.874022,25.68,0.0,3,1
E00362679,2026-01-01 05:04:15,V04512,Z019,ENTRY,0,3,130,19.034962,72.899078,25.68,0.0,3,1
E00025792,2026-01-01 05:04:34,V03684,Z003,ENTRY,0,6,108,19.092756,72.855815,25.68,0.0,3,1
E00092234,2026-01-01 05:05:04,V04552,Z006,ENTRY,0,6,133,19.04267,72.84087,25.68,0.0,3,1
E00135234,2026-01-01 05:05:08,V03501,Z008,ENTRY,0,4,113,19.024106,72.874967,25.68,0.0,3,1
E00303085,2026-01-01 05:05:33,V01893,Z016,ENTRY,0,5,124,19.038944,72.914198,25.68,0.0,3,1
E00041268,2026-01-01 05:05:46,V04645,Z004,ENTRY,0,2,82,19.114417,72.861401,25.68,0.0,3,1
E00062764,2026-01-01 05:05:51,V02974,Z005,ENTRY,0,6,81,19.069053,72.874698,25.68,0.0,3,1
E00092235,2026-01-01 05:05:55,V00372,Z006,ENTRY,0,7,133,19.04302,72.84062,25.68,0.0,3,1
E00389380,2026-01-01 05:05:57,V04174,Z020,ENTRY,0,2,84,19.098626,72.834808,25.68,0.0,3,1
E00389381,2026-01-01 05:05:58,V02528,Z020,ENTRY,0,3,84,19.098052,72.834101,25.68,0.0,3,1
E00389382,2026-01-01 05:06:21,V05122,Z020,ENTRY,0,4,84,19.097068,72.833923,25.68,0.0,3,1
E00303086,2026-01-01 05:06:26,V05580,Z016,ENTRY,0,6,124,19.039048,72.913866,25.68,0.0,3,1
E00355408,2026-01-01 05:06:28,V05081,Z018,ENTRY,0,2,45,19.021742,72.853277,25.68,0.0,3,1
E00178668,2026-01-01 05:06:37,V03187,Z012,ENTRY,0,4,147,19.058822,72.917345,25.68,0.0,3,1
E00062765,2026-01-01 05:06:41,V00623,Z005,EXIT,87,5,81,19.06899,72.874698,25.68,0.0,3,1
E00178669,2026-01-01 05:07:02,V03644,Z012,ENTRY,0,5,147,19.058954,72.91812,25.68,0.0,3,1
E00222113,2026-01-01 05:07:11,V02490,Z014,ENTRY,0,5,121,19.12382,72.854659,25.68,0.0,3,1
E00362680,2026-01-01 05:07:14,V03624,Z019,ENTRY,0,4,130,19.034138,72.900329,25.68,0.0,3,1
E00342365,2026-01-01 05:07:30,V03837,Z017,ENTRY,0,3,91,19.071162,72.863306,25.68,0.0,3,1
E00222114,2026-01-01 05:07:31,V03202,Z014,ENTRY,0,6,121,19.122436,72.855211,25.68,0.0,3,1
E00303087,2026-01-01 05:08:29,V01568,Z016,EXIT,24,5,124,19.039676,72.914809,25.68,0.0,3,1
E00178670,2026-01-01 05:08:41,V04499,Z012,ENTRY,0,6,147,19.058321,72.918375,25.68,0.0,3,1
E00163862,2026-01-01 05:08:44,V00328,Z011,ENTRY,0,4,93,19.107052,72.869409,25.68,0.0,3,1
E00092236,2026-01-01 05:09:18,V00485,Z006,ENTRY,0,8,133,19.04323,72.839897,25.68,0.0,3,1
E00389383,2026-01-01 05:09:21,V00079,Z020,ENTRY,0,5,84,19.098947,72.834856,25.68,0.0,3,1
E00389384,2026-01-01 05:09:30,V03407,Z020,ENTRY,0,6,84,19.098017,72.834356,25.68,0.0,3,1
E00008420,2026-01-01 05:09:38,V04077,Z002,ENTRY,0,4,122,19.127314,72.932976,25.68,0.0,3,1
E00163863,2026-01-01 05:10:03,V00499,Z011,ENTRY,0,5,93,19.10766,72.870477,25.68,0.0,3,1
E00025793,2026-01-01 05:10:11,V03989,Z003,ENTRY,0,7,108,19.09309,72.856486,25.68,0.0,3,1
E00025794,2026-01-01 05:10:12,V02602,Z003,EXIT,65,6,108,19.093882,72.856462,25.68,0.0,3,1
E00041269,2026-01-01 05:10:22,V00439,Z004,ENTRY,0,3,82,19.115292,72.862737,25.68,0.0,3,1
E00178671,2026-01-01 05:10:27,V01487,Z012,ENTRY,0,7,147,19.059209,72.91845,25.68,0.0,3,1
E00041270,2026-01-01 05:10:28,V02960,Z004,ENTRY,0,4,82,19.114153,72.862916,25.68,0.0,3,1
E00025795,2026-01-01 05:10:31,V00421,Z003,ENTRY,0,7,108,19.093017,72.857056,25.68,0.0,3,1
E00062766,2026-01-01 05:10:31,V01679,Z005,ENTRY,0,6,81,19.069692,72.874537,25.68,0.0,3,1
E00303088,2026-01-01 05:10:32,V00303,Z016,ENTRY,0,6,124,19.040211,72.915,25.68,0.0,3,1
E00206404,2026-01-01 05:10:40,V01379,Z013,ENTRY,0,6,118,19.132561,72.901197,25.68,0.0,3,1
E00303089,2026-01-01 05:10:41,V04222,Z016,ENTRY,0,7,124,19.039759,72.914238,25.68,0.0,3,1
E00092237,2026-01-01 05:10:50,V00498,Z006,ENTRY,0,9,133,19.043552,72.841267,25.68,0.0,3,1
E00152401,2026-01-01 05:11:02,V01949,Z009,ENTRY,0,1,54,19.114845,72.845863,25.68,0.0,3,1
E00206405,2026-01-01 05:11:06,V04991,Z013,EXIT,157,5,118,19.132233,72.90127,25.68,0.0,3,1
E00222115,2026-01-01 05:11:54,V04647,Z014,ENTRY,0,7,121,19.123197,72.855716,25.68,0.0,3,1
E00126554,2026-01-01 05:11:59,V03749,Z007,ENTRY,0,4,40,19.082643,72.834049,25.68,0.0,3,1
E00163864,2026-01-01 05:12:11,V02454,Z011,ENTRY,0,6,93,19.107078,72.869946,25.68,0.0,3,1
E00000001,2026-01-01 05:12:22,V02568,Z001,ENTRY,0,1,40,19.060464,72.907582,25.68,0.0,3,1
E00152402,2026-01-01 05:12:34,V04429,Z009,ENTRY,0,2,54,19.115991,72.845923,25.68,0.0,3,1
E00135235,2026-01-01 05:12:49,V01853,Z008,ENTRY,0,5,113,19.024603,72.874528,25.68,0.0,3,1
E00342366,2026-01-01 05:13:12,V01650,Z017,ENTRY,0,4,91,19.072951,72.86469,25.68,0.0,3,1
E00062767,2026-01-01 05:14:13,V02189,Z005,ENTRY,0,7,81,19.068975,72.873735,25.68,0.0,3,1
E00303090,2026-01-01 05:14:17,V01148,Z016,ENTRY,0,8,124,19.038698,72.914995,25.68,0.0,3,1
E00259115,2026-01-01 05:14:40,V05191,Z015,ENTRY,0,3,116,19.109628,72.91768,25.68,0.0,3,1
E00259116,2026-01-01 05:15:43,V01880,Z015,ENTRY,0,4,116,19.10971,72.918389,25.68,0.0,3,1
E00135236,2026-01-01 05:16:09,V01000,Z008,ENTRY,0,6,113,19.024407,72.873885,25.68,0.0,3,1
E00303091,2026-01-01 05:16:16,V02808,Z016,ENTRY,0,9,124,19.038677,72.915203,25.68,0.0,3,1
E00303092,2026-01-01 05:16:25,V03135,Z016,ENTRY,0,10,124,19.039802,72.913296,25.68,0.0,3,1
E00222116,2026-01-01 05:16:53,V01741,Z014,ENTRY,0,8,121,19.123328,72.854299,25.68,0.0,3,1
E00041271,2026-01-01 05:16:56,V02132,Z004,ENTRY,0,5,82,19.115712,72.862305,25.68,0.0,3,1
E00041272,2026-01-01 05:17:00,V04376,Z004,ENTRY,0,6,82,19.11384,72.86246,25.68,0.0,3,1
E00062768,2026-01-01 05:17:03,V02459,Z005,ENTRY,0,8,81,19.06833,72.874263,25.68,0.0,3,1
E00222117,2026-01-01 05:17:10,V01975,Z014,EXIT,57,7,121,19.12262,72.855014,25.68,0.0,3,1
E00178672,2026-01-01 05:17:15,V00476,Z012,ENTRY,0,8,147,19.057727,72.91833,25.68,0.0,3,1
E00025796,2026-01-01 05:17:15,V05228,Z003,ENTRY,0,8,108,19.093095,72.857268,25.68,0.0,3,1
E00389385,2026-01-01 05:17:29,V04521,Z020,ENTRY,0,7,84,19.098885,72.833984,25.68,0.0,3,1
E00389386,2026-01-01 05:17:34,V02261,Z020,ENTRY,0,8,84,19.097307,72.833837,25.68,0.0,3,1
E00303093,2026-01-01 05:17:43,V00500,Z016,ENTRY,0,11,124,19.039006,72.915137,25.68,0.0,3,1
E00178673,2026-01-01 05:17:48,V03320,Z012,ENTRY,0,9,147,19.058103,72.91694,25.68,0.0,3,1
E00159527,2026-01-01 05:18:13,V00209,Z010,ENTRY,0,1,41,19.091939,72.897544,25.68,0.0,3,1
E00259117,2026-01-01 05:19:00,V04735,Z015,ENTRY,0,5,116,19.108937,72.917814,25.68,0.0,3,1
E00025797,2026-01-01 05:19:19,V00008,Z003,ENTRY,0,9,108,19.093004,72.857505,25.68,0.0,3,1
E00092238,2026-01-01 05:19:30,V05858,Z006,ENTRY,0,10,133,19.043144,72.840139,25.68,0.0,3,1
E00126555,2026-01-01 05:19:33,V05705,Z007,ENTRY,0,5,40,19.08167,72.833669,25.68,0.0,3,1
E00062769,2026-01-01 05:19:42,V04397,Z005,EXIT,87,7,81,19.068436,72.873091,25.68,0.0,3,1
E00222118,2026-01-01 05:19:43,V03684,Z014,ENTRY,0,8,121,19.123686,72.855717,25.68,0.0,3,1
E00389387,2026-01-01 05:19:52,V02668,Z020,ENTRY,0,9,84,19.098315,72.83348,25.68,0.0,3,1
E00206406,2026-01-01 05:20:11,V02341,Z013,ENTRY,0,6,118,19.133282,72.901867,25.68,0.0,3,1
E00025798,2026-01-01 05:20:24,V02437,Z003,ENTRY,0,10,108,19.092373,72.857229,25.68,0.0,3,1
E00389388,2026-01-01 05:20:26,V00808,Z020,ENTRY,0,10,84,19.098774,72.83459,25.68,0.0,3,1
E00259118,2026-01-01 05:20:29,V00358,Z015,ENTRY,0,6,116,19.109616,72.917302,25.68,0.0,3,1
E00062770,2026-01-01 05:20:34,V03380,Z005,ENTRY,0,8,81,19.069927,72.873094,25.68,0.0,3,1
E00025799,2026-01-01 05:20:46,V03711,Z003,ENTRY,0,11,108,19.094223,72.856122,25.68,0.0,3,1
E00259119,2026-01-01 05:20:51,V04781,Z015,ENTRY,0,7,116,19.109207,72.917875,25.68,0.0,3,1
E00062771,2026-01-01 05:21:27,V03058,Z005,ENTRY,0,9,81,19.06885,72.873142,25.68,0.0,3,1
E00092239,2026-01-01 05:21:27,V02204,Z006,ENTRY,0,11,133,19.04287,72.839714,25.68,0.0,3,1
E00163865,2026-01-01 05:21:30,V03303,Z011,ENTRY,0,7,93,19.107443,72.870883,25.68,0.0,3,1
E00259120,2026-01-01 05:21:31,V05338,Z015,ENTRY,0,8,116,19.109662,72.917686,25.68,0.0,3,1
E00389389,2026-01-01 05:21:42,V05996,Z020,ENTRY,0,11,84,19.098511,72.833511,25.68,0.0,3,1
E00362681,2026-01-01 05:21:44,V00972,Z019,ENTRY,0,5,130,19.034778,72.900154,25.68,0.0,3,1
E00092240,2026-01-01 05:21:53,V00675,Z006,ENTRY,0,12,133,19.043125,72.839807,25.68,0.0,3,1
E00062772,2026-01-01 05:22:02,V01802,Z005,ENTRY,0,10,81,19.068906,72.875036,25.68,0.0,3,1
E00135237,2026-01-01 05:22:05,V04090,Z008,ENTRY,0,7,113,19.023224,72.874212,25.68,0.0,3,1
E00303094,2026-01-01 05:22:37,V00729,Z016,EXIT,22,10,124,19.039005,72.914431,25.68,0.0,3,1
E00000002,2026-01-01 05:22:59,V03876,Z001,ENTRY,0,2,40,19.061363,72.90649,25.68,0.0,3,1
E00092241,2026-01-01 05:23:04,V01080,Z006,EXIT,67,11,133,19.042884,72.840561,25.68,0.0,3,1
E00000003,2026-01-01 05:23:10,V02984,Z001,ENTRY,0,3,40,19.060819,72.907357,25.68,0.0,3,1
E00178674,2026-01-01 05:23:14,V00694,Z012,EXIT,76,8,147,19.057758,72.917576,25.68,0.0,3,1
E00041273,2026-01-01 05:23:58,V05379,Z004,ENTRY,0,7,82,19.113903,72.861174,25.68,0.0,3,1
E00092242,2026-01-01 05:24:04,V04906,Z006,ENTRY,0,12,133,19.04259,72.840663,25.68,0.0,3,1
E00092243,2026-01-01 05:24:17,V02272,Z006,EXIT,66,11,133,19.042667,72.839955,25.68,0.0,3,1
E00362682,2026-01-01 05:24:20,V00364,Z019,ENTRY,0,6,130,19.035491,72.899746,25.68,0.0,3,1
E00163866,2026-01-01 05:24:38,V05381,Z011,ENTRY,0,8,93,19.106181,72.870107,25.68,0.0,3,1
E00178675,2026-01-01 05:25:10,V00716,Z012,ENTRY,0,9,147,19.058695,72.917921,25.68,0.0,3,1
E00362683,2026-01-01 05:25:17,V01724,Z019,ENTRY,0,7,130,19.034203,72.90027,25.68,0.0,3,1
E00008421,2026-01-01 05:25:22,V00937,Z002,ENTRY,0,5,122,19.127991,72.934704,25.68,0.0,3,1
E00389390,2026-01-01 05:25:40,V00365,Z020,ENTRY,0,12,84,19.098093,72.833965,25.68,0.0,3,1
E00025800,2026-01-01 05:26:16,V03144,Z003,ENTRY,0,12,108,19.092722,72.857172,25.68,0.0,3,1
E00092244,2026-01-01 05:26:16,V03467,Z006,ENTRY,0,12,133,19.043537,72.839828,25.68,0.0,3,1
E00152403,2026-01-01 05:26:17,V00633,Z009,ENTRY,0,3,54,19.114923,72.844215,25.68,0.0,3,1
E00178676,2026-01-01 05:26:22,V00792,Z012,ENTRY,0,10,147,19.058424,72.91681,25.68,0.0,3,1
E00126556,2026-01-01 05:26:23,V03702,Z007,EXIT,148,4,40,19.081655,72.832605,25.68,0.0,3,1
E00303095,2026-01-01 05:26:29,V00694,Z016,ENTRY,0,11,124,19.040325,72.913703,25.68,0.0,3,1
E00362684,2026-01-01 05:26:31,V01136,Z019,ENTRY,0,8,130,19.03419,72.898978,25.68,0.0,3,1
E00259121,2026-01-01 05:26:38,V05322,Z015,ENTRY,0,9,116,19.109705,72.917883,25.68,0.0,3,1
E00062773,2026-01-01 05:26:41,V03174,Z005,ENTRY,0,11,81,19.068446,72.873909,25.68,0.0,3,1
E00041274,2026-01-01 05:26:49,V00182,Z004,ENTRY,0,8,82,19.11425,72.861915,25.68,0.0,3,1
E00178677,2026-01-01 05:27:18,V03206,Z012,ENTRY,0,11,147,19.058098,72.916965,25.68,0.0,3,1
E00126557,2026-01-01 05:27:34,V04774,Z007,ENTRY,0,5,40,19.081817,72.834191,25.68,0.0,3,1
E00025801,2026-01-01 05:27:45,V00489,Z003,ENTRY,0,13,108,19.092914,72.85775,25.68,0.0,3,1
E00062774,2026-01-01 05:27:47,V05283,Z005,EXIT,25,10,81,19.068479,72.873787,25.68,0.0,3,1
E00303096,2026-01-01 05:28:09,V00028,Z016,ENTRY,0,12,124,19.040296,72.915135,25.68,0.0,3,1
E00303097,2026-01-01 05:29:17,V01148,Z016,EXIT,15,11,124,19.040353,72.915265,25.68,0.0,3,1
E00008422,2026-01-01 05:29:18,V01798,Z002,ENTRY,0,6,122,19.12796,72.934179,25.68,0.0,3,1
E00389391,2026-01-01 05:29:37,V00200,Z020,ENTRY,0,13,84,19.098657,72.833476,25.68,0.0,3,1
E00008423,2026-01-01 05:30:02,V04376,Z002,ENTRY,0,7,122,19.127748,72.933041,25.68,0.0,3,1
E00259122,2026-01-01 05:30:03,V04164,Z015,ENTRY,0,10,116,19.109895,72.917079,25.68,0.0,3,1
E00062775,2026-01-01 05:30:06,V03762,Z005,ENTRY,0,11,81,19.069184,72.874008,25.68,0.0,3,1
E00222119,2026-01-01 05:30:09,V02211,Z014,ENTRY,0,9,121,19.122359,72.85577,25.68,0.0,3,1
E00178678,2026-01-01 05:30:50,V02529,Z012,EXIT,78,10,147,19.058524,72.918072,25.68,0.0,3,1
E00135238,2026-01-01 05:30:55,V03464,Z008,ENTRY,0,8,113,19.023886,72.875477,25.68,0.0,3,1
E00008424,2026-01-01 05:30:56,V00241,Z002,ENTRY,0,8,122,19.126325,72.933553,25.68,0.0,3,1
E00303098,2026-01-01 05:31:01,V05122,Z016,ENTRY,0,12,124,19.039713,72.914141,25.68,0.0,3,1
E00303099,2026-01-01 05:31:07,V02044,Z016,ENTRY,0,13,124,19.039743,72.914953,25.68,0.0,3,1
E00062776,2026-01-01 05:31:12,V03865,Z005,ENTRY,0,12,81,19.06928,72.874093,25.68,0.0,3,1
E00362685,2026-01-01 05:31:22,V05140,Z019,ENTRY,0,9,130,19.033776,72.899996,25.68,0.0,3,1
E00062777,2026-01-01 05:31:23,V03243,Z005,ENTRY,0,13,81,19.069491,72.873434,25.68,0.0,3,1
E00041275,2026-01-01 05:31:28,V01490,Z004,ENTRY,0,9,82,19.114222,72.861576,25.68,0.0,3,1
E00222120,2026-01-01 05:31:38,V01360,Z014,ENTRY,0,10,121,19.122948,72.854238,25.68,0.0,3,1
E00025802,2026-01-01 05:31:58,V04166,Z003,ENTRY,0,14,108,19.092483,72.857425,25.68,0.0,3,1
E00259123,2026-01-01 05:32:10,V02910,Z015,ENTRY,0,11,116,19.108469,72.91692,25.68,0.0,3,1
E00362686,2026-01-01 05:32:11,V02292,Z019,EXIT,30,8,130,19.035101,72.899247,25.68,0.0,3,1
E00389392,2026-01-01 05:32:13,V00688,Z020,ENTRY,0,14,84,19.098494,72.835218,25.68,0.0,3,1
E00092245,2026-01-01 05:32:25,V03698,Z006,ENTRY,0,13,133,19.042689,72.841257,25.68,0.0,3,1
E00222121,2026-01-01 05:32:31,V03202,Z014,EXIT,25,9,121,19.123235,72.855949,25.68,0.0,3,1
E00041276,2026-01-01 05:33:11,V03850,Z004,ENTRY,0,10,82,19.115039,72.861423,25.68,0.0,3,1
E00159528,2026-01-01 05:33:42,V04079,Z010,ENTRY,0,2,41,19.09138,72.898411,25.68,0.0,3,1
E00259124,2026-01-01 05:33:50,V05030,Z015,ENTRY,0,12,116,19.108499,72.916803,25.68,0.0,3,1
E00222122,2026-01-01 05:33:57,V01863,Z014,ENTRY,0,10,121,19.123551,72.855011,25.68,0.0,3,1
E00222123,2026-01-01 05:34:14,V02958,Z014,EXIT,64,9,121,19.124115,72.855075,25.68,0.0,3,1
E00092246,2026-01-01 05:34:16,V05158,Z006,ENTRY,0,14,133,19.044084,72.841206,25.68,0.0,3,1
E00025803,2026-01-01 05:34:16,V00837,Z003,ENTRY,0,15,108,19.093267,72.856624,25.68,0.0,3,1
E00000004,2026-01-01 05:34:34,V04012,Z001,ENTRY,0,4,40,19.061311,72.908043,25.68,0.0,3,1
E00092247,2026-01-01 05:34:34,V02107,Z006,ENTRY,0,15,133,19.042355,72.841392,25.68,0.0,3,1
E00362687,2026-01-01 05:34:36,V01338,Z019,ENTRY,0,9,130,19.034415,72.899005,25.68,0.0,3,1
E00206407,2026-01-01 05:34:36,V00650,Z013,ENTRY,0,7,118,19.132178,72.902552,25.68,0.0,3,1
E00362688,2026-01-01 05:34:41,V01552,Z019,ENTRY,0,10,130,19.035428,72.899784,25.68,0.0,3,1
E00126558,2026-01-01 05:34:42,V00288,Z007,EXIT,101,4,40,19.082613,72.834111,25.68,0.0,3,1
E00222124,2026-01-01 05:35:00,V05687,Z014,EXIT,32,8,121,19.122863,72.854812,25.68,0.0,3,1
E00178679,2026-01-01 05:35:30,V05612,Z012,ENTRY,0,11,147,19.059244,72.917927,25.68,0.0,3,1
E00303100,2026-01-01 05:35:46,V02593,Z016,ENTRY,0,14,124,19.038741,72.915012,25.68,0.0,3,1
E00062778,2026-01-01 05:35:51,V02974,Z005,EXIT,30,12,81,19.069642,72.874296,25.68,0.0,3,1
E00092248,2026-01-01 05:36:08,V00903,Z006,ENTRY,0,16,133,19.042673,72.840439,25.68,0.0,3,1
E00303101,2026-01-01 05:36:11,V04020,Z016,ENTRY,0,15,124,19.038764,72.913524,25.68,0.0,3,1
E00178680,2026-01-01 05:36:13,V03634,Z012,ENTRY,0,12,147,19.058266,72.91686,25.68,0.0,3,1
E00303102,2026-01-01 05:36:41,V03736,Z016,ENTRY,0,16,124,19.03963,72.914512,25.68,0.0,3,1
E00259125,2026-01-01 05:37:15,V04997,Z015,ENTRY,0,13,116,19.109603,72.917293,25.68,0.0,3,1
E00092249,2026-01-01 05:37:20,V04329,Z006,ENTRY,0,17,133,19.0439,72.839962,25.68,0.0,3,1
E00259126,2026-01-01 05:37:43,V01880,Z015,EXIT,22,12,116,19.108482,72.917048,25.68,0.0,3,1
E00178681,2026-01-01 05:37:51,V04670,Z012,EXIT,36,11,147,19.058769,72.917938,25.68,0.0,3,1
E00008425,2026-01-01 05:38:17,V02717,Z002,ENTRY,0,9,122,19.127927,72.933124,25.68,0.0,3,1
E00178682,2026-01-01 05:38:19,V01539,Z012,ENTRY,0,12,147,19.058491,72.916657,25.68,0.0,3,1
E00206408,2026-01-01 05:38:26,V05317,Z013,EXIT,51,6,118,19.132695,72.900881,25.68,0.0,3,1
E00362689,2026-01-01 05:38:27,V01239,Z019,ENTRY,0,11,130,19.034476,72.899166,25.68,0.0,3,1
E00389393,2026-01-01 05:38:33,V01891,Z020,ENTRY,0,15,84,19.098717,72.833507,25.68,0.0,3,1
E00355409,2026-01-01 05:38:41,V04223,Z018,ENTRY,0,3,45,19.022155,72.851841,25.68,0.0,3,1
E00062779,2026-01-01 05:39:11,V05401,Z005,ENTRY,0,13,81,19.068674,72.873599,25.68,0.0,3,1
E00222125,2026-01-01 05:39:21,V04395,Z014,ENTRY,0,9,121,19.123486,72.854363,25.68,0.0,3,1
E00178683,2026-01-01 05:39:23,V02003,Z012,ENTRY,0,13,147,19.058105,72.916874,25.68,0.0,3,1
E00303103,2026-01-01 05:39:26,V03186,Z016,ENTRY,0,17,124,19.03877,72.914518,25.68,0.0,3,1
E00163867,2026-01-01 05:39:48,V04810,Z011,EXIT,127,7,93,19.106773,72.870972,25.68,0.0,3,1
E00259127,2026-01-01 05:39:50,V03518,Z015,ENTRY,0,13,116,19.110247,72.917231,25.68,0.0,3,1
E00159529,2026-01-01 05:40:06,V05422,Z010,ENTRY,0,3,41,19.091686,72.897147,25.68,0.0,3,1
E00389394,2026-01-01 05:40:35,V05302,Z020,ENTRY,0,16,84,19.097339,72.83496,25.68,0.0,3,1
E00303104,2026-01-01 05:40:56,V02290,Z016,ENTRY,0,18,124,19.039561,72.914986,25.68,0.0,3,1
E00062780,2026-01-01 05:41:00,V00110,Z005,ENTRY,0,14,81,19.069324,72.874299,25.68,0.0,3,1
E00178684,2026-01-01 05:41:07,V03764,Z012,ENTRY,0,14,147,19.059408,72.917421,25.68,0.0,3,1
E00206409,2026-01-01 05:41:07,V00914,Z013,ENTRY,0,7,118,19.13325,72.901264,25.68,0.0,3,1
E00342367,2026-01-01 05:41:09,V01600,Z017,ENTRY,0,5,91,19.071888,72.864713,25.68,0.0,3,1
E00025804,2026-01-01 05:41:17,V02820,Z003,ENTRY,0,16,108,19.093667,72.857671,25.68,0.0,3,1
E00025805,2026-01-01 05:41:38,V04935,Z003,ENTRY,0,17,108,19.093527,72.855841,25.68,0.0,3,1
E00041277,2026-01-01 05:41:46,V04645,Z004,EXIT,36,9,82,19.115036,72.861251,25.68,0.0,3,1
E00222126,2026-01-01 05:41:56,V02566,Z014,ENTRY,0,10,121,19.123889,72.855502,25.68,0.0,3,1
E00008426,2026-01-01 05:42:02,V00253,Z002,EXIT,98,8,122,19.127104,72.934602,25.68,0.0,3,1
E00389395,2026-01-01 05:42:13,V04229,Z020,EXIT,39,15,84,19.097478,72.833928,25.68,0.0,3,1
E00062781,2026-01-01 05:42:22,V01056,Z005,EXIT,51,13,81,19.069632,72.873189,25.68,0.0,3,1
E00303105,2026-01-01 05:43:06,V01716,Z016,ENTRY,0,19,124,19.039893,72.914923,25.68,0.0,3,1
E00008427,2026-01-01 05:43:48,V04009,Z002,ENTRY,0,9,122,19.126447,72.933763,25.68,0.0,3,1
E00206410,2026-01-01 05:43:51,V03799,Z013,EXIT,42,6,118,19.131563,72.900761,25.68,0.0,3,1
E00389396,2026-01-01 05:43:59,V00049,Z020,ENTRY,0,16,84,19.097846,72.833973,25.68,0.0,3,1
E00222127,2026-01-01 05:44:08,V02736,Z014,ENTRY,0,11,121,19.122528,72.854406,25.68,0.0,3,1
E00259128,2026-01-01 05:44:13,V01268,Z015,ENTRY,0,14,116,19.109794,72.918558,25.68,0.0,3,1
E00206411,2026-01-01 05:44:20,V04859,Z013,ENTRY,0,7,118,19.132469,72.901963,25.68,0.0,3,1
E00062782,2026-01-01 05:44:57,V04127,Z005,ENTRY,0,14,81,19.069202,72.873954,25.68,0.0,3,1
E00062783,2026-01-01 05:45:09,V05037,Z005,ENTRY,0,15,81,19.070193,72.873772,25.68,0.0,3,1
E00008428,2026-01-01 05:45:09,V01499,Z002,EXIT,43,8,122,19.127079,72.93379,25.68,0.0,3,1
E00303106,2026-01-01 05:45:28,V03845,Z016,ENTRY,0,20,124,19.039805,72.914704,25.68,0.0,3,1
E00303107,2026-01-01 05:45:32,V00303,Z016,EXIT,35,19,124,19.039923,72.915268,25.68,0.0,3,1
E00062784,2026-01-01 05:45:55,V03486,Z005,ENTRY,0,16,81,19.068351,72.874654,25.68,0.0,3,1
E00092250,2026-01-01 05:46:01,V02893,Z006,ENTRY,0,18,133,19.042569,72.840244,25.68,0.0,3,1
E00163868,2026-01-01 05:46:04,V04914,Z011,EXIT,93,6,93,19.10618,72.871016,25.68,0.0,3,1
E00135239,2026-01-01 05:46:09,V01000,Z008,EXIT,30,7,113,19.023494,72.874773,25.68,0.0,3,1
E00062785,2026-01-01 05:46:41,V03174,Z005,EXIT,20,15,81,19.069245,72.874384,25.68,0.0,3,1
E00362690,2026-01-01 05:46:45,V05608,Z019,ENTRY,0,12,130,19.03381,72.899863,25.68,0.0,3,1
E00222128,2026-01-01 05:46:46,V03106,Z014,ENTRY,0,12,121,19.1236,72.855607,25.68,0.0,3,1
E00126559,2026-01-01 05:46:48,V02346,Z007,ENTRY,0,5,40,19.08223,72.833013,25.68,0.0,3,1
E00062786,2026-01-01 05:47:23,V03243,Z005,EXIT,16,14,81,19.069209,72.874239,25.68,0.0,3,1
E00025806,2026-01-01 05:47:29,V01727,Z003,ENTRY,0,18,108,19.092662,72.857024,25.68,0.0,3,1
E00362691,2026-01-01 05:47:35,V01478,Z019,ENTRY,0,13,130,19.034641,72.900113,25.68,0.0,3,1
E00389397,2026-01-01 05:47:35,V03930,Z020,ENTRY,0,17,84,19.09736,72.834035,25.68,0.0,3,1
E00259129,2026-01-01 05:47:58,V01589,Z015,ENTRY,0,15,116,19.10957,72.917707,25.68,0.0,3,1
E00025807,2026-01-01 05:48:26,V04033,Z003,ENTRY,0,19,108,19.094107,72.857474,25.68,0.0,3,1
E00222129,2026-01-01 05:48:36,V05611,Z014,ENTRY,0,13,121,19.122298,72.854452,25.68,0.0,3,1
E00389398,2026-01-01 05:48:45,V01434,Z020,ENTRY,0,18,84,19.098261,72.83383,25.68,0.0,3,1
E00178685,2026-01-01 05:48:50,V01144,Z012,ENTRY,0,15,147,19.05765,72.918073,25.68,0.0,3,1
E00126560,2026-01-01 05:48:59,V03749,Z007,EXIT,37,4,40,19.082491,72.83371,25.68,0.0,3,1
E00355410,2026-01-01 05:49:11,V02186,Z018,ENTRY,0,4,45,19.021148,72.852203,25.68,0.0,3,1
E00135240,2026-01-01 05:49:23,V04064,Z008,ENTRY,0,8,113,19.023976,72.874876,25.68,0.0,3,1
E00222130,2026-01-01 05:49:55,V00817,Z014,ENTRY,0,14,121,19.122802,72.855858,25.68,0.0,3,1
E00041278,2026-01-01 05:50:00,V04376,Z004,EXIT,33,8,82,19.114412,72.861187,25.68,0.0,3,1
E00206412,2026-01-01 05:50:04,V05829,Z013,ENTRY,0,8,118,19.13272,72.900777,25.68,0.0,3,1
E00178686,2026-01-01 05:50:15,V01072,Z012,ENTRY,0,16,147,19.058653,72.918328,25.68,0.0,3,1
E00303108,2026-01-01 05:50:16,V02808,Z016,EXIT,34,18,124,19.038423,72.913767,25.68,0.0,3,1
E00178687,2026-01-01 05:50:37,V03187,Z012,EXIT,44,15,147,19.057873,72.916847,25.68,0.0,3,1
E00092251,2026-01-01 05:50:45,V03705,Z006,ENTRY,0,19,133,19.042821,72.841352,25.68,0.0,3,1
E00041279,2026-01-01 05:50:49,V02760,Z004,ENTRY,0,9,82,19.114857,72.862496,25.68,0.0,3,1
E00259130,2026-01-01 05:51:12,V00155,Z015,ENTRY,0,16,116,19.108759,72.918155,25.68,0.0,3,1
E00362692,2026-01-01 05:51:15,V01573,Z019,ENTRY,0,14,130,19.035419,72.900073,25.68,0.0,3,1
E00362693,2026-01-01 05:51:16,V01560,Z019,ENTRY,0,15,130,19.035467,72.899969,25.68,0.0,3,1
E00062787,2026-01-01 05:51:38,V01547,Z005,ENTRY,0,15,81,19.068404,72.874104,25.68,0.0,3,1
E00008429,2026-01-01 05:51:38,V02019,Z002,ENTRY,0,9,122,19.126856,72.934151,25.68,0.0,3,1
E00092252,2026-01-01 05:52:04,V04906,Z006,EXIT,28,18,133,19.042801,72.839968,25.68,0.0,3,1
E00389399,2026-01-01 05:52:15,V01710,Z020,ENTRY,0,19,84,19.098844,72.833568,25.68,0.0,3,1
E00303109,2026-01-01 05:53:00,V05044,Z016,ENTRY,0,19,124,19.040288,72.913643,25.68,0.0,3,1
E00355411,2026-01-01 05:53:04,V04228,Z018,ENTRY,0,5,45,19.020567,72.851864,25.68,0.0,3,1
E00303110,2026-01-01 05:53:11,V05114,Z016,ENTRY,0,20,124,19.03963,72.914423,25.68,0.0,3,1
E00062788,2026-01-01 05:53:29,V00757,Z005,ENTRY,0,16,81,19.069629,72.874767,25.68,0.0,3,1
E00025808,2026-01-01 05:53:30,V04115,Z003,ENTRY,0,20,108,19.09311,72.857638,25.68,0.0,3,1
E00259131,2026-01-01 05:53:53,V04459,Z015,EXIT,50,15,116,19.109883,72.917691,25.68,0.0,3,1
E00303111,2026-01-01 05:54:12,V04726,Z016,EXIT,52,19,124,19.039519,72.914673,25.68,0.0,3,1
E00303112,2026-01-01 05:54:17,V05547,Z016,ENTRY,0,20,124,19.0395,72.913475,25.68,0.0,3,1
E00222131,2026-01-01 05:54:21,V04078,Z014,ENTRY,0,15,121,19.123856,72.854479,25.68,0.0,3,1
E00008430,2026-01-01 05:54:22,V04225,Z002,ENTRY,0,10,122,19.128,72.934224,25.68,0.0,3,1
E00362694,2026-01-01 05:54:32,V05813,Z019,ENTRY,0,16,130,19.035411,72.898624,25.68,0.0,3,1
E00222132,2026-01-01 05:54:40,V03098,Z014,ENTRY,0,16,121,19.122492,72.854851,25.68,0.0,3,1
E00303113,2026-01-01 05:54:48,V03716,Z016,ENTRY,0,21,124,19.0394,72.914478,25.68,0.0,3,1
E00178688,2026-01-01 05:54:55,V00110,Z012,ENTRY,0,16,147,19.058522,72.916911,25.68,0.0,3,1
E00041280,2026-01-01 05:54:58,V03867,Z004,ENTRY,0,10,82,19.114188,72.863056,25.68,0.0,3,1
E00062789,2026-01-01 05:55:12,V03865,Z005,EXIT,24,15,81,19.068806,72.874671,25.68,0.0,3,1
E00362695,2026-01-01 05:55:14,V03624,Z019,EXIT,48,15,130,19.035271,72.900291,25.68,0.0,3,1
E00222133,2026-01-01 05:55:21,V00816,Z014,ENTRY,0,17,121,19.12304,72.856078,25.68,0.0,3,1
E00062790,2026-01-01 05:55:23,V01777,Z005,EXIT,54,14,81,19.06946,72.873811,25.68,0.0,3,1
E00342368,2026-01-01 05:55:30,V03407,Z017,ENTRY,0,6,91,19.072327,72.86321,25.68,0.0,3,1
E00342369,2026-01-01 05:55:31,V05140,Z017,ENTRY,0,7,91,19.072682,72.864472,25.68,0.0,3,1
E00178689,2026-01-01 05:55:36,V04492,Z012,ENTRY,0,17,147,19.058578,72.918604,25.68,0.0,3,1
E00259132,2026-01-01 05:55:51,V04781,Z015,EXIT,35,14,116,19.108769,72.916921,25.68,0.0,3,1
E00025809,2026-01-01 05:56:21,V00009,Z003,ENTRY,0,21,108,19.093103,72.857684,25.68,0.0,3,1
E00025810,2026-01-01 05:56:26,V03404,Z003,ENTRY,0,22,108,19.092297,72.857555,25.68,0.0,3,1
E00126561,2026-01-01 05:56:29,V04390,Z007,ENTRY,0,5,40,19.083528,72.83302,25.68,0.0,3,1
E00303114,2026-01-01 05:56:30,V04857,Z016,EXIT,54,20,124,19.039252,72.913623,25.68,0.0,3,1
E00062791,2026-01-01 05:56:36,V02995,Z005,ENTRY,0,15,81,19.068774,72.87392,25.68,0.0,3,1
E00342370,2026-01-01 05:56:44,V02814,Z017,EXIT,127,6,91,19.072747,72.863764,25.68,0.0,3,1
E00041281,2026-01-01 05:57:04,V02920,Z004,ENTRY,0,11,82,19.113966,72.862005,25.68,0.0,3,1
E00041282,2026-01-01 05:57:20,V04394,Z004,ENTRY,0,12,82,19.115289,72.862934,25.68,0.0,3,1
E00092253,2026-01-01 05:57:28,V02163,Z006,ENTRY,0,19,133,19.044155,72.840462,25.68,0.0,3,1
E00259133,2026-01-01 05:57:38,V05322,Z015,EXIT,31,13,116,19.110302,72.917773,25.68,0.0,3,1
E00092254,2026-01-01 05:57:45,V02730,Z006,ENTRY,0,20,133,19.043615,72.840472,25.68,0.0,3,1
E00259134,2026-01-01 05:57:53,V01576,Z015,ENTRY,0,14,116,19.109728,72.917757,25.68,0.0,3,1
E00362696,2026-01-01 05:57:54,V00849,Z019,ENTRY,0,16,130,19.034892,72.899549,25.68,0.0,3,1
E00389400,2026-01-01 05:58:02,V04492,Z020,ENTRY,0,20,84,19.097429,72.833536,25.68,0.0,3,1
E00135241,2026-01-01 05:58:05,V00032,Z008,ENTRY,0,9,113,19.023579,72.874802,25.68,0.0,3,1
E00062792,2026-01-01 05:58:13,V05188,Z005,ENTRY,0,16,81,19.069795,72.873515,25.68,0.0,3,1
E00303115,2026-01-01 05:58:29,V00694,Z016,EXIT,32,19,124,19.039933,72.915114,25.68,0.0,3,1
E00206413,2026-01-01 05:58:37,V03909,Z013,EXIT,155,7,118,19.132686,72.901554,25.68,0.0,3,1
E00159530,2026-01-01 05:58:51,V00952,Z010,ENTRY,0,4,41,19.091639,72.898163,25.68,0.0,3,1
E00008431,2026-01-01 05:58:55,V02708,Z002,ENTRY,0,11,122,19.128181,72.934563,25.68,0.0,3,1
E00163869,2026-01-01 05:59:27,V01730,Z011,ENTRY,0,7,93,19.107515,72.8696,25.68,0.0,3,1
E00222134,2026-01-01 05:59:31,V00989,Z014,EXIT,56,16,121,19.124004,72.855615,25.68,0.0,3,1
E00222135,2026-01-01 05:59:43,V05284,Z014,ENTRY,0,17,121,19.122364,72.855803,25.68,0.0,3,1
E00222136,2026-01-01 05:59:53,V01741,Z014,EXIT,43,16,121,19.123219,72.855441,25.68,0.0,3,1
E00178690,2026-01-01 06:00:44,V02711,Z012,ENTRY,0,18,147,19.058812,72.91717,25.68,0.0,3,1
E00362697,2026-01-01 06:00:53,V04947,Z019,ENTRY,0,17,130,19.034639,72.899466,25.68,0.0,3,1
E00259135,2026-01-01 06:01:00,V04735,Z015,EXIT,42,13,116,19.108991,72.917622,25.68,0.0,3,1
E00008432,2026-01-01 06:01:02,V04376,Z002,EXIT,31,10,122,19.127573,72.933723,25.68,0.0,3,1
E00178691,2026-01-01 06:01:05,V05156,Z012,ENTRY,0,19,147,19.059003,72.917627,25.68,0.0,3,1
E00025811,2026-01-01 06:01:11,V00126,Z003,EXIT,148,21,108,19.093748,72.857532,25.68,0.0,3,1
E00222137,2026-01-01 06:01:20,V02550,Z014,ENTRY,0,17,121,19.122789,72.856101,25.68,0.0,3,1
E00303116,2026-01-01 06:01:25,V05543,Z016,ENTRY,0,20,124,19.038782,72.913582,25.68,0.0,3,1
E00342371,2026-01-01 06:01:33,V00578,Z017,ENTRY,0,7,91,19.071786,72.864624,25.68,0.0,3,1
E00041283,2026-01-01 06:01:39,V03539,Z004,ENTRY,0,13,82,19.114311,72.861979,25.68,0.0,3,1
E00222138,2026-01-01 06:01:54,V04647,Z014,EXIT,50,16,121,19.122611,72.855823,25.68,0.0,3,1
E00062793,2026-01-01 06:02:02,V01802,Z005,EXIT,40,15,81,19.070176,72.873277,25.68,0.0,3,1
E00259136,2026-01-01 06:02:03,V04164,Z015,EXIT,32,12,116,19.109167,72.917226,25.68,0.0,3,1
E00092255,2026-01-01 06:02:04,V04552,Z006,EXIT,57,19,133,19.043309,72.840929,25.68,0.0,3,1
E00062794,2026-01-01 06:02:06,V04714,Z005,ENTRY,0,16,81,19.070054,72.874044,25.68,0.0,3,1
E00178692,2026-01-01 06:02:17,V03925,Z012,ENTRY,0,20,147,19.058721,72.918478,25.68,0.0,3,1
E00062795,2026-01-01 06:02:34,V03380,Z005,EXIT,42,15,81,19.068901,72.874419,25.68,0.0,3,1
E00222139,2026-01-01 06:02:48,V04494,Z014,ENTRY,0,17,121,19.124086,72.855882,25.68,0.0,3,1
E00259137,2026-01-01 06:02:50,V02394,Z015,ENTRY,0,13,116,19.11032,72.918112,25.68,0.0,3,1
E00041284,2026-01-01 06:02:56,V02132,Z004,EXIT,46,12,82,19.113987,72.86216,25.68,0.0,3,1
E00342372,2026-01-01 06:03:01,V00634,Z017,ENTRY,0,8,91,19.072155,72.864073,25.68,0.0,3,1
E00303117,2026-01-01 06:03:09,V01165,Z016,ENTRY,0,21,124,19.039813,72.914811,25.68,0.0,3,1
E00000005,2026-01-01 06:03:10,V02984,Z001,EXIT,40,3,40,19.061272,72.907454,25.68,0.0,3,1
E00222140,2026-01-01 06:03:24,V05125,Z014,ENTRY,0,18,121,19.123675,72.856129,25.68,0.0,3,1
E00092256,2026-01-01 06:03:25,V03698,Z006,EXIT,31,18,133,19.042629,72.840408,25.68,0.0,3,1
E00259138,2026-01-01 06:03:31,V05338,Z015,EXIT,42,12,116,19.108411,72.917884,25.68,0.0,3,1
E00062796,2026-01-01 06:03:38,V01860,Z005,ENTRY,0,16,81,19.06895,72.873666,25.68,0.0,3,1
E00092257,2026-01-01 06:03:42,V01226,Z006,ENTRY,0,19,133,19.042718,72.839791,25.68,0.0,3,1
E00135242,2026-01-01 06:03:51,V01323,Z008,ENTRY,0,10,113,19.023813,72.875242,25.68,0.0,3,1
E00206414,2026-01-01 06:04:08,V03226,Z013,ENTRY,0,8,118,19.132204,72.901123,25.68,0.0,3,1
E00000006,2026-01-01 06:04:09,V02297,Z001,ENTRY,0,4,40,19.061248,72.907134,25.68,0.0,3,1
E00222141,2026-01-01 06:04:09,V02211,Z014,EXIT,34,17,121,19.122566,72.854436,25.68,0.0,3,1
E00025812,2026-01-01 06:04:15,V01133,Z003,ENTRY,0,22,108,19.093695,72.856886,25.68,0.0,3,1
E00008433,2026-01-01 06:04:42,V02139,Z002,ENTRY,0,11,122,19.127482,72.933261,25.68,0.0,3,1
E00206415,2026-01-01 06:04:43,V00515,Z013,ENTRY,0,9,118,19.133073,72.902066,25.68,0.0,3,1
E00178693,2026-01-01 06:04:48,V01884,Z012,ENTRY,0,21,147,19.057797,72.917543,25.68,0.0,3,1
E00025813,2026-01-01 06:04:52,V04642,Z003,ENTRY,0,23,108,19.093948,72.856606,25.68,0.0,3,1
E00362698,2026-01-01 06:05:03,V04482,Z019,ENTRY,0,18,130,19.03498,72.899019,25.68,0.0,3,1
E00135243,2026-01-01 06:05:19,V05620,Z008,ENTRY,0,11,113,19.02327,72.874728,25.68,0.0,3,1
E00362699,2026-01-01 06:05:22,V05140,Z019,EXIT,34,17,130,19.033516,72.898732,25.68,0.0,3,1
E00092258,2026-01-01 06:06:01,V03749,Z006,ENTRY,0,20,133,19.043622,72.841426,25.68,0.0,3,1
E00303118,2026-01-01 06:06:09,V05835,Z016,ENTRY,0,22,124,19.039124,72.914485,25.68,0.0,3,1
E00000007,2026-01-01 06:06:35,V04806,Z001,ENTRY,0,5,40,19.059707,72.90687,25.68,0.0,3,1
E00259139,2026-01-01 06:06:48,V00217,Z015,ENTRY,0,13,116,19.109144,72.916866,25.68,0.0,3,1
E00342373,2026-01-01 06:07:20,V04441,Z017,ENTRY,0,9,91,19.071336,72.863888,25.68,0.0,3,1
E00159531,2026-01-01 06:07:30,V03370,Z010,ENTRY,0,5,41,19.091219,72.898101,25.68,0.0,3,1
E00303119,2026-01-01 06:07:48,V04511,Z016,ENTRY,0,23,124,19.039555,72.913916,25.68,0.0,3,1
E00092259,2026-01-01 06:07:50,V00498,Z006,EXIT,57,19,133,19.042516,72.839635,25.68,0.0,3,1
E00092260,2026-01-01 06:07:53,V00675,Z006,EXIT,46,18,133,19.04292,72.8413,25.68,0.0,3,1
E00303120,2026-01-01 06:07:53,V00029,Z016,ENTRY,0,24,124,19.039371,72.913561,25.68,0.0,3,1
E00062797,2026-01-01 06:08:14,V03821,Z005,ENTRY,0,17,81,19.069296,72.874796,25.68,0.0,3,1
E00126562,2026-01-01 06:08:27,V00923,Z007,ENTRY,0,6,40,19.082411,72.834111,25.68,0.0,3,1
E00362700,2026-01-01 06:08:36,V01338,Z019,EXIT,34,16,130,19.035293,72.898952,25.68,0.0,3,1
E00135244,2026-01-01 06:08:55,V03464,Z008,EXIT,38,10,113,19.02441,72.875706,25.68,0.0,3,1
E00259140,2026-01-01 06:09:04,V04461,Z015,ENTRY,0,14,116,19.109363,72.917737,25.68,0.0,3,1
E00092261,2026-01-01 06:09:14,V04218,Z006,ENTRY,0,19,133,19.042618,72.840956,25.68,0.0,3,1
E00362701,2026-01-01 06:09:27,V01074,Z019,EXIT,80,15,130,19.033811,72.899553,25.68,0.0,3,1
E00041285,2026-01-01 06:09:31,V03263,Z004,ENTRY,0,13,82,19.115568,72.863062,25.68,0.0,3,1
E00163870,2026-01-01 06:09:38,V05381,Z011,EXIT,45,6,93,19.106403,72.869777,25.68,0.0,3,1
E00163871,2026-01-01 06:09:44,V00328,Z011,EXIT,61,5,93,19.107112,72.870383,25.68,0.0,3,1
E00222142,2026-01-01 06:09:47,V03156,Z014,ENTRY,0,18,121,19.123255,72.854263,25.68,0.0,3,1
E00062798,2026-01-01 06:09:57,V04127,Z005,EXIT,25,16,81,19.068244,72.874623,25.68,0.0,3,1
E00342374,2026-01-01 06:10:23,V00092,Z017,ENTRY,0,10,91,19.072297,72.86385,25.68,0.0,3,1
E00303121,2026-01-01 06:10:40,V05484,Z016,ENTRY,0,25,124,19.03862,72.913893,25.68,0.0,3,1
E00303122,2026-01-01 06:11:01,V05122,Z016,EXIT,40,24,124,19.040081,72.914735,25.68,0.0,3,1
E00178694,2026-01-01 06:11:12,V03100,Z012,ENTRY,0,22,147,19.058143,72.918307,25.68,0.0,3,1
E00178695,2026-01-01 06:11:20,V01600,Z012,ENTRY,0,23,147,19.058962,72.91818,25.68,0.0,3,1
E00062799,2026-01-01 06:11:31,V00543,Z005,ENTRY,0,17,81,19.068404,72.875045,25.68,0.0,3,1
E00362702,2026-01-01 06:11:32,V03736,Z019,ENTRY,0,16,130,19.035047,72.898909,25.68,0.0,3,1
E00206416,2026-01-01 06:11:38,V01200,Z013,ENTRY,0,10,118,19.132941,72.90104,25.68,0.0,3,1
E00092262,2026-01-01 06:11:41,V00337,Z006,EXIT,70,18,133,19.043586,72.840156,25.68,0.0,3,1
E00259141,2026-01-01 06:12:26,V04001,Z015,ENTRY,0,15,116,19.109457,72.917727,25.68,0.0,3,1
E00062800,2026-01-01 06:12:31,V01679,Z005,EXIT,62,16,81,19.070091,72.874806,25.68,0.0,3,1
E00025814,2026-01-01 06:12:38,V02545,Z003,ENTRY,0,24,108,19.092488,72.857128,25.68,0.0,3,1
E00222143,2026-01-01 06:12:38,V01360,Z014,EXIT,41,17,121,19.124158,72.854209,25.68,0.0,3,1
E00008434,2026-01-01 06:12:38,V04077,Z002,EXIT,63,10,122,19.1282,72.934576,25.68,0.0,3,1
E00008435,2026-01-01 06:12:42,V05438,Z002,ENTRY,0,11,122,19.128195,72.934325,25.68,0.0,3,1
E00362703,2026-01-01 06:12:45,V04650,Z019,ENTRY,0,17,130,19.035217,72.900087,25.68,0.0,3,1
E00303123,2026-01-01 06:12:46,V02593,Z016,EXIT,37,23,124,19.039279,72.914177,25.68,0.0,3,1
E00041286,2026-01-01 06:12:49,V00182,Z004,EXIT,46,12,82,19.115689,72.862821,25.68,0.0,3,1
E00008436,2026-01-01 06:13:06,V01047,Z002,ENTRY,0,12,122,19.126788,72.934386,25.68,0.0,3,1
E00303124,2026-01-01 06:13:07,V02044,Z016,EXIT,42,22,124,19.038555,72.913503,25.68,0.0,3,1
E00259142,2026-01-01 06:13:10,V02868,Z015,ENTRY,0,16,116,19.10851,72.91772,25.68,0.0,3,1
E00008437,2026-01-01 06:13:10,V04125,Z002,ENTRY,0,13,122,19.126533,72.933547,25.68,0.0,3,1
E00126563,2026-01-01 06:13:32,V04494,Z007,EXIT,70,5,40,19.081762,72.833217,25.68,0.0,3,1
E00389401,2026-01-01 06:13:42,V05996,Z020,EXIT,52,19,84,19.098404,72.83389,25.68,0.0,3,1
E00259143,2026-01-01 06:13:47,V04587,Z015,ENTRY,0,17,116,19.110014,72.916838,25.68,0.0,3,1
E00062801,2026-01-01 06:14:09,V01859,Z005,ENTRY,0,17,81,19.068447,72.873064,25.68,0.0,3,1
E00362704,2026-01-01 06:14:16,V01560,Z019,EXIT,23,16,130,19.035199,72.898922,25.68,0.0,3,1
E00206417,2026-01-01 06:14:25,V03124,Z013,ENTRY,0,11,118,19.13317,72.902233,25.68,0.0,3,1
E00259144,2026-01-01 06:14:30,V01641,Z015,ENTRY,0,18,116,19.109339,72.91853,25.68,0.0,3,1
E00178696,2026-01-01 06:14:41,V01654,Z012,ENTRY,0,24,147,19.059179,72.916815,25.68,0.0,3,1
E00362705,2026-01-01 06:14:42,V03915,Z019,ENTRY,0,17,130,19.035315,72.898936,25.68,0.0,3,1
E00008438,2026-01-01 06:14:58,V04273,Z002,ENTRY,0,14,122,19.127078,72.933797,25.68,0.0,3,1
E00178697,2026-01-01 06:15:07,V05557,Z012,ENTRY,0,25,147,19.059156,72.916846,25.68,0.0,3,1
E00303125,2026-01-01 06:15:08,V04319,Z016,ENTRY,0,23,124,19.039937,72.913706,25.68,0.0,3,1
E00163872,2026-01-01 06:15:11,V02454,Z011,EXIT,63,4,93,19.106867,72.870103,25.68,0.0,3,1
E00389402,2026-01-01 06:15:26,V00808,Z020,EXIT,55,18,84,19.097204,72.835376,25.68,0.0,3,1
E00259145,2026-01-01 06:15:29,V00358,Z015,EXIT,55,17,116,19.108853,72.918298,25.68,0.0,3,1
E00303126,2026-01-01 06:15:35,V00549,Z016,ENTRY,0,24,124,19.039447,72.914037,25.68,0.0,3,1
E00389403,2026-01-01 06:16:21,V00079,Z020,EXIT,67,17,84,19.098904,72.834328,25.68,0.0,3,1
E00362706,2026-01-01 06:16:42,V01963,Z019,ENTRY,0,18,130,19.033533,72.898862,25.68,0.0,3,1
E00025815,2026-01-01 06:16:44,V00225,Z003,ENTRY,0,25,108,19.094258,72.857621,25.68,0.0,3,1
E00259146,2026-01-01 06:16:59,V00843,Z015,EXIT,74,16,116,19.109697,72.918227,25.68,0.0,3,1
E00303127,2026-01-01 06:17:26,V05580,Z016,EXIT,71,23,124,19.039535,72.915026,25.68,0.0,3,1
E00303128,2026-01-01 06:17:41,V03736,Z016,EXIT,41,22,124,19.039796,72.914705,25.68,0.0,3,1
E00222144,2026-01-01 06:17:43,V03684,Z014,EXIT,58,16,121,19.123998,72.855115,25.68,0.0,3,1
E00000008,2026-01-01 06:17:54,V03282,Z001,ENTRY,0,6,40,19.059743,72.907807,25.68,0.0,3,1
E00389404,2026-01-01 06:17:59,V05559,Z020,ENTRY,0,18,84,19.097232,72.833714,25.68,0.0,3,1
E00342375,2026-01-01 06:18:04,V03980,Z017,ENTRY,0,11,91,19.072321,72.863614,25.68,0.0,3,1
E00206418,2026-01-01 06:18:10,V02456,Z013,ENTRY,0,12,118,19.133445,72.902698,25.68,0.0,3,1
E00092263,2026-01-01 06:18:12,V05418,Z006,ENTRY,0,19,133,19.044069,72.840349,25.68,0.0,3,1
E00362707,2026-01-01 06:18:15,V04512,Z019,EXIT,74,17,130,19.033798,72.89948,25.68,0.0,3,1
E00025816,2026-01-01 06:18:19,V02996,Z003,ENTRY,0,26,108,19.093835,72.856997,25.68,0.0,3,1
E00163873,2026-01-01 06:18:25,V05509,Z011,ENTRY,0,5,93,19.106761,72.871043,25.68,0.0,3,1
E00008439,2026-01-01 06:18:36,V01639,Z002,ENTRY,0,15,122,19.126883,72.933485,25.68,0.0,3,1
E00362708,2026-01-01 06:18:41,V01552,Z019,EXIT,44,16,130,19.035369,72.899506,25.68,0.0,3,1
E00362709,2026-01-01 06:18:44,V00893,Z019,ENTRY,0,17,130,19.034369,72.90006,25.68,0.0,3,1
E00342376,2026-01-01 06:18:46,V02569,Z017,ENTRY,0,12,91,19.072151,72.863551,25.68,0.0,3,1
E00041287,2026-01-01 06:19:03,V04874,Z004,ENTRY,0,13,82,19.114673,72.861632,25.68,0.0,3,1
E00062802,2026-01-01 06:19:03,V02459,Z005,EXIT,62,16,81,19.068709,72.874359,25.68,0.0,3,1
E00041288,2026-01-01 06:19:15,V04340,Z004,ENTRY,0,14,82,19.115685,72.862701,25.68,0.0,3,1
E00178698,2026-01-01 06:19:23,V02003,Z012,EXIT,40,24,147,19.058017,72.91697,25.68,0.0,3,1
E00222145,2026-01-01 06:19:35,V01399,Z014,ENTRY,0,17,121,19.122511,72.854538,25.68,0.0,3,1
E00008440,2026-01-01 06:19:51,V03517,Z002,ENTRY,0,16,122,19.126798,72.933933,25.68,0.0,3,1
E00092264,2026-01-01 06:20:07,V03145,Z006,ENTRY,0,20,133,19.043206,72.840326,25.68,0.0,3,1
E00062803,2026-01-01 06:20:09,V05037,Z005,EXIT,35,15,81,19.070016,72.873734,25.68,0.0,3,1
E00206419,2026-01-01 06:20:58,V00268,Z013,ENTRY,0,13,118,19.132259,72.900879,25.68,0.0,3,1
E00159532,2026-01-01 06:21:00,V00283,Z010,ENTRY,0,6,41,19.090848,72.898685,25.68,0.0,3,1
E00259147,2026-01-01 06:21:22,V04037,Z015,ENTRY,0,17,116,19.109903,72.918478,25.68,0.0,3,1
E00303129,2026-01-01 06:21:43,V00500,Z016,EXIT,64,21,124,19.038503,72.913856,25.68,0.0,3,1
E00259148,2026-01-01 06:21:50,V05030,Z015,EXIT,48,16,116,19.109486,72.918438,25.68,0.0,3,1
E00355412,2026-01-01 06:21:51,V03633,Z018,ENTRY,0,6,45,19.021443,72.851454,25.68,0.0,3,1
E00389405,2026-01-01 06:21:52,V02668,Z020,EXIT,62,17,84,19.097691,72.833594,25.68,0.0,3,1
E00092265,2026-01-01 06:21:54,V04748,Z006,ENTRY,0,21,133,19.043928,72.840744,25.68,0.0,3,1
E00303130,2026-01-01 06:22:11,V04020,Z016,EXIT,46,20,124,19.039077,72.914135,25.68,0.0,3,1
E00389406,2026-01-01 06:22:21,V05122,Z020,EXIT,76,16,84,19.097278,72.833705,25.68,0.0,3,1
E00092266,2026-01-01 06:22:22,V03245,Z006,ENTRY,0,22,133,19.043006,72.840783,25.68,0.0,3,1
E00000009,2026-01-01 06:22:51,V05341,Z001,ENTRY,0,7,40,19.061404,72.907922,25.68,0.0,3,1
E00041289,2026-01-01 06:22:52,V04900,Z004,ENTRY,0,15,82,19.115496,72.862038,25.68,0.0,3,1
E00259149,2026-01-01 06:23:10,V02910,Z015,EXIT,51,15,116,19.110055,72.917696,25.68,0.0,3,1
E00025817,2026-01-01 06:23:16,V04885,Z003,ENTRY,0,27,108,19.092854,72.857309,25.68,0.0,3,1
E00362710,2026-01-01 06:23:17,V03355,Z019,ENTRY,0,18,130,19.035326,72.899983,25.68,0.0,3,1
E00206420,2026-01-01 06:23:19,V04656,Z013,ENTRY,0,14,118,19.132138,72.900936,25.68,0.0,3,1
E00092267,2026-01-01 06:23:24,V01605,Z006,ENTRY,0,23,133,19.042435,72.840896,25.68,0.0,3,1
E00303131,2026-01-01 06:23:26,V03186,Z016,EXIT,44,19,124,19.038944,72.913911,25.68,0.0,3,1
E00041290,2026-01-01 06:23:28,V01490,Z004,EXIT,52,14,82,19.115708,72.862652,25.68,0.0,3,1
E00062804,2026-01-01 06:23:56,V01212,Z005,ENTRY,0,16,81,19.068903,72.873793,25.68,0.0,3,1
E00259150,2026-01-01 06:24:15,V04997,Z015,EXIT,47,14,116,19.108878,72.916752,25.68,0.0,3,1
E00222146,2026-01-01 06:24:21,V04395,Z014,EXIT,45,16,121,19.123608,72.855009,25.68,0.0,3,1
E00178699,2026-01-01 06:24:44,V00252,Z012,ENTRY,0,25,147,19.058803,72.916888,25.68,0.0,3,1
E00303132,2026-01-01 06:24:48,V03716,Z016,EXIT,30,18,124,19.03843,72.91509,25.68,0.0,3,1
E00206421,2026-01-01 06:24:51,V01720,Z013,EXIT,205,13,118,19.132485,72.901668,25.68,0.0,3,1
E00303133,2026-01-01 06:25:11,V02514,Z016,ENTRY,0,19,124,19.03935,72.914554,25.68,0.0,3,1
E00259151,2026-01-01 06:25:12,V00155,Z015,EXIT,34,13,116,19.109269,72.917841,25.68,0.0,3,1
E00222147,2026-01-01 06:25:13,V00250,Z014,ENTRY,0,17,121,19.123997,72.854867,25.68,0.0,3,1
E00062805,2026-01-01 06:25:38,V01860,Z005,EXIT,22,15,81,19.068621,72.873151,25.68,0.0,3,1
E00206422,2026-01-01 06:25:40,V01379,Z013,EXIT,75,12,118,19.133054,72.902104,25.68,0.0,3,1
E00259152,2026-01-01 06:26:15,V05162,Z015,ENTRY,0,14,116,19.109532,72.917905,25.68,0.0,3,1
E00206423,2026-01-01 06:26:49,V03240,Z013,ENTRY,0,13,118,19.13271,72.901624,25.68,0.0,3,1
E00259153,2026-01-01 06:26:50,V03518,Z015,EXIT,47,13,116,19.109005,72.916758,25.68,0.0,3,1
E00222148,2026-01-01 06:26:56,V02566,Z014,EXIT,45,16,121,19.122735,72.854885,25.68,0.0,3,1
E00342377,2026-01-01 06:27:05,V02992,Z017,ENTRY,0,13,91,19.071772,72.865111,25.68,0.0,3,1
E00000010,2026-01-01 06:27:13,V02014,Z001,ENTRY,0,8,40,19.059694,72.906194,25.68,0.0,3,1
E00178700,2026-01-01 06:27:14,V05945,Z012,ENTRY,0,26,147,19.058382,72.917141,25.68,0.0,3,1
E00008441,2026-01-01 06:27:38,V02019,Z002,EXIT,36,15,122,19.127798,72.933539,25.68,0.0,3,1
E00025818,2026-01-01 06:27:46,V04338,Z003,ENTRY,0,28,108,19.092954,72.856083,25.68,0.0,3,1
E00303134,2026-01-01 06:28:11,V02587,Z016,ENTRY,0,20,124,19.038459,72.914188,25.68,0.0,3,1
E00222149,2026-01-01 06:28:20,V02550,Z014,EXIT,27,15,121,19.123453,72.855795,25.68,0.0,3,1
E00259154,2026-01-01 06:28:26,V02917,Z015,ENTRY,0,14,116,19.110345,72.917091,25.68,0.0,3,1
E00303135,2026-01-01 06:28:28,V03845,Z016,EXIT,43,19,124,19.040187,72.913821,25.68,0.0,3,1
E00178701,2026-01-01 06:28:34,V00346,Z012,ENTRY,0,27,147,19.059508,72.916647,25.68,0.0,3,1
E00041291,2026-01-01 06:28:38,V00871,Z004,ENTRY,0,15,82,19.115603,72.862424,25.68,0.0,3,1
E00389407,2026-01-01 06:28:45,V01434,Z020,EXIT,40,15,84,19.097303,72.834498,25.68,0.0,3,1
E00206424,2026-01-01 06:28:47,V03055,Z013,ENTRY,0,14,118,19.131906,72.901095,25.68,0.0,3,1
E00389408,2026-01-01 06:28:54,V02982,Z020,ENTRY,0,16,84,19.097875,72.835121,25.68,0.0,3,1
E00206425,2026-01-01 06:29:05,V01468,Z013,ENTRY,0,15,118,19.132691,72.901243,25.68,0.0,3,1
E00092268,2026-01-01 06:29:13,V01745,Z006,ENTRY,0,24,133,19.042376,72.840143,25.68,0.0,3,1
E00303136,2026-01-01 06:29:22,V01008,Z016,ENTRY,0,20,124,19.0389,72.914528,25.68,0.0,3,1
E00222150,2026-01-01 06:29:26,V01653,Z014,ENTRY,0,16,121,19.123799,72.854782,25.68,0.0,3,1
E00222151,2026-01-01 06:29:30,V00975,Z014,ENTRY,0,17,121,19.122304,72.855373,25.68,0.0,3,1
E00062806,2026-01-01 06:29:31,V00543,Z005,EXIT,18,14,81,19.069024,72.873813,25.68,0.0,3,1
E00303137,2026-01-01 06:29:31,V05298,Z016,ENTRY,0,21,124,19.039909,72.914046,25.68,0.0,3,1
E00126564,2026-01-01 06:29:31,V01664,Z007,ENTRY,0,6,40,19.083497,72.832404,25.68,0.0,3,1
E00092269,2026-01-01 06:29:53,V05439,Z006,ENTRY,0,25,133,19.044171,72.840505,25.68,0.0,3,1
E00303138,2026-01-01 06:29:56,V02290,Z016,EXIT,49,20,124,19.038572,72.914157,25.68,0.0,3,1
E00062807,2026-01-01 06:30:00,V00110,Z005,EXIT,49,13,81,19.068952,72.874212,25.68,0.0,3,1
E00303139,2026-01-01 06:30:02,V03055,Z016,ENTRY,0,21,124,19.040211,72.913875,25.68,0.0,3,1
E00389409,2026-01-01 06:30:06,V04271,Z020,ENTRY,0,17,84,19.097758,72.834209,25.68,0.0,3,1
E00303140,2026-01-01 06:30:06,V01716,Z016,EXIT,47,20,124,19.040201,72.913495,25.68,0.0,3,1
E00025819,2026-01-01 06:30:16,V03144,Z003,EXIT,64,27,108,19.094088,72.856134,25.68,0.0,3,1
E00222152,2026-01-01 06:30:17,V05541,Z014,ENTRY,0,18,121,19.123423,72.854533,25.68,0.0,3,1
E00389410,2026-01-01 06:30:22,V02340,Z020,ENTRY,0,18,84,19.097163,72.834899,25.68,0.0,3,1
E00062808,2026-01-01 06:30:29,V00757,Z005,EXIT,37,12,81,19.070033,72.873612,25.68,0.0,3,1
E00259155,2026-01-01 06:30:33,V02315,Z015,ENTRY,0,15,116,19.10994,72.918307,25.68,0.0,3,1
E00259156,2026-01-01 06:30:40,V05191,Z015,EXIT,76,14,116,19.109942,72.91685,25.68,0.0,3,1
E00092270,2026-01-01 06:30:59,V03419,Z006,ENTRY,0,26,133,19.043659,72.840597,25.68,0.0,3,1
E00342378,2026-01-01 06:31:10,V05390,Z017,ENTRY,0,14,91,19.072129,72.863245,25.68,0.0,3,1
E00178702,2026-01-01 06:31:27,V01487,Z012,EXIT,81,26,147,19.058969,72.917916,25.68,0.0,3,1
E00259157,2026-01-01 06:31:30,V01641,Z015,EXIT,17,13,116,19.109635,72.917699,25.68,0.0,3,1
E00000011,2026-01-01 06:31:35,V04806,Z001,EXIT,25,7,40,19.06025,72.907112,25.68,0.0,3,1
E00041292,2026-01-01 06:31:38,V00721,Z004,ENTRY,0,16,82,19.115185,72.862647,25.68,0.0,3,1
E00342379,2026-01-01 06:31:39,V05499,Z017,EXIT,90,13,91,19.072142,72.863238,25.68,0.0,3,1
E00062809,2026-01-01 06:31:39,V01891,Z005,ENTRY,0,13,81,19.069079,72.874834,25.68,0.0,3,1
E00062810,2026-01-01 06:31:41,V03132,Z005,ENTRY,0,14,81,19.069391,72.874573,25.68,0.0,3,1
E00008442,2026-01-01 06:31:44,V03166,Z002,ENTRY,0,16,122,19.127261,72.933154,25.68,0.0,3,1
E00092271,2026-01-01 06:31:45,V03705,Z006,EXIT,41,25,133,19.044268,72.840654,25.68,0.0,3,1
E00092272,2026-01-01 06:31:46,V04133,Z006,EXIT,90,24,133,19.043235,72.840575,25.68,0.0,3,1
E00041293,2026-01-01 06:31:49,V05565,Z004,ENTRY,0,17,82,19.115432,72.862298,25.68,0.0,3,1
E00303141,2026-01-01 06:31:52,V02856,Z016,ENTRY,0,21,124,19.039601,72.913991,25.68,0.0,3,1
E00135245,2026-01-01 06:32:09,V03231,Z008,EXIT,180,9,113,19.022836,72.874895,25.68,0.0,3,1
E00092273,2026-01-01 06:32:46,V01951,Z006,ENTRY,0,25,133,19.044254,72.840249,25.68,0.0,3,1
E00041294,2026-01-01 06:32:58,V05379,Z004,EXIT,69,16,82,19.115028,72.862236,25.68,0.0,3,1
E00092274,2026-01-01 06:33:16,V05158,Z006,EXIT,59,24,133,19.043556,72.841185,25.68,0.0,3,1
E00362711,2026-01-01 06:33:20,V00364,Z019,EXIT,69,17,130,19.03487,72.899653,25.68,0.0,3,1
E00389411,2026-01-01 06:33:25,V02237,Z020,ENTRY,0,19,84,19.098102,72.834608,25.68,0.0,3,1
E00303142,2026-01-01 06:33:25,V05543,Z016,EXIT,32,20,124,19.039357,72.914143,25.68,0.0,3,1
E00092275,2026-01-01 06:33:27,V02204,Z006,EXIT,72,23,133,19.042924,72.840111,25.68,0.0,3,1
E00259158,2026-01-01 06:33:27,V01931,Z015,ENTRY,0,14,116,19.109967,72.918244,25.68,0.0,3,1
E00025820,2026-01-01 06:33:49,V00693,Z003,ENTRY,0,28,108,19.093087,72.857663,25.68,0.0,3,1
E00008443,2026-01-01 06:34:34,V05512,Z002,ENTRY,0,17,122,19.126882,72.933874,25.68,0.0,3,1
E00092276,2026-01-01 06:34:34,V02107,Z006,EXIT,60,22,133,19.0428,72.841007,25.68,0.0,3,1
E00389412,2026-01-01 06:34:35,V03930,Z020,EXIT,47,18,84,19.097084,72.835396,25.68,0.0,3,1
E00135246,2026-01-01 06:34:36,V00999,Z008,ENTRY,0,10,113,19.0234,72.874908,25.68,0.0,3,1
E00092277,2026-01-01 06:34:39,V01762,Z006,ENTRY,0,23,133,19.04282,72.839793,25.68,0.0,3,1
E00362712,2026-01-01 06:34:59,V03379,Z019,ENTRY,0,18,130,19.035184,72.900093,25.68,0.0,3,1
E00062811,2026-01-01 06:35:09,V01336,Z005,ENTRY,0,15,81,19.069229,72.87472,25.68,0.0,3,1
E00159533,2026-01-01 06:35:13,V00209,Z010,EXIT,77,5,41,19.092028,72.898104,25.68,0.0,3,1
E00303143,2026-01-01 06:35:47,V05510,Z016,ENTRY,0,21,124,19.039286,72.914787,25.68,0.0,3,1
E00222153,2026-01-01 06:36:02,V02088,Z014,ENTRY,0,19,121,19.12417,72.855348,25.68,0.0,3,1
E00178703,2026-01-01 06:36:30,V05612,Z012,EXIT,61,25,147,19.05914,72.917581,25.68,0.0,3,1
E00092278,2026-01-01 06:36:30,V05858,Z006,EXIT,77,22,133,19.042632,72.840494,25.68,0.0,3,1
E00092279,2026-01-01 06:36:36,V01965,Z006,ENTRY,0,23,133,19.042485,72.839921,25.68,0.0,3,1
E00135247,2026-01-01 06:37:01,V04275,Z008,ENTRY,0,11,113,19.022721,72.874765,25.68,0.0,3,1
E00178704,2026-01-01 06:37:06,V04689,Z012,ENTRY,0,26,147,19.059159,72.918481,25.68,0.0,3,1
E00342380,2026-01-01 06:37:13,V03601,Z017,ENTRY,0,14,91,19.071413,72.864172,25.68,0.0,3,1
E00303144,2026-01-01 06:37:27,V04259,Z016,ENTRY,0,22,124,19.040094,72.914429,25.68,0.0,3,1
E00041295,2026-01-01 06:37:28,V02934,Z004,EXIT,105,15,82,19.114061,72.862717,25.68,0.0,3,1
E00342381,2026-01-01 06:37:31,V05140,Z017,EXIT,42,13,91,19.072095,72.863465,25.68,0.0,3,1
E00008444,2026-01-01 06:37:53,V00344,Z002,ENTRY,0,18,122,19.127113,72.933538,25.68,0.0,3,1
E00062812,2026-01-01 06:38:06,V03762,Z005,EXIT,68,14,81,19.069636,72.874846,25.68,0.0,3,1
E00303145,2026-01-01 06:38:09,V00028,Z016,EXIT,70,21,124,19.03891,72.914433,25.68,0.0,3,1
E00092280,2026-01-01 06:38:15,V01439,Z006,ENTRY,0,24,133,19.04283,72.840877,25.68,0.0,3,1
E00389413,2026-01-01 06:38:15,V01710,Z020,EXIT,46,17,84,19.09773,72.835454,25.68,0.0,3,1
E00178705,2026-01-01 06:38:15,V00476,Z012,EXIT,81,25,147,19.058778,72.917712,25.68,0.0,3,1
E00025821,2026-01-01 06:38:24,V00785,Z003,ENTRY,0,29,108,19.09327,72.85761,25.68,0.0,3,1
E00303146,2026-01-01 06:38:33,V01893,Z016,EXIT,93,20,124,19.038473,72.913868,25.68,0.0,3,1
E00206426,2026-01-01 06:38:33,V02157,Z013,ENTRY,0,16,118,19.132622,72.902643,25.68,0.0,3,1
E00259159,2026-01-01 06:38:47,V04587,Z015,EXIT,25,13,116,19.109311,72.918408,25.68,0.0,3,1
E00303147,2026-01-01 06:38:54,V01128,Z016,ENTRY,0,21,124,19.039188,72.913378,25.68,0.0,3,1
E00178706,2026-01-01 06:39:07,V03764,Z012,EXIT,58,24,147,19.058311,72.916673,25.68,0.0,3,1
E00159534,2026-01-01 06:39:30,V03370,Z010,EXIT,32,4,41,19.091296,72.898008,25.68,0.0,3,1
E00025822,2026-01-01 06:39:38,V04935,Z003,EXIT,58,28,108,19.093965,72.85682,25.68,0.0,3,1
E00092281,2026-01-01 06:39:43,V05154,Z006,ENTRY,0,25,133,19.044175,72.839795,25.68,0.0,3,1
E00389414,2026-01-01 06:39:58,V02528,Z020,EXIT,94,16,84,19.097396,72.833839,25.68,0.0,3,1
E00008445,2026-01-01 06:40:04,V04994,Z002,ENTRY,0,19,122,19.126995,72.934693,25.68,0.0,3,1
E00362713,2026-01-01 06:40:08,V05356,Z019,ENTRY,0,19,130,19.034662,72.899118,25.68,0.0,3,1
E00355413,2026-01-01 06:40:11,V02186,Z018,EXIT,51,5,45,19.02059,72.852626,25.68,0.0,3,1
E00222154,2026-01-01 06:40:11,V02490,Z014,EXIT,93,18,121,19.123322,72.855954,25.68,0.0,3,1
E00159535,2026-01-01 06:40:16,V03330,Z010,ENTRY,0,5,41,19.091512,72.897422,25.68,0.0,3,1
E00092282,2026-01-01 06:40:16,V03467,Z006,EXIT,74,24,133,19.043328,72.840791,25.68,0.0,3,1
E00152404,2026-01-01 06:40:32,V02139,Z009,ENTRY,0,4,54,19.115727,72.845442,25.68,0.0,3,1
E00062813,2026-01-01 06:40:42,V02834,Z005,ENTRY,0,15,81,19.069721,72.874991,25.68,0.0,3,1
E00362714,2026-01-01 06:40:54,V00849,Z019,EXIT,43,18,130,19.033768,72.900276,25.68,0.0,3,1
E00259160,2026-01-01 06:40:59,V00307,Z015,ENTRY,0,14,116,19.109644,72.916953,25.68,0.0,3,1
E00159536,2026-01-01 06:41:08,V03974,Z010,ENTRY,0,6,41,19.090938,72.897865,25.68,0.0,3,1
E00000012,2026-01-01 06:41:09,V02297,Z001,EXIT,37,6,40,19.06013,72.90803,25.68,0.0,3,1
E00362715,2026-01-01 06:41:17,V01724,Z019,EXIT,76,17,130,19.034533,72.900312,25.68,0.0,3,1
E00178707,2026-01-01 06:41:19,V01539,Z012,EXIT,63,23,147,19.059171,72.916663,25.68,0.0,3,1
E00206427,2026-01-01 06:41:33,V04122,Z013,ENTRY,0,17,118,19.132247,72.901228,25.68,0.0,3,1
E00062814,2026-01-01 06:41:36,V02995,Z005,EXIT,45,14,81,19.06995,72.873257,25.68,0.0,3,1
E00389415,2026-01-01 06:41:38,V01529,Z020,ENTRY,0,17,84,19.09779,72.834225,25.68,0.0,3,1
E00362716,2026-01-01 06:41:44,V00893,Z019,EXIT,23,16,130,19.034342,72.899982,25.68,0.0,3,1
E00259161,2026-01-01 06:41:48,V00217,Z015,EXIT,35,13,116,19.109121,72.917503,25.68,0.0,3,1
E00178708,2026-01-01 06:41:48,V03320,Z012,EXIT,84,22,147,19.058185,72.917508,25.68,0.0,3,1
E00259162,2026-01-01 06:41:50,V02394,Z015,EXIT,39,12,116,19.10976,72.917652,25.68,0.0,3,1
E00259163,2026-01-01 06:41:55,V04237,Z015,ENTRY,0,13,116,19.108802,72.918523,25.68,0.0,3,1
E00092283,2026-01-01 06:42:09,V05530,Z006,ENTRY,0,25,133,19.044041,72.840103,25.68,0.0,3,1
E00259164,2026-01-01 06:42:10,V03090,Z015,ENTRY,0,14,116,19.109094,72.918055,25.68,0.0,3,1
E00126565,2026-01-01 06:42:15,V03410,Z007,ENTRY,0,7,40,19.082334,72.833611,25.68,0.0,3,1
E00092284,2026-01-01 06:42:22,V03245,Z006,EXIT,20,24,133,19.042665,72.84127,25.68,0.0,3,1
E00126566,2026-01-01 06:42:33,V05705,Z007,EXIT,83,6,40,19.082168,72.832941,25.68,0.0,3,1
E00303148,2026-01-01 06:42:49,V01328,Z016,ENTRY,0,22,124,19.038807,72.913332,25.68,0.0,3,1
E00126567,2026-01-01 06:42:53,V00231,Z007,ENTRY,0,7,40,19.082814,72.83395,25.68,0.0,3,1
E00178709,2026-01-01 06:42:55,V05064,Z012,ENTRY,0,23,147,19.05947,72.916987,25.68,0.0,3,1
E00222155,2026-01-01 06:43:41,V03461,Z014,ENTRY,0,19,121,19.122732,72.854943,25.68,0.0,3,1
E00362717,2026-01-01 06:43:42,V01963,Z019,EXIT,27,15,130,19.034742,72.899756,25.68,0.0,3,1
E00303149,2026-01-01 06:43:48,V04511,Z016,EXIT,36,21,124,19.03888,72.915168,25.68,0.0,3,1
E00135248,2026-01-01 06:43:54,V05272,Z008,ENTRY,0,12,113,19.023117,72.875062,25.68,0.0,3,1
E00008446,2026-01-01 06:44:11,V05137,Z002,ENTRY,0,20,122,19.12699,72.934773,25.68,0.0,3,1
E00303150,2026-01-01 06:44:32,V05156,Z016,ENTRY,0,22,124,19.039172,72.914705,25.68,0.0,3,1
E00135249,2026-01-01 06:44:37,V03074,Z008,ENTRY,0,13,113,19.024175,72.873855,25.68,0.0,3,1
E00178710,2026-01-01 06:44:50,V01144,Z012,EXIT,56,22,147,19.057602,72.917873,25.68,0.0,3,1
E00062815,2026-01-01 06:44:55,V03486,Z005,EXIT,59,13,81,19.068325,72.874642,25.68,0.0,3,1
E00025823,2026-01-01 06:44:56,V01959,Z003,ENTRY,0,29,108,19.0934,72.856202,25.68,0.0,3,1
E00092285,2026-01-01 06:44:59,V02385,Z006,ENTRY,0,25,133,19.043008,72.840275,25.68,0.0,3,1
E00389416,2026-01-01 06:45:02,V04492,Z020,EXIT,47,16,84,19.098124,72.833915,25.68,0.0,3,1
E00259165,2026-01-01 06:45:14,V04723,Z015,ENTRY,0,15,116,19.10974,72.917383,25.68,0.0,3,1
E00041296,2026-01-01 06:45:22,V00439,Z004,EXIT,95,14,82,19.115144,72.862576,25.68,0.0,3,1
E00000013,2026-01-01 06:45:22,V02568,Z001,EXIT,93,5,40,19.059707,72.906341,25.68,0.0,3,1
E00135250,2026-01-01 06:46:08,V03501,Z008,EXIT,101,12,113,19.022853,72.875267,25.68,0.0,3,1
E00092286,2026-01-01 06:46:20,V00961,Z006,EXIT,150,24,133,19.042702,72.841423,25.68,0.0,3,1
E00222156,2026-01-01 06:46:21,V04078,Z014,EXIT,52,18,121,19.123535,72.854567,25.68,0.0,3,1
E00092287,2026-01-01 06:46:25,V05000,Z006,ENTRY,0,25,133,19.04289,72.840628,25.68,0.0,3,1
E00389417,2026-01-01 06:46:33,V01891,Z020,EXIT,68,15,84,19.097114,72.835059,25.68,0.0,3,1
E00355414,2026-01-01 06:46:36,V00358,Z018,EXIT,103,4,45,19.02177,72.852287,25.68,0.0,3,1
E00259166,2026-01-01 06:46:47,V00881,Z015,ENTRY,0,16,116,19.108731,72.917972,25.68,0.0,3,1
E00303151,2026-01-01 06:47:09,V01165,Z016,EXIT,44,21,124,19.039365,72.913835,25.68,0.0,3,1
E00362718,2026-01-01 06:47:19,V00031,Z019,ENTRY,0,16,130,19.034492,72.898812,25.68,0.0,3,1
E00041297,2026-01-01 06:47:39,V03539,Z004,EXIT,46,13,82,19.114858,72.861739,25.68,0.0,3,1
E00222157,2026-01-01 06:47:48,V04494,Z014,EXIT,45,17,121,19.122813,72.85603,25.68,0.0,3,1
E00362719,2026-01-01 06:47:51,V05581,Z019,ENTRY,0,17,130,19.035239,72.898885,25.68,0.0,3,1
E00152405,2026-01-01 06:47:53,V01985,Z009,ENTRY,0,5,54,19.114561,72.845713,25.68,0.0,3,1
E00008447,2026-01-01 06:48:10,V02173,Z002,ENTRY,0,21,122,19.127874,72.934521,25.68,0.0,3,1
E00159537,2026-01-01 06:48:11,V04497,Z010,ENTRY,0,7,41,19.09149,72.89782,25.68,0.0,3,1
E00178711,2026-01-01 06:48:21,V04395,Z012,ENTRY,0,23,147,19.058893,72.91815,25.68,0.0,3,1
E00362720,2026-01-01 06:48:26,V01599,Z019,ENTRY,0,18,130,19.034067,72.899497,25.68,0.0,3,1
E00041298,2026-01-01 06:48:31,V03263,Z004,EXIT,39,12,82,19.114997,72.861934,25.68,0.0,3,1
E00259167,2026-01-01 06:48:43,V00295,Z015,ENTRY,0,17,116,19.109393,72.918448,25.68,0.0,3,1
E00025824,2026-01-01 06:49:09,V03405,Z003,ENTRY,0,30,108,19.093301,72.856879,25.68,0.0,3,1
E00178712,2026-01-01 06:49:10,V00716,Z012,EXIT,84,22,147,19.059101,72.918059,25.68,0.0,3,1
E00303152,2026-01-01 06:49:22,V01008,Z016,EXIT,20,20,124,19.038428,72.913917,25.68,0.0,3,1
E00135251,2026-01-01 06:49:23,V05436,Z008,ENTRY,0,13,113,19.02275,72.874326,25.68,0.0,3,1
E00062816,2026-01-01 06:49:27,V04901,Z005,ENTRY,0,14,81,19.069378,72.873642,25.68,0.0,3,1
E00259168,2026-01-01 06:49:29,V02804,Z015,ENTRY,0,18,116,19.110243,72.916773,25.68,0.0,3,1
E00152406,2026-01-01 06:49:31,V02889,Z009,ENTRY,0,6,54,19.116008,72.845863,25.68,0.0,3,1
E00222158,2026-01-01 06:49:35,V01399,Z014,EXIT,30,16,121,19.123603,72.855903,25.68,0.0,3,1
E00000014,2026-01-01 06:49:35,V05885,Z001,ENTRY,0,6,40,19.060012,72.906694,25.68,0.0,3,1
E00062817,2026-01-01 06:49:37,V01163,Z005,ENTRY,0,15,81,19.068723,72.874374,25.68,0.0,3,1
E00135252,2026-01-01 06:49:39,V03505,Z008,ENTRY,0,14,113,19.023465,72.875109,25.68,0.0,3,1
E00303153,2026-01-01 06:49:53,V00029,Z016,EXIT,42,19,124,19.038849,72.914974,25.68,0.0,3,1
E00000015,2026-01-01 06:49:54,V03282,Z001,EXIT,32,5,40,19.061266,72.906979,25.68,0.0,3,1
E00159538,2026-01-01 06:49:57,V02486,Z010,ENTRY,0,8,41,19.091824,72.898901,25.68,0.0,3,1
E00389418,2026-01-01 06:49:57,V04174,Z020,EXIT,104,14,84,19.098209,72.833777,25.68,0.0,3,1
E00159539,2026-01-01 06:50:06,V03632,Z010,ENTRY,0,9,41,19.090802,72.897652,25.68,0.0,3,1
E00222159,2026-01-01 06:50:14,V01554,Z014,ENTRY,0,17,121,19.123941,72.855103,25.68,0.0,3,1
E00206428,2026-01-01 06:50:16,V02188,Z013,ENTRY,0,18,118,19.131792,72.901929,25.68,0.0,3,1
E00062818,2026-01-01 06:50:38,V01547,Z005,EXIT,59,14,81,19.069083,72.874004,25.68,0.0,3,1
E00389419,2026-01-01 06:50:44,V01947,Z020,ENTRY,0,15,84,19.097267,72.834342,25.68,0.0,3,1
E00222160,2026-01-01 06:50:47,V03156,Z014,EXIT,41,16,121,19.12258,72.855878,25.68,0.0,3,1
E00092288,2026-01-01 06:50:49,V03200,Z006,ENTRY,0,26,133,19.042852,72.839794,25.68,0.0,3,1
E00178713,2026-01-01 06:50:49,V00357,Z012,ENTRY,0,23,147,19.059409,72.918372,25.68,0.0,3,1
E00135253,2026-01-01 06:50:56,V01703,Z008,EXIT,107,13,113,19.024419,72.875753,25.68,0.0,3,1
E00178714,2026-01-01 06:50:58,V01490,Z012,ENTRY,0,24,147,19.057748,72.916989,25.68,0.0,3,1
E00355415,2026-01-01 06:51:04,V04228,Z018,EXIT,58,3,45,19.020525,72.851382,25.68,0.0,3,1
E00303154,2026-01-01 06:51:25,V03135,Z016,EXIT,95,18,124,19.03997,72.915181,25.68,0.0,3,1
E00062819,2026-01-01 06:51:36,V05938,Z005,ENTRY,0,15,81,19.070039,72.874505,25.68,0.0,3,1
E00259169,2026-01-01 06:51:52,V04532,Z015,ENTRY,0,19,116,19.109439,72.917024,25.68,0.0,3,1
E00362721,2026-01-01 06:51:53,V04947,Z019,EXIT,51,17,130,19.033874,72.899063,25.68,0.0,3,1
E00092289,2026-01-01 06:52:01,V03749,Z006,EXIT,46,25,133,19.042892,72.841046,25.68,0.0,3,1
E00178715,2026-01-01 06:52:10,V03701,Z012,ENTRY,0,25,147,19.059519,72.917569,25.68,0.0,3,1
E00259170,2026-01-01 06:52:13,V01268,Z015,EXIT,68,18,116,19.110289,72.918392,25.68,0.0,3,1
E00222161,2026-01-01 06:52:13,V00250,Z014,EXIT,27,15,121,19.122805,72.854233,25.68,0.0,3,1
E00222162,2026-01-01 06:52:24,V05125,Z014,EXIT,49,14,121,19.123899,72.855249,25.68,0.0,3,1
E00259171,2026-01-01 06:52:27,V01931,Z015,EXIT,19,17,116,19.108966,72.917071,25.68,0.0,3,1
E00259172,2026-01-01 06:52:28,V03351,Z015,ENTRY,0,18,116,19.109376,72.916851,25.68,0.0,3,1
E00092290,2026-01-01 06:52:29,V02728,Z006,ENTRY,0,26,133,19.044251,72.84082,25.68,0.0,3,1
E00092291,2026-01-01 06:52:30,V01216,Z006,ENTRY,0,27,133,19.042692,72.840876,25.68,0.0,3,1
E00222163,2026-01-01 06:52:30,V04217,Z014,ENTRY,0,15,121,19.123071,72.854198,25.68,0.0,3,1
E00222164,2026-01-01 06:52:30,V00975,Z014,EXIT,23,14,121,19.122408,72.855937,25.68,0.0,3,1
E00259173,2026-01-01 06:52:35,V01619,Z015,ENTRY,0,19,116,19.108921,72.916782,25.68,0.0,3,1
E00008448,2026-01-01 06:52:42,V05438,Z002,EXIT,40,20,122,19.127536,72.933392,25.68,0.0,3,1
E00126568,2026-01-01 06:52:48,V02346,Z007,EXIT,66,6,40,19.082445,72.832488,25.68,0.0,3,1
E00342382,2026-01-01 06:52:51,V04497,Z017,ENTRY,0,14,91,19.071339,72.864965,25.68,0.0,3,1
E00303155,2026-01-01 06:52:52,V04129,Z016,ENTRY,0,19,124,19.038739,72.915045,25.68,0.0,3,1
E00135254,2026-01-01 06:53:05,V04090,Z008,EXIT,91,12,113,19.02317,72.874472,25.68,0.0,3,1
E00000016,2026-01-01 06:53:22,V00108,Z001,ENTRY,0,6,40,19.059668,72.907775,25.68,0.0,3,1
E00259174,2026-01-01 06:53:26,V04001,Z015,EXIT,41,18,116,19.109066,72.917046,25.68,0.0,3,1
E00062820,2026-01-01 06:53:27,V03058,Z005,EXIT,92,14,81,19.069362,72.873829,25.68,0.0,3,1
E00259175,2026-01-01 06:53:46,V01757,Z015,ENTRY,0,19,116,19.108651,72.91696,25.68,0.0,3,1
E00062821,2026-01-01 06:54:14,V03821,Z005,EXIT,46,13,81,19.069677,72.873357,25.68,0.0,3,1
E00362722,2026-01-01 06:54:28,V03350,Z019,ENTRY,0,18,130,19.03478,72.900486,25.68,0.0,3,1
E00342383,2026-01-01 06:54:36,V04976,Z017,ENTRY,0,15,91,19.072436,72.863661,25.68,0.0,3,1
E00206429,2026-01-01 06:54:42,V00905,Z013,ENTRY,0,19,118,19.131914,72.901066,25.68,0.0,3,1
E00362723,2026-01-01 06:54:45,V04650,Z019,EXIT,42,17,130,19.034851,72.90032,25.68,0.0,3,1
E00303156,2026-01-01 06:55:49,V00212,Z016,ENTRY,0,20,124,19.038818,72.913784,25.68,0.0,3,1
E00178716,2026-01-01 06:55:59,V05336,Z012,ENTRY,0,26,147,19.05923,72.91861,25.68,0.0,3,1
E00025825,2026-01-01 06:56:11,V03989,Z003,EXIT,106,29,108,19.093076,72.856671,25.68,0.0,3,1
E00355416,2026-01-01 06:56:20,V03574,Z018,ENTRY,0,4,45,19.020426,72.853176,25.68,0.0,3,1
E00178717,2026-01-01 06:56:22,V00792,Z012,EXIT,90,25,147,19.059087,72.918606,25.68,0.0,3,1
E00135255,2026-01-01 06:56:24,V04652,Z008,ENTRY,0,13,113,19.024116,72.874687,25.68,0.0,3,1
E00178718,2026-01-01 06:56:35,V03889,Z012,ENTRY,0,26,147,19.057702,72.917328,25.68,0.0,3,1
E00259176,2026-01-01 06:56:39,V00369,Z015,ENTRY,0,20,116,19.109883,72.917911,25.68,0.0,3,1
E00008449,2026-01-01 06:56:51,V03517,Z002,EXIT,37,19,122,19.127492,72.933154,25.68,0.0,3,1
E00025826,2026-01-01 06:56:58,V04166,Z003,EXIT,85,28,108,19.093857,72.856669,25.68,0.0,3,1
E00362724,2026-01-01 06:56:59,V02566,Z019,ENTRY,0,18,130,19.035003,72.898813,25.68,0.0,3,1
E00062822,2026-01-01 06:57:02,V04171,Z005,ENTRY,0,14,81,19.069552,72.873548,25.68,0.0,3,1
E00303157,2026-01-01 06:57:31,V01986,Z016,ENTRY,0,21,124,19.038506,72.914605,25.68,0.0,3,1
E00152407,2026-01-01 06:57:34,V04429,Z009,EXIT,105,5,54,19.115165,72.845489,25.68,0.0,3,1
E00222165,2026-01-01 06:57:40,V05725,Z014,ENTRY,0,15,121,19.122687,72.854781,25.68,0.0,3,1
E00222166,2026-01-01 06:57:46,V03106,Z014,EXIT,71,14,121,19.123354,72.854537,25.68,0.0,3,1
E00362725,2026-01-01 06:57:51,V04407,Z019,ENTRY,0,19,130,19.034643,72.900412,25.68,0.0,3,1
E00062823,2026-01-01 06:57:54,V00139,Z005,ENTRY,0,15,81,19.069172,72.874655,25.68,0.0,3,1
E00041299,2026-01-01 06:57:58,V03867,Z004,EXIT,63,11,82,19.113824,72.861748,25.68,0.0,3,1
E00062824,2026-01-01 06:58:09,V01336,Z005,EXIT,23,14,81,19.068217,72.873769,25.68,0.0,3,1
E00206430,2026-01-01 06:58:13,V05159,Z013,ENTRY,0,20,118,19.13287,72.901259,25.68,0.0,3,1
E00135256,2026-01-01 06:58:19,V05620,Z008,EXIT,53,12,113,19.024307,72.874669,25.68,0.0,3,1
E00041300,2026-01-01 06:58:20,V04394,Z004,EXIT,61,10,82,19.114987,72.862653,25.68,0.0,3,1
E00259177,2026-01-01 06:58:22,V04037,Z015,EXIT,37,19,116,19.109672,72.917193,25.68,0.0,3,1
E00222167,2026-01-01 06:58:36,V05611,Z014,EXIT,70,13,121,19.122745,72.854485,25.68,0.0,3,1
E00062825,2026-01-01 06:58:39,V01891,Z005,EXIT,27,13,81,19.068358,72.874381,25.68,0.0,3,1
E00259178,2026-01-01 06:59:04,V05779,Z015,ENTRY,0,20,116,19.109782,72.918337,25.68,0.0,3,1
E00008450,2026-01-01 06:59:04,V03421,Z002,ENTRY,0,20,122,19.127581,72.934442,25.68,0.0,3,1
E00008451,2026-01-01 06:59:13,V03283,Z002,ENTRY,0,21,122,19.126503,72.933502,25.68,0.0,3,1
E00025827,2026-01-01 06:59:16,V00837,Z003,EXIT,85,27,108,19.092368,72.856683,25.68,0.0,3,1
E00062826,2026-01-01 06:59:35,V01735,Z005,ENTRY,0,14,81,19.069769,72.873846,25.68,0.0,3,1
E00041301,2026-01-01 06:59:52,V04900,Z004,EXIT,37,9,82,19.11477,72.862148,25.68,0.0,3,1
E00259179,2026-01-01 06:59:58,V01589,Z015,EXIT,72,19,116,19.108684,72.916848,25.68,0.0,3,1
E00259180,2026-01-01 07:00:04,V04461,Z015,EXIT,51,18,116,19.109591,72.916741,25.68,0.0,3,1
E00163874,2026-01-01 07:00:23,V02537,Z011,ENTRY,0,6,93,19.107333,72.87103,25.68,0.0,3,1
E00092292,2026-01-01 07:00:28,V04154,Z006,ENTRY,0,28,133,19.043034,72.841166,25.68,0.0,3,1
E00342384,2026-01-01 07:00:34,V04365,Z017,ENTRY,0,16,91,19.071296,72.863697,25.68,0.0,3,1
E00092293,2026-01-01 07:00:45,V02730,Z006,EXIT,63,27,133,19.044156,72.840614,25.68,0.0,3,1
E00259181,2026-01-01 07:00:47,V00881,Z015,EXIT,14,17,116,19.109371,72.9166,25.68,0.0,3,1
E00303158,2026-01-01 07:00:53,V05003,Z016,ENTRY,0,22,124,19.039339,72.914052,25.68,0.0,3,1
E00062827,2026-01-01 07:00:56,V01212,Z005,EXIT,37,13,81,19.068522,72.874831,25.68,0.0,3,1
E00303159,2026-01-01 07:01:00,V05044,Z016,EXIT,68,21,124,19.040172,72.914517,25.68,0.0,3,1
E00092294,2026-01-01 07:01:12,V05418,Z006,EXIT,43,26,133,19.043778,72.839839,25.68,0.0,3,1
E00389420,2026-01-01 07:01:13,V00688,Z020,EXIT,89,14,84,19.098509,72.833528,25.68,0.0,3,1
E00259182,2026-01-01 07:01:33,V02315,Z015,EXIT,31,16,116,19.109449,72.91786,25.68,0.0,3,1
E00362726,2026-01-01 07:01:39,V03674,Z019,ENTRY,0,20,130,19.033961,72.900087,25.68,0.0,3,1
E00259183,2026-01-01 07:01:55,V02374,Z015,ENTRY,0,17,116,19.110226,72.917348,25.68,0.0,3,1
E00303160,2026-01-01 07:02:08,V02931,Z016,ENTRY,0,22,124,19.039248,72.913698,25.68,0.0,3,1
E00303161,2026-01-01 07:02:10,V01383,Z016,ENTRY,0,23,124,19.039644,72.914393,25.68,0.0,3,1
E00008452,2026-01-01 07:02:18,V01798,Z002,EXIT,93,20,122,19.126627,72.934624,25.68,0.0,3,1
E00389421,2026-01-01 07:02:35,V05302,Z020,EXIT,82,13,84,19.098421,72.834437,25.68,0.0,3,1
E00041302,2026-01-01 07:02:38,V00721,Z004,EXIT,31,8,82,19.114682,72.862399,25.68,0.0,3,1
E00062828,2026-01-01 07:02:48,V05297,Z005,ENTRY,0,14,81,19.069711,72.874191,25.68,0.0,3,1
E00222168,2026-01-01 07:02:51,V03035,Z014,ENTRY,0,14,121,19.123131,72.856178,25.68,0.0,3,1
E00178719,2026-01-01 07:02:59,V00015,Z012,ENTRY,0,27,147,19.058468,72.91706,25.68,0.0,3,1
E00259184,2026-01-01 07:03:03,V01914,Z015,ENTRY,0,18,116,19.109935,72.918454,25.68,0.0,3,1
E00008453,2026-01-01 07:03:10,V03178,Z002,ENTRY,0,21,122,19.126429,72.934607,25.68,0.0,3,1
E00062829,2026-01-01 07:03:12,V04109,Z005,ENTRY,0,15,81,19.069201,72.874863,25.68,0.0,3,1
E00259185,2026-01-01 07:03:14,V02452,Z015,ENTRY,0,19,116,19.10966,72.917802,25.68,0.0,3,1
E00062830,2026-01-01 07:03:21,V02038,Z005,ENTRY,0,16,81,19.070202,72.874235,25.68,0.0,3,1
E00222169,2026-01-01 07:03:23,V04478,Z014,ENTRY,0,15,121,19.12412,72.85489,25.68,0.0,3,1
E00135257,2026-01-01 07:03:23,V04064,Z008,EXIT,74,11,113,19.023642,72.874348,25.68,0.0,3,1
E00259186,2026-01-01 07:03:35,V02206,Z015,ENTRY,0,20,116,19.10846,72.918114,25.68,0.0,3,1
E00041303,2026-01-01 07:03:38,V01314,Z004,ENTRY,0,9,82,19.115656,72.86127,25.68,0.0,3,1
E00041304,2026-01-01 07:04:15,V04398,Z004,ENTRY,0,10,82,19.114357,72.861809,25.68,0.0,3,1
E00062831,2026-01-01 07:04:29,V02594,Z005,ENTRY,0,17,81,19.070053,72.874273,25.68,0.0,3,1
E00025828,2026-01-01 07:04:30,V04115,Z003,EXIT,71,26,108,19.094049,72.856768,25.68,0.0,3,1
E00259187,2026-01-01 07:04:39,V03437,Z015,ENTRY,0,21,116,19.109523,72.91745,25.68,0.0,3,1
E00222170,2026-01-01 07:04:43,V00940,Z014,ENTRY,0,16,121,19.123954,72.855416,25.68,0.0,3,1
E00222171,2026-01-01 07:04:43,V05284,Z014,EXIT,65,15,121,19.123832,72.855577,25.68,0.0,3,1
E00000017,2026-01-01 07:04:51,V05341,Z001,EXIT,42,5,40,19.060627,72.906505,25.68,0.0,3,1
E00135258,2026-01-01 07:05:05,V00032,Z008,EXIT,67,10,113,19.023666,72.875029,25.68,0.0,3,1
E00008454,2026-01-01 07:05:06,V01047,Z002,EXIT,52,20,122,19.127444,72.934081,25.68,0.0,3,1
E00222172,2026-01-01 07:05:08,V02736,Z014,EXIT,81,14,121,19.124014,72.854276,25.68,0.0,3,1
E00362727,2026-01-01 07:05:09,V02575,Z019,ENTRY,0,21,130,19.035451,72.900446,25.68,0.0,3,1
E00362728,2026-01-01 07:05:32,V05813,Z019,EXIT,71,20,130,19.034213,72.899719,25.68,0.0,3,1
E00126569,2026-01-01 07:05:36,V05657,Z007,ENTRY,0,7,40,19.0824,72.833052,25.68,0.0,3,1
E00092295,2026-01-01 07:05:55,V00372,Z006,EXIT,120,25,133,19.044057,72.840861,25.68,0.0,3,1
E00389422,2026-01-01 07:05:59,V05559,Z020,EXIT,48,12,84,19.097767,72.834341,25.68,0.0,3,1
E00259188,2026-01-01 07:06:16,V02237,Z015,ENTRY,0,22,116,19.109843,72.918318,25.68,0.0,3,1
E00008455,2026-01-01 07:06:18,V04850,Z002,ENTRY,0,21,122,19.127054,72.934384,25.68,0.0,3,1
E00178720,2026-01-01 07:06:20,V03778,Z012,ENTRY,0,28,147,19.057813,72.917242,25.68,0.0,3,1
E00362729,2026-01-01 07:06:50,V02683,Z019,ENTRY,0,21,130,19.034202,72.899529,25.68,0.0,3,1
E00355417,2026-01-01 07:06:52,V04311,Z018,ENTRY,0,5,45,19.0218,72.851549,25.68,0.0,3,1
E00126570,2026-01-01 07:06:53,V00231,Z007,EXIT,24,6,40,19.081842,72.833067,25.68,0.0,3,1
E00008456,2026-01-01 07:06:55,V02708,Z002,EXIT,68,20,122,19.127603,72.934572,25.68,0.0,3,1
E00303162,2026-01-01 07:07:05,V01675,Z016,ENTRY,0,24,124,19.039959,72.914652,25.68,0.0,3,1
E00092296,2026-01-01 07:07:07,V02962,Z006,ENTRY,0,26,133,19.043083,72.840746,25.68,0.0,3,1
E00222174,2026-01-01 07:07:16,V03821,Z014,ENTRY,0,16,121,19.123486,72.856078,25.68,0.0,3,1
E00222173,2026-01-01 07:07:16,V00632,Z014,ENTRY,0,15,121,19.123163,72.855927,25.68,0.0,3,1
E00362730,2026-01-01 07:07:17,V03355,Z019,EXIT,44,20,130,19.034749,72.899389,25.68,0.0,3,1
E00389423,2026-01-01 07:07:30,V03407,Z020,EXIT,118,11,84,19.097754,72.835059,25.68,0.0,3,1
E00135259,2026-01-01 07:07:37,V00088,Z008,ENTRY,0,11,113,19.02463,72.875048,25.68,0.0,3,1
E00222175,2026-01-01 07:07:43,V00365,Z014,ENTRY,0,17,121,19.122872,72.855255,25.68,0.0,3,1
E00092297,2026-01-01 07:08:12,V00882,Z006,ENTRY,0,27,133,19.043396,72.840247,25.68,0.0,3,1
E00126571,2026-01-01 07:08:29,V04390,Z007,EXIT,72,5,40,19.083461,72.833456,25.68,0.0,3,1
E00362731,2026-01-01 07:08:32,V03736,Z019,EXIT,57,19,130,19.033691,72.898709,25.68,0.0,3,1
E00008457,2026-01-01 07:08:36,V01639,Z002,EXIT,50,19,122,19.127657,72.933759,25.68,0.0,3,1
E00092298,2026-01-01 07:08:46,V01951,Z006,EXIT,36,26,133,19.042609,72.841014,25.68,0.0,3,1
E00008458,2026-01-01 07:08:56,V00241,Z002,EXIT,98,18,122,19.127692,72.933517,25.68,0.0,3,1
E00303163,2026-01-01 07:09:06,V05747,Z016,ENTRY,0,25,124,19.040113,72.913275,25.68,0.0,3,1
E00041305,2026-01-01 07:09:11,V03850,Z004,EXIT,96,9,82,19.114997,72.861442,25.68,0.0,3,1
E00062832,2026-01-01 07:09:11,V05401,Z005,EXIT,90,16,81,19.068341,72.874655,25.68,0.0,3,1
E00259189,2026-01-01 07:09:25,V05108,Z015,ENTRY,0,23,116,19.109606,72.91828,25.68,0.0,3,1
E00092299,2026-01-01 07:09:25,V01014,Z006,ENTRY,0,27,133,19.043301,72.83954,25.68,0.0,3,1
E00303164,2026-01-01 07:09:54,V01128,Z016,EXIT,31,24,124,19.038716,72.914245,25.68,0.0,3,1
E00062833,2026-01-01 07:09:56,V04844,Z005,ENTRY,0,17,81,19.070001,72.873496,25.68,0.0,3,1
E00008459,2026-01-01 07:10:00,V01482,Z002,ENTRY,0,19,122,19.12741,72.93449,25.68,0.0,3,1
E00362732,2026-01-01 07:10:09,V05069,Z019,ENTRY,0,20,130,19.035063,72.89948,25.68,0.0,3,1
E00389424,2026-01-01 07:10:17,V05681,Z020,ENTRY,0,12,84,19.098678,72.834109,25.68,0.0,3,1
E00206431,2026-01-01 07:10:28,V02073,Z013,ENTRY,0,21,118,19.132388,72.901301,25.68,0.0,3,1
E00389425,2026-01-01 07:10:29,V04521,Z020,EXIT,113,11,84,19.097368,72.834211,25.68,0.0,3,1
E00041306,2026-01-01 07:11:03,V04874,Z004,EXIT,52,8,82,19.113734,72.86167,25.68,0.0,3,1
E00041307,2026-01-01 07:11:16,V05358,Z004,ENTRY,0,9,82,19.113837,72.86279,25.68,0.0,3,1
E00178721,2026-01-01 07:11:18,V05220,Z012,ENTRY,0,29,147,19.0582,72.916651,25.68,0.0,3,1
E00222176,2026-01-01 07:11:20,V01287,Z014,ENTRY,0,18,121,19.122753,72.854218,25.68,0.0,3,1
E00135260,2026-01-01 07:11:21,V01427,Z008,ENTRY,0,12,113,19.023226,72.875488,25.68,0.0,3,1
E00000018,2026-01-01 07:11:35,V05885,Z001,EXIT,22,4,40,19.061045,72.906111,25.68,0.0,3,1
E00178722,2026-01-01 07:11:44,V02711,Z012,EXIT,71,28,147,19.059452,72.917452,25.68,0.0,3,1
E00135261,2026-01-01 07:12:15,V01822,Z008,ENTRY,0,13,113,19.023192,72.874153,25.68,0.0,3,1
E00389426,2026-01-01 07:12:30,V02898,Z020,ENTRY,0,12,84,19.097945,72.83436,25.68,0.0,3,1
E00092300,2026-01-01 07:12:39,V01762,Z006,EXIT,38,26,133,19.043315,72.840018,25.68,0.0,3,1
E00025829,2026-01-01 07:12:44,V00225,Z003,EXIT,56,25,108,19.093686,72.856266,25.68,0.0,3,1
E00303165,2026-01-01 07:12:59,V04835,Z016,ENTRY,0,25,124,19.040062,72.914767,25.68,0.0,3,1
E00062834,2026-01-01 07:13:02,V00333,Z005,ENTRY,0,18,81,19.069472,72.87435,25.68,0.0,3,1
E00008460,2026-01-01 07:13:04,V04994,Z002,EXIT,33,18,122,19.12637,72.934239,25.68,0.0,3,1
E00303166,2026-01-01 07:13:11,V02587,Z016,EXIT,45,24,124,19.038987,72.913969,25.68,0.0,3,1
E00092302,2026-01-01 07:13:14,V04218,Z006,EXIT,64,26,133,19.044255,72.84028,25.68,0.0,3,1
E00092301,2026-01-01 07:13:14,V04108,Z006,ENTRY,0,27,133,19.043685,72.841378,25.68,0.0,3,1
E00355418,2026-01-01 07:13:15,V01254,Z018,ENTRY,0,6,45,19.022175,72.851709,25.68,0.0,3,1
E00362733,2026-01-01 07:13:48,V05138,Z019,ENTRY,0,21,130,19.034387,72.899538,25.68,0.0,3,1
E00222177,2026-01-01 07:13:49,V03172,Z014,ENTRY,0,19,121,19.123623,72.854459,25.68,0.0,3,1
E00303167,2026-01-01 07:14:02,V03055,Z016,EXIT,44,23,124,19.040028,72.914935,25.68,0.0,3,1
E00178723,2026-01-01 07:14:02,V03644,Z012,EXIT,127,27,147,19.058022,72.918401,25.68,0.0,3,1
E00092303,2026-01-01 07:14:07,V03145,Z006,EXIT,54,25,133,19.04365,72.840977,25.68,0.0,3,1
E00041308,2026-01-01 07:14:15,V04340,Z004,EXIT,55,8,82,19.115116,72.863033,25.68,0.0,3,1
E00206432,2026-01-01 07:14:19,V04656,Z013,EXIT,51,20,118,19.133129,72.900769,25.68,0.0,3,1
E00041309,2026-01-01 07:14:28,V02960,Z004,EXIT,124,7,82,19.114328,72.861719,25.68,0.0,3,1
E00303168,2026-01-01 07:14:31,V05298,Z016,EXIT,45,22,124,19.038749,72.914942,25.68,0.0,3,1
E00206433,2026-01-01 07:14:38,V01200,Z013,EXIT,63,19,118,19.132676,72.902184,25.68,0.0,3,1
E00159540,2026-01-01 07:14:38,V00746,Z010,ENTRY,0,10,41,19.090916,72.89722,25.68,0.0,3,1
E00303169,2026-01-01 07:14:48,V05729,Z016,ENTRY,0,23,124,19.039474,72.913304,25.68,0.0,3,1
E00092304,2026-01-01 07:14:54,V04534,Z006,ENTRY,0,26,133,19.042283,72.839673,25.68,0.0,3,1
E00092305,2026-01-01 07:15:01,V02893,Z006,EXIT,89,25,133,19.042297,72.840719,25.68,0.0,3,1
E00135262,2026-01-01 07:15:04,V04986,Z008,ENTRY,0,14,113,19.022785,72.874344,25.68,0.0,3,1
E00222178,2026-01-01 07:15:17,V05541,Z014,EXIT,45,18,121,19.122314,72.855629,25.68,0.0,3,1
E00342385,2026-01-01 07:15:21,V01623,Z017,ENTRY,0,17,91,19.071777,72.865088,25.68,0.0,3,1
E00222179,2026-01-01 07:15:21,V00816,Z014,EXIT,80,17,121,19.123066,72.854428,25.68,0.0,3,1
E00126572,2026-01-01 07:15:34,V04774,Z007,EXIT,108,4,40,19.082768,72.833973,25.68,0.0,3,1
E00389427,2026-01-01 07:15:40,V00365,Z020,EXIT,110,11,84,19.098846,72.834066,25.68,0.0,3,1
E00259190,2026-01-01 07:15:42,V05688,Z015,ENTRY,0,24,116,19.109601,72.917589,25.68,0.0,3,1
E00222180,2026-01-01 07:15:55,V05985,Z014,ENTRY,0,18,121,19.123197,72.855783,25.68,0.0,3,1
E00259191,2026-01-01 07:16:10,V02868,Z015,EXIT,63,23,116,19.110095,72.918569,25.68,0.0,3,1
E00152408,2026-01-01 07:16:15,V04221,Z009,ENTRY,0,6,54,19.114963,72.845894,25.68,0.0,3,1
E00362734,2026-01-01 07:16:25,V04861,Z019,ENTRY,0,22,130,19.035238,72.8998,25.68,0.0,3,1
E00362735,2026-01-01 07:16:27,V01239,Z019,EXIT,98,21,130,19.034593,72.900245,25.68,0.0,3,1
E00062835,2026-01-01 07:16:41,V03132,Z005,EXIT,45,17,81,19.068774,72.874004,25.68,0.0,3,1
E00025830,2026-01-01 07:16:45,V00489,Z003,EXIT,109,24,108,19.093356,72.85591,25.68,0.0,3,1
E00025831,2026-01-01 07:16:46,V02006,Z003,ENTRY,0,25,108,19.092271,72.857067,25.68,0.0,3,1
E00008461,2026-01-01 07:16:48,V04009,Z002,EXIT,93,17,122,19.127905,72.933882,25.68,0.0,3,1
E00259192,2026-01-01 07:17:15,V05162,Z015,EXIT,51,22,116,19.110044,72.918473,25.68,0.0,3,1
E00303170,2026-01-01 07:17:27,V04259,Z016,EXIT,40,22,124,19.039329,72.915173,25.68,0.0,3,1
E00092306,2026-01-01 07:17:43,V05154,Z006,EXIT,38,24,133,19.042386,72.840255,25.68,0.0,3,1
E00041310,2026-01-01 07:17:43,V02180,Z004,ENTRY,0,8,82,19.115587,72.862734,25.68,0.0,3,1
E00259193,2026-01-01 07:17:44,V03894,Z015,ENTRY,0,23,116,19.10911,72.918082,25.68,0.0,3,1
E00222181,2026-01-01 07:17:57,V01863,Z014,EXIT,104,17,121,19.123885,72.854391,25.68,0.0,3,1
E00259194,2026-01-01 07:17:59,V00307,Z015,EXIT,37,22,116,19.110371,72.917329,25.68,0.0,3,1
E00303171,2026-01-01 07:18:10,V01247,Z016,ENTRY,0,23,124,19.038857,72.914996,25.68,0.0,3,1
E00178724,2026-01-01 07:18:18,V03206,Z012,EXIT,111,26,147,19.058421,72.917914,25.68,0.0,3,1
E00135263,2026-01-01 07:18:43,V04439,Z008,EXIT,170,13,113,19.022939,72.87556,25.68,0.0,3,1
E00206434,2026-01-01 07:18:49,V00102,Z013,ENTRY,0,20,118,19.132861,72.901175,25.68,0.0,3,1
E00259195,2026-01-01 07:18:55,V04237,Z015,EXIT,37,21,116,19.1088,72.918498,25.68,0.0,3,1
E00362736,2026-01-01 07:19:13,V01706,Z019,ENTRY,0,22,130,19.034835,72.899847,25.68,0.0,3,1
E00259196,2026-01-01 07:19:26,V02917,Z015,EXIT,51,20,116,19.110226,72.917304,25.68,0.0,3,1
E00259197,2026-01-01 07:19:33,V01694,Z015,ENTRY,0,21,116,19.109644,72.918193,25.68,0.0,3,1
E00259198,2026-01-01 07:19:53,V01576,Z015,EXIT,82,20,116,19.109955,72.917921,25.68,0.0,3,1
E00000019,2026-01-01 07:20:06,V05424,Z001,ENTRY,0,5,40,19.061366,72.906524,25.68,0.0,3,1
E00163875,2026-01-01 07:20:23,V01300,Z011,ENTRY,0,7,93,19.10676,72.870028,25.68,0.0,3,1
E00355419,2026-01-01 07:20:29,V02060,Z018,ENTRY,0,7,45,19.021915,72.852376,25.68,0.0,3,1
E00163876,2026-01-01 07:20:30,V03303,Z011,EXIT,119,6,93,19.107776,72.870914,25.68,0.0,3,1
E00062836,2026-01-01 07:20:36,V04231,Z005,ENTRY,0,18,81,19.068376,72.873718,25.68,0.0,3,1
E00062837,2026-01-01 07:20:37,V00528,Z005,ENTRY,0,19,81,19.068748,72.87395,25.68,0.0,3,1
E00222182,2026-01-01 07:20:41,V03461,Z014,EXIT,37,16,121,19.123533,72.855949,25.68,0.0,3,1
E00178725,2026-01-01 07:20:44,V00252,Z012,EXIT,56,25,147,19.057767,72.916926,25.68,0.0,3,1
E00000020,2026-01-01 07:20:59,V03876,Z001,EXIT,118,4,40,19.06136,72.907873,25.68,0.0,3,1
E00303172,2026-01-01 07:21:11,V02514,Z016,EXIT,56,22,124,19.03999,72.913897,25.68,0.0,3,1
E00092307,2026-01-01 07:21:29,V00100,Z006,ENTRY,0,25,133,19.043794,72.840584,25.68,0.0,3,1
E00126573,2026-01-01 07:21:31,V01664,Z007,EXIT,52,3,40,19.082414,72.832915,25.68,0.0,3,1
E00362737,2026-01-01 07:21:43,V02101,Z019,ENTRY,0,23,130,19.034236,72.899932,25.68,0.0,3,1
E00259199,2026-01-01 07:21:52,V04532,Z015,EXIT,30,19,116,19.10933,72.918298,25.68,0.0,3,1
E00062838,2026-01-01 07:22:13,V02189,Z005,EXIT,128,18,81,19.070186,72.873468,25.68,0.0,3,1
E00259200,2026-01-01 07:22:14,V04723,Z015,EXIT,37,18,116,19.109307,72.917777,25.68,0.0,3,1
E00259201,2026-01-01 07:22:16,V02237,Z015,EXIT,16,17,116,19.109115,72.918077,25.68,0.0,3,1
E00342386,2026-01-01 07:22:41,V03010,Z017,ENTRY,0,18,91,19.072175,72.863696,25.68,0.0,3,1
E00206435,2026-01-01 07:22:43,V00515,Z013,EXIT,78,19,118,19.132531,72.901593,25.68,0.0,3,1
E00342387,2026-01-01 07:22:46,V02569,Z017,EXIT,64,17,91,19.072981,72.865073,25.68,0.0,3,1
E00355420,2026-01-01 07:22:47,V04594,Z018,ENTRY,0,8,45,19.021986,72.851916,25.68,0.0,3,1
E00303173,2026-01-01 07:22:52,V02856,Z016,EXIT,51,21,124,19.03947,72.91437,25.68,0.0,3,1
E00342388,2026-01-01 07:23:04,V03980,Z017,EXIT,65,16,91,19.072248,72.863221,25.68,0.0,3,1
E00303174,2026-01-01 07:23:30,V05742,Z016,ENTRY,0,22,124,19.039575,72.914053,25.68,0.0,3,1
E00152409,2026-01-01 07:23:31,V00166,Z009,ENTRY,0,7,54,19.115955,72.844099,25.68,0.0,3,1
E00025832,2026-01-01 07:23:34,V03684,Z003,EXIT,139,24,108,19.094249,72.856621,25.68,0.0,3,1
E00342389,2026-01-01 07:23:46,V04580,Z017,ENTRY,0,17,91,19.07158,72.864215,25.68,0.0,3,1
E00092308,2026-01-01 07:24:01,V03812,Z006,ENTRY,0,26,133,19.043402,72.839895,25.68,0.0,3,1
E00342390,2026-01-01 07:24:09,V01600,Z017,EXIT,103,16,91,19.071263,72.864685,25.68,0.0,3,1
E00303175,2026-01-01 07:24:11,V05114,Z016,EXIT,91,21,124,19.0391,72.915208,25.68,0.0,3,1
E00222183,2026-01-01 07:24:13,V04102,Z014,ENTRY,0,17,121,19.124092,72.855876,25.68,0.0,3,1
E00062839,2026-01-01 07:24:27,V04901,Z005,EXIT,35,17,81,19.069436,72.873515,25.68,0.0,3,1
E00303176,2026-01-01 07:24:32,V05156,Z016,EXIT,40,20,124,19.039452,72.913453,25.68,0.0,3,1
E00259202,2026-01-01 07:25:10,V03090,Z015,EXIT,43,16,116,19.110066,72.918398,25.68,0.0,3,1
E00126574,2026-01-01 07:25:27,V00923,Z007,EXIT,77,2,40,19.082401,72.833648,25.68,0.0,3,1
E00303177,2026-01-01 07:25:29,V03514,Z016,ENTRY,0,21,124,19.040093,72.914244,25.68,0.0,3,1
E00178726,2026-01-01 07:25:34,V00346,Z012,EXIT,57,24,147,19.059422,72.917644,25.68,0.0,3,1
E00303178,2026-01-01 07:25:35,V00549,Z016,EXIT,70,20,124,19.040281,72.914996,25.68,0.0,3,1
E00126575,2026-01-01 07:25:41,V01085,Z007,ENTRY,0,3,40,19.082732,72.832546,25.68,0.0,3,1
E00062840,2026-01-01 07:25:42,V02834,Z005,EXIT,45,16,81,19.069196,72.87386,25.68,0.0,3,1
E00222184,2026-01-01 07:25:43,V00940,Z014,EXIT,21,16,121,19.123936,72.85525,25.68,0.0,3,1
E00008462,2026-01-01 07:25:48,V03921,Z002,ENTRY,0,18,122,19.126644,72.93343,25.68,0.0,3,1
E00062841,2026-01-01 07:25:53,V05213,Z005,ENTRY,0,17,81,19.068501,72.873523,25.68,0.0,3,1
E00135264,2026-01-01 07:25:56,V05055,Z008,ENTRY,0,14,113,19.024421,72.875214,25.68,0.0,3,1
E00135265,2026-01-01 07:26:06,V05025,Z008,ENTRY,0,15,113,19.02377,72.875326,25.68,0.0,3,1
E00062842,2026-01-01 07:26:06,V04714,Z005,EXIT,84,16,81,19.069781,72.874959,25.68,0.0,3,1
E00362738,2026-01-01 07:26:08,V05356,Z019,EXIT,46,22,130,19.033753,72.899043,25.68,0.0,3,1
E00178727,2026-01-01 07:26:10,V03701,Z012,EXIT,34,23,147,19.058263,72.916874,25.68,0.0,3,1
E00178728,2026-01-01 07:26:14,V05945,Z012,EXIT,59,22,147,19.058918,72.918195,25.68,0.0,3,1
E00362739,2026-01-01 07:26:28,V03350,Z019,EXIT,32,21,130,19.034368,72.899017,25.68,0.0,3,1
E00222185,2026-01-01 07:26:38,V01436,Z014,ENTRY,0,17,121,19.122413,72.854674,25.68,0.0,3,1
E00259203,2026-01-01 07:27:07,V01092,Z015,ENTRY,0,17,116,19.109111,72.917252,25.68,0.0,3,1
E00062843,2026-01-01 07:27:13,V02165,Z005,ENTRY,0,17,81,19.06897,72.874935,25.68,0.0,3,1
E00163877,2026-01-01 07:27:16,V05696,Z011,ENTRY,0,7,93,19.106227,72.870313,25.68,0.0,3,1
E00178729,2026-01-01 07:27:17,V03925,Z012,EXIT,85,21,147,19.059501,72.917042,25.68,0.0,3,1
E00303179,2026-01-01 07:27:21,V00192,Z016,ENTRY,0,21,124,19.039232,72.914881,25.68,0.0,3,1
E00135266,2026-01-01 07:27:38,V01711,Z008,ENTRY,0,16,113,19.023975,72.874447,25.68,0.0,3,1
E00362740,2026-01-01 07:27:39,V03674,Z019,EXIT,26,20,130,19.0346,72.899011,25.68,0.0,3,1
E00041311,2026-01-01 07:27:50,V02054,Z004,ENTRY,0,9,82,19.113971,72.861309,25.68,0.0,3,1
E00041312,2026-01-01 07:28:04,V02920,Z004,EXIT,91,8,82,19.115388,72.863019,25.68,0.0,3,1
E00062844,2026-01-01 07:28:10,V00325,Z005,ENTRY,0,18,81,19.069053,72.874129,25.68,0.0,3,1
E00178730,2026-01-01 07:28:11,V00200,Z012,ENTRY,0,22,147,19.058256,72.917636,25.68,0.0,3,1
E00222186,2026-01-01 07:28:23,V02753,Z014,ENTRY,0,18,121,19.123413,72.854343,25.68,0.0,3,1
E00025833,2026-01-01 07:28:50,V03994,Z003,ENTRY,0,25,108,19.092709,72.856185,25.68,0.0,3,1
E00362741,2026-01-01 07:28:51,V03668,Z019,ENTRY,0,21,130,19.035154,72.898969,25.68,0.0,3,1
E00222187,2026-01-01 07:29:19,V03888,Z014,ENTRY,0,19,121,19.124015,72.85563,25.68,0.0,3,1
E00000021,2026-01-01 07:29:22,V00108,Z001,EXIT,36,3,40,19.060455,72.906117,25.68,0.0,3,1
E00135267,2026-01-01 07:29:28,V02752,Z008,ENTRY,0,17,113,19.024029,72.874983,25.68,0.0,3,1
E00041313,2026-01-01 07:29:49,V02760,Z004,EXIT,99,7,82,19.114,72.862585,25.68,0.0,3,1
E00259204,2026-01-01 07:29:51,V04341,Z015,ENTRY,0,18,116,19.108583,72.917895,25.68,0.0,3,1
E00041314,2026-01-01 07:30:06,V01975,Z004,ENTRY,0,8,82,19.114704,72.862897,25.68,0.0,3,1
E00303180,2026-01-01 07:30:08,V02931,Z016,EXIT,28,20,124,19.040114,72.913898,25.68,0.0,3,1
E00362742,2026-01-01 07:30:11,V05059,Z019,ENTRY,0,22,130,19.035175,72.898987,25.68,0.0,3,1
E00062845,2026-01-01 07:30:13,V05188,Z005,EXIT,92,17,81,19.069213,72.874751,25.68,0.0,3,1
E00259205,2026-01-01 07:30:14,V05724,Z015,ENTRY,0,19,116,19.108648,72.916784,25.68,0.0,3,1
E00178731,2026-01-01 07:30:14,V03010,Z012,ENTRY,0,23,147,19.059249,72.918021,25.68,0.0,3,1
E00163878,2026-01-01 07:30:14,V01558,Z011,ENTRY,0,8,93,19.106793,72.86963,25.68,0.0,3,1
E00259206,2026-01-01 07:30:18,V04609,Z015,ENTRY,0,20,116,19.110325,72.916771,25.68,0.0,3,1
E00206436,2026-01-01 07:30:25,V03124,Z013,EXIT,76,18,118,19.132506,72.900831,25.68,0.0,3,1
E00259207,2026-01-01 07:30:27,V05095,Z015,ENTRY,0,21,116,19.109358,72.918031,25.68,0.0,3,1
E00259208,2026-01-01 07:30:28,V03351,Z015,EXIT,38,20,116,19.108865,72.918512,25.68,0.0,3,1
E00303181,2026-01-01 07:30:31,V01986,Z016,EXIT,33,19,124,19.039534,72.913817,25.68,0.0,3,1
E00389428,2026-01-01 07:30:59,V00049,Z020,EXIT,107,10,84,19.098381,72.834994,25.68,0.0,3,1
E00362743,2026-01-01 07:31:15,V01573,Z019,EXIT,100,21,130,19.035254,72.898734,25.68,0.0,3,1
E00025834,2026-01-01 07:31:15,V05228,Z003,EXIT,134,24,108,19.092797,72.856767,25.68,0.0,3,1
E00303182,2026-01-01 07:31:16,V00655,Z016,ENTRY,0,20,124,19.04023,72.91506,25.68,0.0,3,1
E00222188,2026-01-01 07:31:48,V03970,Z014,ENTRY,0,20,121,19.124123,72.855382,25.68,0.0,3,1
E00163879,2026-01-01 07:31:48,V01881,Z011,ENTRY,0,9,93,19.106962,72.870376,25.68,0.0,3,1
E00303183,2026-01-01 07:31:49,V01328,Z016,EXIT,49,19,124,19.039151,72.913689,25.68,0.0,3,1
E00062846,2026-01-01 07:31:54,V00139,Z005,EXIT,34,16,81,19.069512,72.873069,25.68,0.0,3,1
E00135268,2026-01-01 07:32:01,V04275,Z008,EXIT,55,16,113,19.02282,72.874215,25.68,0.0,3,1
E00342391,2026-01-01 07:32:04,V05834,Z017,ENTRY,0,17,91,19.071894,72.864732,25.68,0.0,3,1
E00041315,2026-01-01 07:32:07,V01438,Z004,ENTRY,0,9,82,19.114488,72.862422,25.68,0.0,3,1
E00025835,2026-01-01 07:32:13,V03582,Z003,ENTRY,0,25,108,19.093119,72.856459,25.68,0.0,3,1
E00008463,2026-01-01 07:32:22,V00937,Z002,EXIT,127,17,122,19.127032,72.934753,25.68,0.0,3,1
E00008464,2026-01-01 07:32:23,V00074,Z002,ENTRY,0,18,122,19.127234,72.933103,25.68,0.0,3,1
E00303184,2026-01-01 07:32:27,V01800,Z016,ENTRY,0,20,124,19.038836,72.914773,25.68,0.0,3,1
E00362744,2026-01-01 07:32:31,V01136,Z019,EXIT,126,20,130,19.035333,72.899562,25.68,0.0,3,1
E00303185,2026-01-01 07:32:53,V05003,Z016,EXIT,32,19,124,19.039646,72.914775,25.68,0.0,3,1
E00062847,2026-01-01 07:33:12,V04531,Z005,ENTRY,0,17,81,19.069197,72.87482,25.68,0.0,3,1
E00303186,2026-01-01 07:33:43,V03428,Z016,ENTRY,0,20,124,19.038477,72.913397,25.68,0.0,3,1
E00025836,2026-01-01 07:33:57,V03439,Z003,ENTRY,0,26,108,19.092919,72.856441,25.68,0.0,3,1
E00062848,2026-01-01 07:34:02,V04171,Z005,EXIT,37,16,81,19.068738,72.873642,25.68,0.0,3,1
E00362745,2026-01-01 07:34:09,V02575,Z019,EXIT,29,19,130,19.035244,72.899408,25.68,0.0,3,1
E00008465,2026-01-01 07:34:17,V02717,Z002,EXIT,116,17,122,19.127424,72.934277,25.68,0.0,3,1
E00025837,2026-01-01 07:34:42,V04159,Z003,ENTRY,0,27,108,19.093133,72.856667,25.68,0.0,3,1
E00342392,2026-01-01 07:34:44,V00685,Z017,ENTRY,0,18,91,19.072925,72.863737,25.68,0.0,3,1
E00222189,2026-01-01 07:35:17,V00907,Z014,ENTRY,0,21,121,19.123671,72.856069,25.68,0.0,3,1
E00342393,2026-01-01 07:35:26,V00571,Z017,ENTRY,0,19,91,19.071768,72.865042,25.68,0.0,3,1
E00259209,2026-01-01 07:35:35,V01619,Z015,EXIT,43,19,116,19.110231,72.917618,25.68,0.0,3,1
E00362746,2026-01-01 07:35:43,V02101,Z019,EXIT,14,18,130,19.033857,72.898745,25.68,0.0,3,1
E00178732,2026-01-01 07:35:46,V02533,Z012,ENTRY,0,24,147,19.059126,72.917238,25.68,0.0,3,1
E00303187,2026-01-01 07:35:48,V05920,Z016,ENTRY,0,21,124,19.039898,72.913555,25.68,0.0,3,1
E00152410,2026-01-01 07:35:53,V01985,Z009,EXIT,48,6,54,19.114663,72.84537,25.68,0.0,3,1
E00135269,2026-01-01 07:35:54,V05272,Z008,EXIT,52,15,113,19.024598,72.874332,25.68,0.0,3,1
E00092309,2026-01-01 07:35:59,V03109,Z006,ENTRY,0,27,133,19.044021,72.840434,25.68,0.0,3,1
E00303188,2026-01-01 07:35:59,V04835,Z016,EXIT,23,20,124,19.039854,72.913611,25.68,0.0,3,1
E00342394,2026-01-01 07:36:23,V00092,Z017,EXIT,86,18,91,19.071689,72.863712,25.68,0.0,3,1
E00008466,2026-01-01 07:36:38,V03167,Z002,ENTRY,0,18,122,19.127683,72.934038,25.68,0.0,3,1
E00159541,2026-01-01 07:36:42,V03767,Z010,ENTRY,0,11,41,19.092544,72.897615,25.68,0.0,3,1
E00222190,2026-01-01 07:36:45,V02420,Z014,ENTRY,0,22,121,19.123496,72.854941,25.68,0.0,3,1
E00222191,2026-01-01 07:36:51,V03035,Z014,EXIT,34,21,121,19.122987,72.855131,25.68,0.0,3,1
E00362747,2026-01-01 07:36:52,V01848,Z019,ENTRY,0,19,130,19.035236,72.898823,25.68,0.0,3,1
E00178733,2026-01-01 07:36:55,V04432,Z012,ENTRY,0,25,147,19.057928,72.917411,25.68,0.0,3,1
E00222192,2026-01-01 07:36:55,V00817,Z014,EXIT,107,20,121,19.123358,72.855629,25.68,0.0,3,1
E00178734,2026-01-01 07:37:06,V01424,Z012,ENTRY,0,26,147,19.058025,72.91769,25.68,0.0,3,1
E00092310,2026-01-01 07:37:18,V00485,Z006,EXIT,148,26,133,19.043831,72.840333,25.68,0.0,3,1
E00389429,2026-01-01 07:37:22,V02340,Z020,EXIT,67,9,84,19.098953,72.834793,25.68,0.0,3,1
E00092311,2026-01-01 07:37:29,V02728,Z006,EXIT,45,25,133,19.043755,72.840693,25.68,0.0,3,1
E00342395,2026-01-01 07:37:36,V05960,Z017,ENTRY,0,19,91,19.072942,72.864062,25.68,0.0,3,1
E00041316,2026-01-01 07:37:38,V00871,Z004,EXIT,69,8,82,19.114631,72.862875,25.68,0.0,3,1
E00062849,2026-01-01 07:37:39,V04156,Z005,ENTRY,0,17,81,19.068551,72.875034,25.68,0.0,3,1
E00362748,2026-01-01 07:37:42,V03915,Z019,EXIT,83,18,130,19.033815,72.900292,25.68,0.0,3,1
E00041317,2026-01-01 07:37:43,V05175,Z004,ENTRY,0,9,82,19.115186,72.861415,25.68,0.0,3,1
E00206437,2026-01-01 07:37:44,V05377,Z013,ENTRY,0,19,118,19.132941,72.902579,25.68,0.0,3,1
E00092312,2026-01-01 07:37:59,V02385,Z006,EXIT,53,24,133,19.042334,72.840168,25.68,0.0,3,1
E00008467,2026-01-01 07:38:00,V01482,Z002,EXIT,28,17,122,19.126967,72.933881,25.68,0.0,3,1
E00092313,2026-01-01 07:38:08,V00903,Z006,EXIT,122,23,133,19.043762,72.841131,25.68,0.0,3,1
E00025838,2026-01-01 07:38:19,V02996,Z003,EXIT,80,26,108,19.0924,72.857334,25.68,0.0,3,1
E00222193,2026-01-01 07:38:28,V03701,Z014,ENTRY,0,21,121,19.123402,72.855741,25.68,0.0,3,1
E00303189,2026-01-01 07:38:37,V04825,Z016,ENTRY,0,21,124,19.039522,72.914488,25.68,0.0,3,1
E00206438,2026-01-01 07:38:46,V04928,Z013,ENTRY,0,20,118,19.132786,72.901576,25.68,0.0,3,1
E00355421,2026-01-01 07:38:52,V04311,Z018,EXIT,32,7,45,19.021032,72.851953,25.68,0.0,3,1
E00303190,2026-01-01 07:39:09,V05835,Z016,EXIT,93,20,124,19.038543,72.914927,25.68,0.0,3,1
E00062850,2026-01-01 07:39:25,V02105,Z005,ENTRY,0,18,81,19.069807,72.874577,25.68,0.0,3,1
E00342396,2026-01-01 07:39:30,V03837,Z017,EXIT,152,18,91,19.072598,72.864198,25.68,0.0,3,1
E00362749,2026-01-01 07:39:45,V05608,Z019,EXIT,113,17,130,19.034277,72.898789,25.68,0.0,3,1
E00092314,2026-01-01 07:39:59,V01376,Z006,ENTRY,0,24,133,19.044152,72.839869,25.68,0.0,3,1
E00259210,2026-01-01 07:40:03,V01914,Z015,EXIT,37,18,116,19.109801,72.917353,25.68,0.0,3,1
E00008468,2026-01-01 07:40:04,V03421,Z002,EXIT,41,16,122,19.127946,72.934197,25.68,0.0,3,1
E00092315,2026-01-01 07:40:06,V02348,Z006,ENTRY,0,25,133,19.042653,72.84128,25.68,0.0,3,1
E00303191,2026-01-01 07:40:06,V05747,Z016,EXIT,31,19,124,19.039783,72.914628,25.68,0.0,3,1
E00222194,2026-01-01 07:40:19,V03888,Z014,EXIT,11,20,121,19.123225,72.85572,25.68,0.0,3,1
E00259211,2026-01-01 07:40:27,V01329,Z015,ENTRY,0,19,116,19.10854,72.918568,25.68,0.0,3,1
E00222195,2026-01-01 07:40:30,V04217,Z014,EXIT,48,19,121,19.123196,72.855614,25.68,0.0,3,1
E00025839,2026-01-01 07:40:37,V03023,Z003,EXIT,228,25,108,19.093887,72.856544,25.68,0.0,3,1
E00303192,2026-01-01 07:40:38,V01382,Z016,ENTRY,0,20,124,19.038756,72.915213,25.68,0.0,3,1
E00178735,2026-01-01 07:40:41,V04499,Z012,EXIT,152,25,147,19.05809,72.918151,25.68,0.0,3,1
E00062851,2026-01-01 07:40:44,V05029,Z005,ENTRY,0,19,81,19.069275,72.873479,25.68,0.0,3,1
E00362750,2026-01-01 07:40:50,V02683,Z019,EXIT,34,16,130,19.034178,72.898974,25.68,0.0,3,1
E00303193,2026-01-01 07:40:55,V03180,Z016,ENTRY,0,21,124,19.038435,72.9147,25.68,0.0,3,1
E00163880,2026-01-01 07:41:01,V01973,Z011,ENTRY,0,10,93,19.107966,72.870426,25.68,0.0,3,1
E00259212,2026-01-01 07:41:04,V05779,Z015,EXIT,42,18,116,19.109929,72.917644,25.68,0.0,3,1
E00159542,2026-01-01 07:41:06,V03632,Z010,EXIT,51,10,41,19.091364,72.898507,25.68,0.0,3,1
E00062852,2026-01-01 07:41:15,V05161,Z005,ENTRY,0,20,81,19.069343,72.873575,25.68,0.0,3,1
E00092316,2026-01-01 07:41:20,V04329,Z006,EXIT,124,24,133,19.042299,72.840293,25.68,0.0,3,1
E00178736,2026-01-01 07:41:36,V04492,Z012,EXIT,106,24,147,19.058441,72.917179,25.68,0.0,3,1
E00259213,2026-01-01 07:41:39,V00369,Z015,EXIT,45,17,116,19.109375,72.91791,25.68,0.0,3,1
E00222196,2026-01-01 07:41:49,V04307,Z014,ENTRY,0,20,121,19.12275,72.854537,25.68,0.0,3,1
E00303194,2026-01-01 07:41:52,V04129,Z016,EXIT,49,20,124,19.040352,72.913306,25.68,0.0,3,1
E00041318,2026-01-01 07:41:55,V02114,Z004,ENTRY,0,10,82,19.1149,72.862619,25.68,0.0,3,1
E00062853,2026-01-01 07:41:56,V04844,Z005,EXIT,32,19,81,19.068569,72.874558,25.68,0.0,3,1
E00259214,2026-01-01 07:42:03,V05697,Z015,ENTRY,0,18,116,19.108594,72.917275,25.68,0.0,3,1
E00342397,2026-01-01 07:42:20,V04441,Z017,EXIT,95,17,91,19.072089,72.863837,25.68,0.0,3,1
E00389430,2026-01-01 07:42:25,V02237,Z020,EXIT,69,8,84,19.09816,72.833552,25.68,0.0,3,1
E00092317,2026-01-01 07:42:28,V04154,Z006,EXIT,42,23,133,19.043256,72.840484,25.68,0.0,3,1
E00008469,2026-01-01 07:42:42,V02139,Z002,EXIT,98,15,122,19.126236,72.933481,25.68,0.0,3,1
E00135270,2026-01-01 07:42:43,V04498,Z008,ENTRY,0,16,113,19.023777,72.87436,25.68,0.0,3,1
E00178737,2026-01-01 07:42:44,V00274,Z012,ENTRY,0,25,147,19.057992,72.916675,25.68,0.0,3,1
E00362751,2026-01-01 07:42:51,V04407,Z019,EXIT,45,15,130,19.03547,72.899077,25.68,0.0,3,1
E00062854,2026-01-01 07:42:53,V05213,Z005,EXIT,17,18,81,19.069677,72.873283,25.68,0.0,3,1
E00041319,2026-01-01 07:43:07,V02314,Z004,ENTRY,0,11,82,19.115146,72.86275,25.68,0.0,3,1
E00062855,2026-01-01 07:43:09,V01466,Z005,ENTRY,0,19,81,19.069352,72.874781,25.68,0.0,3,1
E00025840,2026-01-01 07:43:17,V02820,Z003,EXIT,122,24,108,19.094146,72.857291,25.68,0.0,3,1
E00303195,2026-01-01 07:43:34,V01257,Z016,ENTRY,0,21,124,19.038819,72.91426,25.68,0.0,3,1
E00092318,2026-01-01 07:43:53,V05439,Z006,EXIT,74,22,133,19.043202,72.840371,25.68,0.0,3,1
E00206439,2026-01-01 07:43:58,V00268,Z013,EXIT,83,19,118,19.132816,72.901796,25.68,0.0,3,1
E00025841,2026-01-01 07:44:05,V01075,Z003,ENTRY,0,25,108,19.094033,72.856786,25.68,0.0,3,1
E00178738,2026-01-01 07:44:05,V05156,Z012,EXIT,103,24,147,19.058239,72.918002,25.68,0.0,3,1
E00178739,2026-01-01 07:44:07,V05557,Z012,EXIT,89,23,147,19.057576,72.91665,25.68,0.0,3,1
E00303196,2026-01-01 07:44:08,V03241,Z016,ENTRY,0,22,124,19.040241,72.914412,25.68,0.0,3,1
E00259215,2026-01-01 07:44:12,V00196,Z015,ENTRY,0,19,116,19.109656,72.916643,25.68,0.0,3,1
E00062856,2026-01-01 07:44:17,V05313,Z005,ENTRY,0,20,81,19.068917,72.874704,25.68,0.0,3,1
E00355422,2026-01-01 07:44:29,V02060,Z018,EXIT,24,6,45,19.021625,72.852009,25.68,0.0,3,1
E00062857,2026-01-01 07:44:47,V00936,Z005,ENTRY,0,21,81,19.069393,72.874095,25.68,0.0,3,1
E00303197,2026-01-01 07:44:48,V05729,Z016,EXIT,30,21,124,19.039178,72.913633,25.68,0.0,3,1
E00008470,2026-01-01 07:44:53,V00344,Z002,EXIT,67,14,122,19.127261,72.933442,25.68,0.0,3,1
E00092319,2026-01-01 07:44:59,V03419,Z006,EXIT,74,21,133,19.04406,72.839538,25.68,0.0,3,1
E00062858,2026-01-01 07:45:12,V04109,Z005,EXIT,42,20,81,19.068933,72.87477,25.68,0.0,3,1
E00041320,2026-01-01 07:45:13,V05699,Z004,ENTRY,0,12,82,19.115133,72.862855,25.68,0.0,3,1
E00092320,2026-01-01 07:45:23,V04059,Z006,ENTRY,0,22,133,19.042853,72.839561,25.68,0.0,3,1
E00259216,2026-01-01 07:45:25,V05108,Z015,EXIT,36,18,116,19.109853,72.91808,25.68,0.0,3,1
E00062859,2026-01-01 07:45:28,V04093,Z005,ENTRY,0,21,81,19.069065,72.875007,25.68,0.0,3,1
E00135271,2026-01-01 07:45:29,V01982,Z008,ENTRY,0,17,113,19.02337,72.875703,25.68,0.0,3,1
E00062860,2026-01-01 07:45:29,V02594,Z005,EXIT,41,20,81,19.069654,72.873852,25.68,0.0,3,1
E00206440,2026-01-01 07:45:34,V00381,Z013,ENTRY,0,20,118,19.132063,72.901752,25.68,0.0,3,1
E00126576,2026-01-01 07:45:36,V05657,Z007,EXIT,40,2,40,19.082058,72.832799,25.68,0.0,3,1
E00389431,2026-01-01 07:45:37,V00200,Z020,EXIT,136,7,84,19.098322,72.835203,25.68,0.0,3,1
E00041321,2026-01-01 07:45:38,V01314,Z004,EXIT,42,11,82,19.113813,72.862581,25.68,0.0,3,1
E00362752,2026-01-01 07:45:54,V03257,Z019,ENTRY,0,16,130,19.03506,72.899113,25.68,0.0,3,1
E00222197,2026-01-01 07:46:16,V00632,Z014,EXIT,39,19,121,19.122865,72.854492,25.68,0.0,3,1
E00178740,2026-01-01 07:46:23,V01909,Z012,ENTRY,0,24,147,19.058286,72.9179,25.68,0.0,3,1
E00389432,2026-01-01 07:46:34,V02261,Z020,EXIT,149,6,84,19.097206,72.834323,25.68,0.0,3,1
E00206441,2026-01-01 07:46:36,V00650,Z013,EXIT,132,19,118,19.133108,72.901745,25.68,0.0,3,1
E00041322,2026-01-01 07:46:39,V04530,Z004,ENTRY,0,12,82,19.115352,72.861547,25.68,0.0,3,1
E00062861,2026-01-01 07:46:39,V02451,Z005,ENTRY,0,21,81,19.06878,72.873587,25.68,0.0,3,1
E00222198,2026-01-01 07:46:40,V05725,Z014,EXIT,49,18,121,19.123873,72.854977,25.68,0.0,3,1
E00259217,2026-01-01 07:46:44,V03894,Z015,EXIT,29,17,116,19.108822,72.9169,25.68,0.0,3,1
E00092321,2026-01-01 07:46:45,V05645,Z006,ENTRY,0,23,133,19.042353,72.841256,25.68,0.0,3,1
E00222199,2026-01-01 07:46:55,V02474,Z014,ENTRY,0,19,121,19.123696,72.855544,25.68,0.0,3,1
E00362753,2026-01-01 07:47:03,V04482,Z019,EXIT,102,15,130,19.033839,72.900277,25.68,0.0,3,1
E00000022,2026-01-01 07:47:25,V04996,Z001,ENTRY,0,4,40,19.061155,72.906597,25.68,0.0,3,1
E00025842,2026-01-01 07:47:26,V03404,Z003,EXIT,111,24,108,19.092635,72.856323,25.68,0.0,3,1
E00222200,2026-01-01 07:47:27,V03038,Z014,ENTRY,0,20,121,19.122924,72.855088,25.68,0.0,3,1
E00025843,2026-01-01 07:47:29,V04971,Z003,ENTRY,0,25,108,19.093201,72.857526,25.68,0.0,3,1
E00159543,2026-01-01 07:47:36,V03918,Z010,ENTRY,0,11,41,19.091613,72.897326,25.68,0.0,3,1
E00092322,2026-01-01 07:47:40,V05046,Z006,ENTRY,0,24,133,19.044205,72.84095,25.68,0.0,3,1
E00303198,2026-01-01 07:47:41,V04222,Z016,EXIT,157,20,124,19.038916,72.913961,25.68,0.0,3,1
E00259218,2026-01-01 07:47:44,V05152,Z015,ENTRY,0,18,116,19.110175,72.917478,25.68,0.0,3,1
E00092323,2026-01-01 07:47:54,V01306,Z006,ENTRY,0,25,133,19.042907,72.839604,25.68,0.0,3,1
E00178741,2026-01-01 07:47:55,V00110,Z012,EXIT,113,23,147,19.05931,72.917804,25.68,0.0,3,1
E00222201,2026-01-01 07:48:00,V00963,Z014,ENTRY,0,21,121,19.123577,72.854945,25.68,0.0,3,1
E00062862,2026-01-01 07:48:00,V02001,Z005,ENTRY,0,22,81,19.069028,72.874609,25.68,0.0,3,1
E00135272,2026-01-01 07:48:24,V04652,Z008,EXIT,52,16,113,19.024189,72.875456,25.68,0.0,3,1
E00092324,2026-01-01 07:48:25,V01014,Z006,EXIT,39,24,133,19.04387,72.840895,25.68,0.0,3,1
E00163881,2026-01-01 07:48:32,V05654,Z011,ENTRY,0,11,93,19.107488,72.870707,25.68,0.0,3,1
E00222202,2026-01-01 07:48:39,V04587,Z014,ENTRY,0,22,121,19.122939,72.854714,25.68,0.0,3,1
E00355423,2026-01-01 07:48:51,V03633,Z018,EXIT,87,5,45,19.021953,72.851797,25.68,0.0,3,1
E00259219,2026-01-01 07:48:51,V04341,Z015,EXIT,19,17,116,19.109174,72.918482,25.68,0.0,3,1
E00222203,2026-01-01 07:48:57,V03054,Z014,ENTRY,0,23,121,19.123254,72.854346,25.68,0.0,3,1
E00178742,2026-01-01 07:48:59,V00015,Z012,EXIT,46,22,147,19.057896,72.918365,25.68,0.0,3,1
E00259220,2026-01-01 07:49:00,V04420,Z015,ENTRY,0,18,116,19.10889,72.916611,25.68,0.0,3,1
E00092325,2026-01-01 07:49:09,V03745,Z006,ENTRY,0,25,133,19.044116,72.840899,25.68,0.0,3,1
E00062863,2026-01-01 07:49:10,V00325,Z005,EXIT,21,21,81,19.069402,72.873454,25.68,0.0,3,1
E00062864,2026-01-01 07:49:12,V04531,Z005,EXIT,16,20,81,19.069768,72.873152,25.68,0.0,3,1
E00303199,2026-01-01 07:49:21,V00192,Z016,EXIT,22,19,124,19.038475,72.914129,25.68,0.0,3,1
E00303200,2026-01-01 07:49:26,V02785,Z016,ENTRY,0,20,124,19.039743,72.914864,25.68,0.0,3,1
E00135273,2026-01-01 07:49:35,V02753,Z008,ENTRY,0,17,113,19.023351,72.875519,25.68,0.0,3,1
E00062865,2026-01-01 07:49:47,V05285,Z005,ENTRY,0,21,81,19.06933,72.873516,25.68,0.0,3,1
E00092326,2026-01-01 07:49:48,V04032,Z006,ENTRY,0,26,133,19.043179,72.840155,25.68,0.0,3,1
E00135274,2026-01-01 07:49:49,V01853,Z008,EXIT,157,16,113,19.023095,72.874978,25.68,0.0,3,1
E00025844,2026-01-01 07:49:56,V01959,Z003,EXIT,65,24,108,19.094217,72.857447,25.68,0.0,3,1
E00178743,2026-01-01 07:50:00,V00603,Z012,ENTRY,0,23,147,19.059002,72.918524,25.68,0.0,3,1
E00222204,2026-01-01 07:50:10,V04742,Z014,ENTRY,0,24,121,19.123374,72.855806,25.68,0.0,3,1
E00178744,2026-01-01 07:50:24,V03056,Z012,ENTRY,0,24,147,19.057547,72.917396,25.68,0.0,3,1
E00355424,2026-01-01 07:50:42,V01237,Z018,ENTRY,0,6,45,19.020405,72.851689,25.68,0.0,3,1
E00303201,2026-01-01 07:51:10,V05281,Z016,ENTRY,0,21,124,19.040164,72.913286,25.68,0.0,3,1
E00092327,2026-01-01 07:51:13,V04775,Z006,ENTRY,0,27,133,19.044106,72.841091,25.68,0.0,3,1
E00025845,2026-01-01 07:51:19,V00008,Z003,EXIT,152,23,108,19.093089,72.856787,25.68,0.0,3,1
E00259221,2026-01-01 07:51:22,V04461,Z015,ENTRY,0,19,116,19.109281,72.918014,25.68,0.0,3,1
E00025846,2026-01-01 07:51:24,V02437,Z003,EXIT,151,22,108,19.09388,72.856338,25.68,0.0,3,1
E00303202,2026-01-01 07:51:40,V05484,Z016,EXIT,101,20,124,19.038978,72.914377,25.68,0.0,3,1
E00062866,2026-01-01 07:51:44,V04395,Z005,ENTRY,0,22,81,19.069259,72.874753,25.68,0.0,3,1
E00303203,2026-01-01 07:52:00,V05619,Z016,ENTRY,0,21,124,19.038982,72.914756,25.68,0.0,3,1
E00222205,2026-01-01 07:52:02,V02821,Z014,ENTRY,0,25,121,19.124013,72.854715,25.68,0.0,3,1
E00041323,2026-01-01 07:52:13,V03343,Z004,ENTRY,0,13,82,19.11406,72.861711,25.68,0.0,3,1
E00303204,2026-01-01 07:52:17,V05547,Z016,EXIT,118,20,124,19.03977,72.913446,25.68,0.0,3,1
E00152411,2026-01-01 07:52:17,V00633,Z009,EXIT,146,5,54,19.114788,72.844979,25.68,0.0,3,1
E00062867,2026-01-01 07:52:21,V02038,Z005,EXIT,49,21,81,19.068414,72.873414,25.68,0.0,3,1
E00025847,2026-01-01 07:52:26,V04033,Z003,EXIT,124,21,108,19.092349,72.85675,25.68,0.0,3,1
E00303205,2026-01-01 07:52:27,V02911,Z016,ENTRY,0,21,124,19.038954,72.913822,25.68,0.0,3,1
E00259222,2026-01-01 07:52:33,V01694,Z015,EXIT,33,18,116,19.110265,72.917354,25.68,0.0,3,1
E00222206,2026-01-01 07:52:34,V00781,Z014,ENTRY,0,26,121,19.122802,72.855397,25.68,0.0,3,1
E00355425,2026-01-01 07:52:46,V01925,Z018,ENTRY,0,7,45,19.021982,72.852328,25.68,0.0,3,1
E00008471,2026-01-01 07:52:58,V04273,Z002,EXIT,98,13,122,19.127888,72.934216,25.68,0.0,3,1
E00041324,2026-01-01 07:53:15,V04398,Z004,EXIT,49,12,82,19.115221,72.862038,25.68,0.0,3,1
E00025848,2026-01-01 07:53:16,V01730,Z003,ENTRY,0,22,108,19.092763,72.85634,25.68,0.0,3,1
E00259223,2026-01-01 07:53:21,V02566,Z015,ENTRY,0,19,116,19.109118,72.918501,25.68,0.0,3,1
E00092328,2026-01-01 07:53:22,V01805,Z006,ENTRY,0,28,133,19.042652,72.841085,25.68,0.0,3,1
E00355426,2026-01-01 07:53:41,V04223,Z018,EXIT,135,6,45,19.022092,72.851662,25.68,0.0,3,1
E00062868,2026-01-01 07:53:47,V03573,Z005,ENTRY,0,22,81,19.068339,72.873497,25.68,0.0,3,1
E00178745,2026-01-01 07:53:48,V01884,Z012,EXIT,109,23,147,19.059456,72.918086,25.68,0.0,3,1
E00135275,2026-01-01 07:53:49,V02085,Z008,ENTRY,0,17,113,19.023864,72.874673,25.68,0.0,3,1
E00178746,2026-01-01 07:53:50,V02112,Z012,ENTRY,0,24,147,19.058622,72.917632,25.68,0.0,3,1
E00362754,2026-01-01 07:53:56,V03422,Z019,ENTRY,0,16,130,19.034249,72.900332,25.68,0.0,3,1
E00178747,2026-01-01 07:54:00,V04749,Z012,ENTRY,0,25,147,19.059528,72.917437,25.68,0.0,3,1
E00259224,2026-01-01 07:54:02,V03723,Z015,ENTRY,0,20,116,19.110335,72.918183,25.68,0.0,3,1
E00163882,2026-01-01 07:54:05,V05255,Z011,ENTRY,0,12,93,19.10621,72.870326,25.68,0.0,3,1
E00206442,2026-01-01 07:54:08,V03226,Z013,EXIT,110,18,118,19.131561,72.902711,25.68,0.0,3,1
E00025849,2026-01-01 07:54:15,V01133,Z003,EXIT,110,21,108,19.094172,72.855935,25.68,0.0,3,1
E00041325,2026-01-01 07:54:23,V02529,Z004,ENTRY,0,13,82,19.114379,72.861965,25.68,0.0,3,1
E00163883,2026-01-01 07:54:27,V01730,Z011,EXIT,115,11,93,19.107694,72.871014,25.68,0.0,3,1
E00135276,2026-01-01 07:54:33,V04038,Z008,ENTRY,0,18,113,19.024385,72.874899,25.68,0.0,3,1
E00041326,2026-01-01 07:54:36,V00493,Z004,ENTRY,0,14,82,19.115067,72.861802,25.68,0.0,3,1
E00135277,2026-01-01 07:54:36,V04169,Z008,ENTRY,0,19,113,19.023245,72.87458,25.68,0.0,3,1
E00362755,2026-01-01 07:54:44,V00972,Z019,EXIT,153,15,130,19.034005,72.899721,25.68,0.0,3,1
E00389433,2026-01-01 07:54:44,V01947,Z020,EXIT,64,5,84,19.098272,72.834968,25.68,0.0,3,1
E00062869,2026-01-01 07:54:50,V05315,Z005,ENTRY,0,23,81,19.068865,72.874546,25.68,0.0,3,1
E00062870,2026-01-01 07:55:36,V05938,Z005,EXIT,64,22,81,19.070134,72.874012,25.68,0.0,3,1
E00062871,2026-01-01 07:55:40,V00953,Z005,ENTRY,0,23,81,19.069977,72.874693,25.68,0.0,3,1
E00259225,2026-01-01 07:55:46,V01757,Z015,EXIT,62,19,116,19.108665,72.917118,25.68,0.0,3,1
E00303206,2026-01-01 07:55:47,V05510,Z016,EXIT,80,20,124,19.039431,72.91339,25.68,0.0,3,1
E00303207,2026-01-01 07:55:49,V00212,Z016,EXIT,60,19,124,19.038464,72.915205,25.68,0.0,3,1
E00092329,2026-01-01 07:55:54,V04748,Z006,EXIT,94,27,133,19.04245,72.840629,25.68,0.0,3,1
E00222207,2026-01-01 07:56:09,V02798,Z014,ENTRY,0,27,121,19.122816,72.856071,25.68,0.0,3,1
E00092330,2026-01-01 07:56:12,V00882,Z006,EXIT,48,26,133,19.043312,72.840623,25.68,0.0,3,1
E00355427,2026-01-01 07:56:14,V02682,Z018,ENTRY,0,7,45,19.021366,72.852385,25.68,0.0,3,1
E00342398,2026-01-01 07:56:33,V00578,Z017,EXIT,115,16,91,19.071928,72.864392,25.68,0.0,3,1
E00163884,2026-01-01 07:56:36,V05118,Z011,ENTRY,0,12,93,19.107765,72.870739,25.68,0.0,3,1
E00362756,2026-01-01 07:56:37,V05403,Z019,ENTRY,0,16,130,19.034123,72.898758,25.68,0.0,3,1
E00222208,2026-01-01 07:56:50,V03274,Z014,ENTRY,0,28,121,19.123293,72.855994,25.68,0.0,3,1
E00355428,2026-01-01 07:56:55,V04244,Z018,ENTRY,0,8,45,19.021951,72.853286,25.68,0.0,3,1
E00062872,2026-01-01 07:57:00,V00965,Z005,ENTRY,0,24,81,19.070037,72.874036,25.68,0.0,3,1
E00092331,2026-01-01 07:57:09,V03545,Z006,ENTRY,0,27,133,19.042968,72.839956,25.68,0.0,3,1
E00062873,2026-01-01 07:57:09,V01859,Z005,EXIT,103,23,81,19.069209,72.873542,25.68,0.0,3,1
E00389434,2026-01-01 07:57:18,V00075,Z020,ENTRY,0,6,84,19.098965,72.834627,25.68,0.0,3,1
E00342399,2026-01-01 07:57:30,V03407,Z017,EXIT,122,15,91,19.071619,72.86364,25.68,0.0,3,1
E00092332,2026-01-01 07:57:31,V04905,Z006,ENTRY,0,28,133,19.043383,72.841135,25.68,0.0,3,1
E00041327,2026-01-01 07:57:49,V05565,Z004,EXIT,86,13,82,19.114436,72.862434,25.68,0.0,3,1
E00178748,2026-01-01 07:57:54,V01947,Z012,ENTRY,0,26,147,19.058918,72.918126,25.68,0.0,3,1
E00303208,2026-01-01 07:57:57,V05108,Z016,ENTRY,0,20,124,19.039259,72.913562,25.68,0.0,3,1
E00092333,2026-01-01 07:58:13,V01745,Z006,EXIT,89,27,133,19.043169,72.839716,25.68,0.0,3,1
E00222209,2026-01-01 07:58:13,V04102,Z014,EXIT,34,27,121,19.12364,72.855,25.68,0.0,3,1
E00000023,2026-01-01 07:58:30,V03452,Z001,ENTRY,0,5,40,19.060896,72.906878,25.68,0.0,3,1
E00008472,2026-01-01 07:58:44,V03166,Z002,EXIT,87,12,122,19.127986,72.934797,25.68,0.0,3,1
E00222210,2026-01-01 07:58:47,V04163,Z014,ENTRY,0,28,121,19.124111,72.856079,25.68,0.0,3,1
E00303209,2026-01-01 07:58:48,V05920,Z016,EXIT,23,19,124,19.039064,72.913393,25.68,0.0,3,1
E00178749,2026-01-01 07:58:52,V01436,Z012,ENTRY,0,27,147,19.05767,72.916652,25.68,0.0,3,1
E00178750,2026-01-01 07:59:05,V04316,Z012,ENTRY,0,28,147,19.058709,72.918339,25.68,0.0,3,1
E00389435,2026-01-01 07:59:06,V04271,Z020,EXIT,89,5,84,19.098952,72.833934,25.68,0.0,3,1
E00206443,2026-01-01 07:59:13,V00147,Z013,ENTRY,0,19,118,19.132577,72.901256,25.68,0.0,3,1
E00159544,2026-01-01 07:59:16,V03330,Z010,EXIT,79,10,41,19.091218,72.898594,25.68,0.0,3,1
E00259226,2026-01-01 07:59:18,V04609,Z015,EXIT,29,18,116,19.109538,72.916886,25.68,0.0,3,1
E00163885,2026-01-01 07:59:24,V02108,Z011,ENTRY,0,13,93,19.107232,72.869886,25.68,0.0,3,1
E00303210,2026-01-01 07:59:30,V05742,Z016,EXIT,36,18,124,19.038991,72.913993,25.68,0.0,3,1
E00092334,2026-01-01 07:59:38,V00821,Z006,ENTRY,0,28,133,19.044248,72.840366,25.68,0.0,3,1
E00062874,2026-01-01 07:59:44,V04908,Z005,ENTRY,0,24,81,19.070028,72.873526,25.68,0.0,3,1
E00362757,2026-01-01 07:59:51,V05581,Z019,EXIT,72,15,130,19.03502,72.900515,25.68,0.0,3,1
E00355429,2026-01-01 07:59:56,V04242,Z018,ENTRY,0,9,45,19.021213,72.852252,25.68,0.0,3,1
E00342400,2026-01-01 07:59:58,V03425,Z017,ENTRY,0,16,91,19.071058,72.863569,25.68,0.0,3,1
E00259227,2026-01-01 08:00:06,V05645,Z015,ENTRY,0,19,116,19.109368,72.918442,25.68,0.0,3,1
E00342401,2026-01-01 08:00:10,V05390,Z017,EXIT,89,15,91,19.072375,72.86364,25.68,0.0,3,1
E00025850,2026-01-01 08:00:16,V04885,Z003,EXIT,97,20,108,19.093816,72.856789,25.68,0.0,3,1
E00206444,2026-01-01 08:00:17,V04820,Z013,ENTRY,0,20,118,19.132828,72.901308,25.68,0.0,3,1
E00092335,2026-01-01 08:00:19,V00504,Z006,ENTRY,0,29,133,19.04236,72.840873,25.68,0.0,3,1
E00178751,2026-01-01 08:00:25,V02799,Z012,ENTRY,0,29,147,19.058903,72.916833,25.68,0.0,3,1
E00000024,2026-01-01 08:00:27,V00147,Z001,ENTRY,0,6,40,19.060597,72.907658,25.68,0.0,3,1
E00126577,2026-01-01 08:00:33,V00023,Z007,ENTRY,0,3,40,19.081766,72.832451,25.68,0.0,3,1
E00178752,2026-01-01 08:00:37,V05788,Z012,ENTRY,0,30,147,19.057887,72.918307,25.68,0.0,3,1
E00062875,2026-01-01 08:00:37,V00528,Z005,EXIT,40,23,81,19.069122,72.874972,25.68,0.0,3,1
E00259228,2026-01-01 08:00:38,V01382,Z015,ENTRY,0,20,116,19.109382,72.91725,25.68,0.0,3,1
E00025851,2026-01-01 08:00:39,V00741,Z003,ENTRY,0,21,108,19.092415,72.855934,25.68,0.0,3,1
E00222211,2026-01-01 08:00:43,V01138,Z014,ENTRY,0,29,121,19.122457,72.854344,25.68,0.0,3,1
E00000025,2026-01-01 08:00:45,V03605,Z001,ENTRY,0,7,40,19.061328,72.9074,25.68,0.0,3,1
E00178753,2026-01-01 08:00:45,V02665,Z012,ENTRY,0,31,147,19.059291,72.917252,25.68,0.0,3,1
E00342402,2026-01-01 08:00:46,V04580,Z017,EXIT,37,14,91,19.072811,72.863508,25.68,0.0,3,1
E00178754,2026-01-01 08:00:55,V04669,Z012,ENTRY,0,32,147,19.059106,72.918077,25.68,0.0,3,1
E00303211,2026-01-01 08:01:02,V00895,Z016,ENTRY,0,19,124,19.039233,72.913542,25.68,0.0,3,1
E00303212,2026-01-01 08:01:06,V03043,Z016,ENTRY,0,20,124,19.038969,72.914662,25.68,0.0,3,1
E00092336,2026-01-01 08:01:07,V02962,Z006,EXIT,54,28,133,19.043634,72.841038,25.68,0.0,3,1
E00092337,2026-01-01 08:01:11,V01981,Z006,ENTRY,0,29,133,19.04392,72.840323,25.68,0.0,3,1
E00135278,2026-01-01 08:01:12,V00060,Z008,ENTRY,0,20,113,19.024437,72.874,25.68,0.0,3,1
E00041328,2026-01-01 08:01:19,V03480,Z004,ENTRY,0,14,82,19.115414,72.862134,25.68,0.0,3,1
E00362758,2026-01-01 08:01:30,V01713,Z019,ENTRY,0,16,130,19.035398,72.898928,25.68,0.0,3,1
E00303213,2026-01-01 08:01:35,V01244,Z016,ENTRY,0,21,124,19.040337,72.91354,25.68,0.0,3,1
E00222212,2026-01-01 08:01:55,V03948,Z014,ENTRY,0,30,121,19.122787,72.855106,25.68,0.0,3,1
E00178755,2026-01-01 08:01:59,V05336,Z012,EXIT,66,31,147,19.05889,72.918095,25.68,0.0,3,1
E00389436,2026-01-01 08:02:02,V01622,Z020,ENTRY,0,6,84,19.097948,72.835329,25.68,0.0,3,1
E00152412,2026-01-01 08:02:05,V03215,Z009,ENTRY,0,6,54,19.116036,72.844428,25.68,0.0,3,1
E00062876,2026-01-01 08:02:09,V00819,Z005,ENTRY,0,24,81,19.070146,72.874917,25.68,0.0,3,1
E00259229,2026-01-01 08:02:12,V00196,Z015,EXIT,18,19,116,19.109115,72.91834,25.68,0.0,3,1
E00062877,2026-01-01 08:02:15,V05936,Z005,ENTRY,0,25,81,19.06982,72.873354,25.68,0.0,3,1
E00062878,2026-01-01 08:02:21,V03679,Z005,ENTRY,0,26,81,19.070037,72.873715,25.68,0.0,3,1
E00259230,2026-01-01 08:02:25,V01251,Z015,ENTRY,0,20,116,19.110395,72.917467,25.68,0.0,3,1
E00163886,2026-01-01 08:02:27,V05385,Z011,ENTRY,0,14,93,19.106411,72.869274,25.68,0.0,3,1
E00163887,2026-01-01 08:02:27,V03244,Z011,ENTRY,0,15,93,19.105999,72.869412,25.68,0.0,3,1
E00206445,2026-01-01 08:02:28,V02073,Z013,EXIT,52,19,118,19.131806,72.900898,25.68,0.0,3,1
E00355430,2026-01-01 08:02:28,V05081,Z018,EXIT,176,8,45,19.020607,72.852296,25.68,0.0,3,1
E00259231,2026-01-01 08:02:29,V00575,Z015,ENTRY,0,21,116,19.108944,72.918014,25.68,0.0,3,1
E00163888,2026-01-01 08:02:34,V01964,Z011,ENTRY,0,16,93,19.106097,72.869604,25.68,0.0,3,1
E00008473,2026-01-01 08:02:38,V04314,Z002,ENTRY,0,13,122,19.128188,72.934535,25.68,0.0,3,1
E00135279,2026-01-01 08:02:40,V05884,Z008,ENTRY,0,21,113,19.024029,72.874164,25.68,0.0,3,1
E00000026,2026-01-01 08:02:43,V03760,Z001,ENTRY,0,8,40,19.06083,72.907925,25.68,0.0,3,1
E00259232,2026-01-01 08:02:50,V02183,Z015,ENTRY,0,22,116,19.109026,72.918338,25.68,0.0,3,1
E00178756,2026-01-01 08:02:55,V05064,Z012,EXIT,80,30,147,19.059036,72.917844,25.68,0.0,3,1
E00062879,2026-01-01 08:02:55,V00121,Z005,ENTRY,0,27,81,19.068356,72.87347,25.68,0.0,3,1
E00041329,2026-01-01 08:03:14,V03872,Z004,ENTRY,0,15,82,19.114273,72.861751,25.68,0.0,3,1
E00206446,2026-01-01 08:03:14,V02813,Z013,ENTRY,0,20,118,19.131787,72.901916,25.68,0.0,3,1
E00092338,2026-01-01 08:03:15,V02793,Z006,ENTRY,0,30,133,19.043948,72.841158,25.68,0.0,3,1
E00178757,2026-01-01 08:03:16,V01436,Z012,ENTRY,0,31,147,19.058227,72.91742,25.68,0.0,3,1
E00303214,2026-01-01 08:03:17,V04581,Z016,ENTRY,0,22,124,19.039251,72.914841,25.68,0.0,3,1
E00135280,2026-01-01 08:03:21,V01427,Z008,EXIT,52,20,113,19.023844,72.875537,25.68,0.0,3,1
E00222213,2026-01-01 08:03:27,V04144,Z014,ENTRY,0,31,121,19.122345,72.854897,25.68,0.0,3,1
E00008474,2026-01-01 08:03:28,V05308,Z002,ENTRY,0,14,122,19.127068,72.933415,25.68,0.0,3,1
E00259233,2026-01-01 08:03:29,V01783,Z015,ENTRY,0,23,116,19.108899,72.91806,25.68,0.0,3,1
E00362759,2026-01-01 08:03:30,V02248,Z019,ENTRY,0,17,130,19.034186,72.899557,25.68,0.0,3,1
E00389437,2026-01-01 08:03:33,V02727,Z020,ENTRY,0,7,84,19.098257,72.834219,25.68,0.0,3,1
E00303215,2026-01-01 08:03:44,V00132,Z016,ENTRY,0,23,124,19.039327,72.913345,25.68,0.0,3,1
E00259234,2026-01-01 08:03:45,V03858,Z015,ENTRY,0,24,116,19.10963,72.917565,25.68,0.0,3,1
E00259235,2026-01-01 08:03:49,V00971,Z015,ENTRY,0,25,116,19.109867,72.917216,25.68,0.0,3,1
E00092339,2026-01-01 08:03:54,V05378,Z006,ENTRY,0,31,133,19.043795,72.839669,25.68,0.0,3,1
E00062880,2026-01-01 08:04:00,V01324,Z005,ENTRY,0,28,81,19.068988,72.874215,25.68,0.0,3,1
E00303216,2026-01-01 08:04:08,V02164,Z016,ENTRY,0,24,124,19.039511,72.914718,25.68,0.0,3,1
E00000027,2026-01-01 08:04:13,V02014,Z001,EXIT,97,7,40,19.059906,72.907736,25.68,0.0,3,1
E00092340,2026-01-01 08:04:22,V02726,Z006,ENTRY,0,32,133,19.042453,72.841145,25.68,0.0,3,1
E00362760,2026-01-01 08:04:23,V05154,Z019,ENTRY,0,18,130,19.035112,72.898701,25.68,0.0,3,1
E00062881,2026-01-01 08:04:24,V00535,Z005,ENTRY,0,29,81,19.07011,72.87338,25.68,0.0,3,1
E00206447,2026-01-01 08:04:32,V02908,Z013,ENTRY,0,21,118,19.132194,72.90075,25.68,0.0,3,1
E00008475,2026-01-01 08:04:39,V02352,Z002,ENTRY,0,15,122,19.127863,72.93456,25.68,0.0,3,1
E00206448,2026-01-01 08:04:42,V00905,Z013,EXIT,70,20,118,19.133203,72.901281,25.68,0.0,3,1
E00135281,2026-01-01 08:04:51,V01323,Z008,EXIT,121,19,113,19.023358,72.874234,25.68,0.0,3,1
E00389438,2026-01-01 08:04:59,V02304,Z020,ENTRY,0,8,84,19.098582,72.834495,25.68,0.0,3,1
E00222214,2026-01-01 08:04:59,V05162,Z014,ENTRY,0,32,121,19.123476,72.854234,25.68,0.0,3,1
E00342403,2026-01-01 08:05:05,V02992,Z017,EXIT,98,13,91,19.072974,72.864583,25.68,0.0,3,1
E00152413,2026-01-01 08:05:07,V00743,Z009,ENTRY,0,7,54,19.116242,72.84492,25.68,0.0,3,1
E00163889,2026-01-01 08:05:08,V01134,Z011,ENTRY,0,17,93,19.107427,72.869479,25.68,0.0,3,1
E00062882,2026-01-01 08:05:13,V02152,Z005,ENTRY,0,30,81,19.069096,72.874474,25.68,0.0,3,1
E00092341,2026-01-01 08:05:14,V04108,Z006,EXIT,52,31,133,19.043602,72.839643,25.68,0.0,3,1
E00222216,2026-01-01 08:05:14,V02593,Z014,ENTRY,0,34,121,19.12228,72.855922,25.68,0.0,3,1
E00222215,2026-01-01 08:05:14,V00766,Z014,ENTRY,0,33,121,19.123888,72.854333,25.68,0.0,3,1
E00062883,2026-01-01 08:05:18,V05618,Z005,ENTRY,0,31,81,19.069372,72.873555,25.68,0.0,3,1
E00163890,2026-01-01 08:05:23,V02419,Z011,ENTRY,0,18,93,19.106804,72.870527,25.68,0.0,3,1
E00342404,2026-01-01 08:05:25,V01611,Z017,ENTRY,0,14,91,19.071517,72.864447,25.68,0.0,3,1
E00355431,2026-01-01 08:05:28,V01665,Z018,ENTRY,0,9,45,19.020998,72.852773,25.68,0.0,3,1
E00206449,2026-01-01 08:05:28,V00877,Z013,ENTRY,0,21,118,19.13315,72.902695,25.68,0.0,3,1
E00092342,2026-01-01 08:05:30,V01216,Z006,EXIT,73,30,133,19.044086,72.840208,25.68,0.0,3,1
E00259236,2026-01-01 08:05:42,V05688,Z015,EXIT,50,24,116,19.10988,72.918297,25.68,0.0,3,1
E00041330,2026-01-01 08:05:43,V02180,Z004,EXIT,48,14,82,19.115166,72.862036,25.68,0.0,3,1
E00206450,2026-01-01 08:05:48,V01381,Z013,ENTRY,0,22,118,19.131547,72.902208,25.68,0.0,3,1
E00025852,2026-01-01 08:05:49,V04462,Z003,ENTRY,0,22,108,19.093255,72.856666,25.68,0.0,3,1
E00222217,2026-01-01 08:05:49,V03172,Z014,EXIT,52,33,121,19.123097,72.855708,25.68,0.0,3,1
E00259237,2026-01-01 08:05:56,V01498,Z015,ENTRY,0,25,116,19.109958,72.91731,25.68,0.0,3,1
E00222218,2026-01-01 08:05:58,V00319,Z014,ENTRY,0,34,121,19.122437,72.856134,25.68,0.0,3,1
E00222219,2026-01-01 08:06:01,V03189,Z014,ENTRY,0,35,121,19.122412,72.855997,25.68,0.0,3,1
E00222220,2026-01-01 08:06:09,V01910,Z014,ENTRY,0,36,121,19.122608,72.854537,25.68,0.0,3,1
E00389439,2026-01-01 08:06:10,V01602,Z020,ENTRY,0,9,84,19.097176,72.835446,25.68,0.0,3,1
E00222221,2026-01-01 08:06:17,V02873,Z014,ENTRY,0,37,121,19.123954,72.855881,25.68,0.0,3,1
E00303217,2026-01-01 08:06:17,V00174,Z016,ENTRY,0,25,124,19.040127,72.913936,25.68,0.0,3,1
E00062884,2026-01-01 08:06:17,V05313,Z005,EXIT,22,30,81,19.068931,72.873371,25.68,0.0,3,1
E00206451,2026-01-01 08:06:17,V04951,Z013,ENTRY,0,23,118,19.133126,72.902303,25.68,0.0,3,1
E00206452,2026-01-01 08:06:23,V03935,Z013,ENTRY,0,24,118,19.132557,72.900963,25.68,0.0,3,1
E00259238,2026-01-01 08:06:29,V05880,Z015,ENTRY,0,26,116,19.108551,72.918421,25.68,0.0,3,1
E00222222,2026-01-01 08:06:35,V01932,Z014,ENTRY,0,38,121,19.122797,72.855964,25.68,0.0,3,1
E00135282,2026-01-01 08:06:39,V03505,Z008,EXIT,77,18,113,19.023965,72.874067,25.68,0.0,3,1
E00259239,2026-01-01 08:06:54,V04882,Z015,ENTRY,0,27,116,19.110248,72.917717,25.68,0.0,3,1
E00178758,2026-01-01 08:06:54,V05381,Z012,ENTRY,0,32,147,19.059356,72.918611,25.68,0.0,3,1
E00342405,2026-01-01 08:06:56,V03825,Z017,ENTRY,0,15,91,19.071467,72.864556,25.68,0.0,3,1
E00062885,2026-01-01 08:07:02,V01352,Z005,ENTRY,0,31,81,19.068932,72.873089,25.68,0.0,3,1
E00000028,2026-01-01 08:07:06,V05424,Z001,EXIT,47,6,40,19.061135,72.906913,25.68,0.0,3,1
E00259240,2026-01-01 08:07:09,V04807,Z015,ENTRY,0,28,116,19.109513,72.917677,25.68,0.0,3,1
E00303218,2026-01-01 08:07:11,V04942,Z016,ENTRY,0,26,124,19.039874,72.913961,25.68,0.0,3,1
E00163891,2026-01-01 08:07:14,V01558,Z011,EXIT,37,17,93,19.10761,72.870967,25.68,0.0,3,1
E00222223,2026-01-01 08:07:16,V03821,Z014,EXIT,60,37,121,19.122698,72.85517,25.68,0.0,3,1
E00222224,2026-01-01 08:07:23,V04478,Z014,EXIT,64,36,121,19.122468,72.855968,25.68,0.0,3,1
E00092343,2026-01-01 08:07:27,V03058,Z006,ENTRY,0,31,133,19.043195,72.841087,25.68,0.0,3,1
E00008476,2026-01-01 08:07:28,V01360,Z002,ENTRY,0,16,122,19.126474,72.93479,25.68,0.0,3,1
E00062886,2026-01-01 08:07:28,V04093,Z005,EXIT,22,30,81,19.069039,72.873589,25.68,0.0,3,1
E00303219,2026-01-01 08:07:29,V03514,Z016,EXIT,42,25,124,19.038773,72.914875,25.68,0.0,3,1
E00222225,2026-01-01 08:07:38,V01436,Z014,EXIT,41,35,121,19.122613,72.855181,25.68,0.0,3,1
E00303220,2026-01-01 08:07:38,V01382,Z016,EXIT,27,24,124,19.039118,72.915224,25.68,0.0,3,1
E00342406,2026-01-01 08:07:40,V04475,Z017,ENTRY,0,16,91,19.071317,72.863967,25.68,0.0,3,1
E00355432,2026-01-01 08:07:41,V01118,Z018,ENTRY,0,10,45,19.020612,72.852881,25.68,0.0,3,1
E00362761,2026-01-01 08:07:50,V03214,Z019,ENTRY,0,19,130,19.034332,72.898864,25.68,0.0,3,1
E00008477,2026-01-01 08:08:03,V03003,Z002,ENTRY,0,17,122,19.126947,72.934273,25.68,0.0,3,1
E00062887,2026-01-01 08:08:03,V00321,Z005,ENTRY,0,31,81,19.069459,72.874249,25.68,0.0,3,1
E00222226,2026-01-01 08:08:12,V01962,Z014,ENTRY,0,36,121,19.12238,72.855023,25.68,0.0,3,1
E00178759,2026-01-01 08:08:12,V03100,Z012,EXIT,117,31,147,19.057687,72.918167,25.68,0.0,3,1
E00041331,2026-01-01 08:08:13,V05699,Z004,EXIT,23,13,82,19.114828,72.861846,25.68,0.0,3,1
E00362762,2026-01-01 08:08:28,V05364,Z019,ENTRY,0,20,130,19.034793,72.900138,25.68,0.0,3,1
E00178760,2026-01-01 08:08:45,V02696,Z012,ENTRY,0,32,147,19.058148,72.917628,25.68,0.0,3,1
E00342407,2026-01-01 08:08:46,V03303,Z017,ENTRY,0,17,91,19.072899,72.863436,25.68,0.0,3,1
E00092344,2026-01-01 08:08:53,V05649,Z006,ENTRY,0,32,133,19.043138,72.83978,25.68,0.0,3,1
E00178761,2026-01-01 08:08:54,V00022,Z012,ENTRY,0,33,147,19.058287,72.916788,25.68,0.0,3,1
E00062888,2026-01-01 08:08:59,V01975,Z005,ENTRY,0,32,81,19.069836,72.874202,25.68,0.0,3,1
E00206453,2026-01-01 08:09:08,V00303,Z013,ENTRY,0,25,118,19.132069,72.900895,25.68,0.0,3,1
E00362763,2026-01-01 08:09:17,V04511,Z019,ENTRY,0,21,130,19.034961,72.899984,25.68,0.0,3,1
E00259241,2026-01-01 08:09:18,V00951,Z015,ENTRY,0,29,116,19.109973,72.917974,25.68,0.0,3,1
E00041332,2026-01-01 08:09:22,V02443,Z004,ENTRY,0,14,82,19.114726,72.862952,25.68,0.0,3,1
E00259242,2026-01-01 08:09:23,V01937,Z015,ENTRY,0,30,116,19.109111,72.918206,25.68,0.0,3,1
E00092345,2026-01-01 08:09:24,V05220,Z006,ENTRY,0,33,133,19.044265,72.840426,25.68,0.0,3,1
E00041333,2026-01-01 08:09:24,V05152,Z004,ENTRY,0,15,82,19.114449,72.862876,25.68,0.0,3,1
E00362764,2026-01-01 08:09:26,V01993,Z019,ENTRY,0,22,130,19.03486,72.899986,25.68,0.0,3,1
E00222227,2026-01-01 08:09:42,V01729,Z014,ENTRY,0,37,121,19.122708,72.854591,25.68,0.0,3,1
E00062889,2026-01-01 08:09:48,V05297,Z005,EXIT,67,31,81,19.06974,72.87444,25.68,0.0,3,1
E00389440,2026-01-01 08:09:49,V02693,Z020,ENTRY,0,10,84,19.09809,72.835224,25.68,0.0,3,1
E00206454,2026-01-01 08:10:04,V05829,Z013,EXIT,140,24,118,19.132359,72.902599,25.68,0.0,3,1
E00025853,2026-01-01 08:10:14,V04066,Z003,ENTRY,0,23,108,19.093876,72.856648,25.68,0.0,3,1
E00178762,2026-01-01 08:10:14,V03010,Z012,EXIT,40,32,147,19.05883,72.918299,25.68,0.0,3,1
E00259243,2026-01-01 08:10:28,V05991,Z015,ENTRY,0,31,116,19.108887,72.918566,25.68,0.0,3,1
E00159545,2026-01-01 08:10:30,V05206,Z010,ENTRY,0,11,41,19.091839,72.898573,25.68,0.0,3,1
E00303221,2026-01-01 08:10:30,V04860,Z016,ENTRY,0,25,124,19.040326,72.913979,25.68,0.0,3,1
E00222228,2026-01-01 08:10:40,V03098,Z014,EXIT,136,36,121,19.122714,72.855709,25.68,0.0,3,1
E00389441,2026-01-01 08:10:50,V01686,Z020,ENTRY,0,11,84,19.09864,72.834608,25.68,0.0,3,1
E00303222,2026-01-01 08:10:51,V04688,Z016,ENTRY,0,26,124,19.039378,72.913464,25.68,0.0,3,1
E00092346,2026-01-01 08:10:53,V02899,Z006,ENTRY,0,34,133,19.043253,72.84073,25.68,0.0,3,1
E00163892,2026-01-01 08:10:58,V00496,Z011,ENTRY,0,18,93,19.106142,72.870647,25.68,0.0,3,1
E00025854,2026-01-01 08:11:07,V03130,Z003,ENTRY,0,24,108,19.093042,72.856406,25.68,0.0,3,1
E00222229,2026-01-01 08:11:09,V01402,Z014,ENTRY,0,37,121,19.123609,72.8552,25.68,0.0,3,1
E00062890,2026-01-01 08:11:29,V03378,Z005,ENTRY,0,32,81,19.068921,72.874186,25.68,0.0,3,1
E00126578,2026-01-01 08:11:34,V01943,Z007,ENTRY,0,4,40,19.083,72.832966,25.68,0.0,3,1
E00303223,2026-01-01 08:11:37,V04825,Z016,EXIT,33,25,124,19.039706,72.914587,25.68,0.0,3,1
E00163893,2026-01-01 08:11:40,V05760,Z011,ENTRY,0,19,93,19.107968,72.869358,25.68,0.0,3,1
E00222230,2026-01-01 08:11:44,V05097,Z014,ENTRY,0,38,121,19.122508,72.854658,25.68,0.0,3,1
E00178763,2026-01-01 08:11:47,V01823,Z012,ENTRY,0,33,147,19.057635,72.917946,25.68,0.0,3,1
E00303224,2026-01-01 08:11:50,V02496,Z016,ENTRY,0,26,124,19.040066,72.914225,25.68,0.0,3,1
E00206455,2026-01-01 08:11:50,V02638,Z013,ENTRY,0,25,118,19.1316,72.902076,25.68,0.0,3,1
E00062891,2026-01-01 08:11:57,V05648,Z005,ENTRY,0,33,81,19.068757,72.874283,25.68,0.0,3,1
E00000029,2026-01-01 08:11:58,V01971,Z001,ENTRY,0,7,40,19.060126,72.907906,25.68,0.0,3,1
E00092347,2026-01-01 08:12:00,V04640,Z006,ENTRY,0,35,133,19.04348,72.839715,25.68,0.0,3,1
E00222231,2026-01-01 08:12:06,V00329,Z014,ENTRY,0,39,121,19.123237,72.855229,25.68,0.0,3,1
E00126579,2026-01-01 08:12:06,V02707,Z007,ENTRY,0,5,40,19.083044,72.832666,25.68,0.0,3,1
E00178764,2026-01-01 08:12:20,V03778,Z012,EXIT,66,32,147,19.059296,72.918396,25.68,0.0,3,1
E00163894,2026-01-01 08:12:25,V05509,Z011,EXIT,114,18,93,19.107148,72.869723,25.68,0.0,3,1
E00259244,2026-01-01 08:12:30,V02144,Z015,ENTRY,0,32,116,19.109399,72.917451,25.68,0.0,3,1
E00025855,2026-01-01 08:12:30,V04914,Z003,ENTRY,0,25,108,19.093999,72.856549,25.68,0.0,3,1
E00178765,2026-01-01 08:12:31,V02564,Z012,ENTRY,0,33,147,19.058253,72.917174,25.68,0.0,3,1
E00259245,2026-01-01 08:12:33,V00531,Z015,ENTRY,0,33,116,19.108729,72.917378,25.68,0.0,3,1
E00008478,2026-01-01 08:12:34,V05512,Z002,EXIT,98,16,122,19.126259,72.934197,25.68,0.0,3,1
E00025856,2026-01-01 08:12:34,V00459,Z003,ENTRY,0,26,108,19.093763,72.857679,25.68,0.0,3,1
E00163895,2026-01-01 08:12:42,V03509,Z011,ENTRY,0,19,93,19.107014,72.870523,25.68,0.0,3,1
E00163896,2026-01-01 08:12:46,V05892,Z011,ENTRY,0,20,93,19.107784,72.870453,25.68,0.0,3,1
E00178766,2026-01-01 08:12:46,V02747,Z012,ENTRY,0,34,147,19.058062,72.917174,25.68,0.0,3,1
E00008479,2026-01-01 08:12:47,V04059,Z002,ENTRY,0,17,122,19.126985,72.933333,25.68,0.0,3,1
E00025857,2026-01-01 08:12:49,V00693,Z003,EXIT,99,25,108,19.093001,72.85746,25.68,0.0,3,1
E00303225,2026-01-01 08:12:56,V04770,Z016,ENTRY,0,27,124,19.039972,72.913713,25.68,0.0,3,1
E00008480,2026-01-01 08:13:05,V04158,Z002,ENTRY,0,18,122,19.127938,72.932984,25.68,0.0,3,1
E00303226,2026-01-01 08:13:08,V03241,Z016,EXIT,29,26,124,19.039845,72.915223,25.68,0.0,3,1
E00178767,2026-01-01 08:13:18,V04133,Z012,ENTRY,0,35,147,19.058346,72.917682,25.68,0.0,3,1
E00303227,2026-01-01 08:13:26,V00380,Z016,ENTRY,0,27,124,19.039354,72.913893,25.68,0.0,3,1
E00206456,2026-01-01 08:13:29,V00760,Z013,ENTRY,0,26,118,19.131691,72.902327,25.68,0.0,3,1
E00092348,2026-01-01 08:13:33,V02552,Z006,ENTRY,0,36,133,19.042622,72.841208,25.68,0.0,3,1
E00025858,2026-01-01 08:13:37,V02465,Z003,ENTRY,0,26,108,19.093593,72.856614,25.68,0.0,3,1
E00222232,2026-01-01 08:13:49,V04307,Z014,EXIT,32,38,121,19.12286,72.854755,25.68,0.0,3,1
E00126580,2026-01-01 08:13:49,V04213,Z007,ENTRY,0,6,40,19.082743,72.83265,25.68,0.0,3,1
E00092349,2026-01-01 08:13:49,V03200,Z006,EXIT,83,35,133,19.042798,72.840443,25.68,0.0,3,1
E00259246,2026-01-01 08:13:55,V02374,Z015,EXIT,72,32,116,19.109822,72.917625,25.68,0.0,3,1
E00062892,2026-01-01 08:14:06,V01613,Z005,ENTRY,0,34,81,19.070047,72.873235,25.68,0.0,3,1
E00041334,2026-01-01 08:14:07,V02633,Z004,ENTRY,0,16,82,19.114644,72.861748,25.68,0.0,3,1
E00303228,2026-01-01 08:14:12,V05177,Z016,ENTRY,0,28,124,19.039883,72.914054,25.68,0.0,3,1
E00222233,2026-01-01 08:14:13,V00764,Z014,ENTRY,0,39,121,19.123518,72.85569,25.68,0.0,3,1
E00092350,2026-01-01 08:14:14,V03606,Z006,ENTRY,0,36,133,19.043901,72.841436,25.68,0.0,3,1
E00135283,2026-01-01 08:14:27,V02364,Z008,ENTRY,0,19,113,19.023867,72.875569,25.68,0.0,3,1
E00092351,2026-01-01 08:14:29,V00100,Z006,EXIT,53,35,133,19.04303,72.841253,25.68,0.0,3,1
E00092352,2026-01-01 08:14:33,V01681,Z006,ENTRY,0,36,133,19.042884,72.840081,25.68,0.0,3,1
E00126581,2026-01-01 08:14:34,V04960,Z007,ENTRY,0,7,40,19.081608,72.832922,25.68,0.0,3,1
E00163897,2026-01-01 08:14:34,V01255,Z011,ENTRY,0,21,93,19.107737,72.870249,25.68,0.0,3,1
E00259247,2026-01-01 08:14:57,V05413,Z015,ENTRY,0,33,116,19.108824,72.916716,25.68,0.0,3,1
E00092353,2026-01-01 08:14:59,V04243,Z006,ENTRY,0,37,133,19.042307,72.840859,25.68,0.0,3,1
E00062893,2026-01-01 08:15:02,V00333,Z005,EXIT,62,33,81,19.068559,72.87427,25.68,0.0,3,1
E00222234,2026-01-01 08:15:03,V03729,Z014,ENTRY,0,40,121,19.122565,72.855,25.68,0.0,3,1
E00303229,2026-01-01 08:15:05,V01675,Z016,EXIT,68,27,124,19.039421,72.914464,25.68,0.0,3,1
E00259248,2026-01-01 08:15:08,V02188,Z015,ENTRY,0,34,116,19.10868,72.917669,25.68,0.0,3,1
E00041335,2026-01-01 08:15:14,V02636,Z004,ENTRY,0,17,82,19.115511,72.862846,25.68,0.0,3,1
E00303230,2026-01-01 08:15:20,V05699,Z016,ENTRY,0,28,124,19.040246,72.913969,25.68,0.0,3,1
E00206457,2026-01-01 08:15:30,V04591,Z013,ENTRY,0,27,118,19.133467,72.902373,25.68,0.0,3,1
E00062894,2026-01-01 08:15:37,V04896,Z005,ENTRY,0,34,81,19.070035,72.875042,25.68,0.0,3,1
E00389442,2026-01-01 08:15:40,V03675,Z020,ENTRY,0,12,84,19.097872,72.835435,25.68,0.0,3,1
E00041336,2026-01-01 08:15:43,V05175,Z004,EXIT,38,16,82,19.11447,72.862582,25.68,0.0,3,1
E00159546,2026-01-01 08:15:48,V05916,Z010,ENTRY,0,12,41,19.091973,72.897878,25.68,0.0,3,1
E00303231,2026-01-01 08:15:56,V00917,Z016,ENTRY,0,29,124,19.039291,72.913713,25.68,0.0,3,1
E00259249,2026-01-01 08:15:58,V04327,Z015,ENTRY,0,35,116,19.108728,72.918467,25.68,0.0,3,1
E00303232,2026-01-01 08:15:58,V03213,Z016,ENTRY,0,30,124,19.039434,72.913392,25.68,0.0,3,1
E00062895,2026-01-01 08:16:01,V04656,Z005,ENTRY,0,35,81,19.070103,72.874214,25.68,0.0,3,1
E00062896,2026-01-01 08:16:08,V05469,Z005,ENTRY,0,36,81,19.06865,72.874844,25.68,0.0,3,1
E00362765,2026-01-01 08:16:09,V05069,Z019,EXIT,66,21,130,19.033717,72.899312,25.68,0.0,3,1
E00025859,2026-01-01 08:16:09,V03405,Z003,EXIT,87,25,108,19.094136,72.856825,25.68,0.0,3,1
E00163898,2026-01-01 08:16:10,V01792,Z011,ENTRY,0,22,93,19.10785,72.869375,25.68,0.0,3,1
E00008481,2026-01-01 08:16:15,V03908,Z002,ENTRY,0,19,122,19.128044,72.93295,25.68,0.0,3,1
E00355433,2026-01-01 08:16:15,V01254,Z018,EXIT,63,9,45,19.0217,72.852502,25.68,0.0,3,1
E00025860,2026-01-01 08:16:24,V00785,Z003,EXIT,98,24,108,19.092611,72.857082,25.68,0.0,3,1
E00259250,2026-01-01 08:16:24,V04083,Z015,ENTRY,0,36,116,19.108407,72.917868,25.68,0.0,3,1
E00362766,2026-01-01 08:16:24,V03331,Z019,ENTRY,0,22,130,19.035452,72.89903,25.68,0.0,3,1
E00152414,2026-01-01 08:16:25,V05827,Z009,ENTRY,0,8,54,19.114462,72.844676,25.68,0.0,3,1
E00062897,2026-01-01 08:16:25,V02105,Z005,EXIT,37,35,81,19.070042,72.874319,25.68,0.0,3,1
E00342408,2026-01-01 08:16:34,V04441,Z017,ENTRY,0,18,91,19.072816,72.86371,25.68,0.0,3,1
E00259251,2026-01-01 08:16:36,V05054,Z015,ENTRY,0,37,116,19.110244,72.916796,25.68,0.0,3,1
E00025861,2026-01-01 08:16:42,V00289,Z003,ENTRY,0,25,108,19.094207,72.856146,25.68,0.0,3,1
E00062898,2026-01-01 08:16:44,V04395,Z005,EXIT,25,34,81,19.068555,72.874996,25.68,0.0,3,1
E00163899,2026-01-01 08:16:45,V04423,Z011,ENTRY,0,23,93,19.107652,72.871078,25.68,0.0,3,1
E00178768,2026-01-01 08:16:46,V01205,Z012,ENTRY,0,36,147,19.058898,72.917222,25.68,0.0,3,1
E00362767,2026-01-01 08:16:47,V01683,Z019,ENTRY,0,23,130,19.034044,72.899193,25.68,0.0,3,1
E00092354,2026-01-01 08:16:48,V01467,Z006,ENTRY,0,38,133,19.042284,72.839547,25.68,0.0,3,1
E00362768,2026-01-01 08:16:53,V03144,Z019,ENTRY,0,24,130,19.034756,72.899868,25.68,0.0,3,1
E00025862,2026-01-01 08:17:01,V01777,Z003,ENTRY,0,26,108,19.094115,72.856259,25.68,0.0,3,1
E00135284,2026-01-01 08:17:02,V02315,Z008,ENTRY,0,20,113,19.022894,72.874227,25.68,0.0,3,1
E00163900,2026-01-01 08:17:03,V03147,Z011,ENTRY,0,24,93,19.107884,72.869327,25.68,0.0,3,1
E00389443,2026-01-01 08:17:09,V01386,Z020,ENTRY,0,13,84,19.097558,72.835394,25.68,0.0,3,1
E00206458,2026-01-01 08:17:09,V04259,Z013,ENTRY,0,28,118,19.131961,72.90103,25.68,0.0,3,1
E00178769,2026-01-01 08:17:19,V04853,Z012,ENTRY,0,37,147,19.059369,72.918327,25.68,0.0,3,1
E00362769,2026-01-01 08:17:19,V00031,Z019,EXIT,90,23,130,19.034814,72.900373,25.68,0.0,3,1
E00259252,2026-01-01 08:17:28,V01205,Z015,ENTRY,0,38,116,19.110035,72.917023,25.68,0.0,3,1
E00126582,2026-01-01 08:17:29,V03427,Z007,ENTRY,0,8,40,19.082214,72.833825,25.68,0.0,3,1
E00041337,2026-01-01 08:17:34,V00175,Z004,ENTRY,0,17,82,19.1147,72.862456,25.68,0.0,3,1
E00259253,2026-01-01 08:17:34,V02036,Z015,ENTRY,0,39,116,19.108424,72.917955,25.68,0.0,3,1
E00303233,2026-01-01 08:17:34,V05485,Z016,ENTRY,0,31,124,19.039134,72.914104,25.68,0.0,3,1
E00259254,2026-01-01 08:17:39,V03437,Z015,EXIT,73,38,116,19.109272,72.917256,25.68,0.0,3,1
E00025863,2026-01-01 08:17:41,V03113,Z003,ENTRY,0,27,108,19.093004,72.856581,25.68,0.0,3,1
E00259255,2026-01-01 08:17:45,V04583,Z015,ENTRY,0,39,116,19.110272,72.917539,25.68,0.0,3,1
E00163901,2026-01-01 08:17:48,V01881,Z011,EXIT,46,23,93,19.107096,72.871132,25.68,0.0,3,1
E00362770,2026-01-01 08:17:51,V03668,Z019,EXIT,49,22,130,19.035009,72.900281,25.68,0.0,3,1
E00041338,2026-01-01 08:17:52,V05565,Z004,ENTRY,0,18,82,19.115238,72.862208,25.68,0.0,3,1
E00389444,2026-01-01 08:17:54,V02982,Z020,EXIT,109,12,84,19.098201,72.834105,25.68,0.0,3,1
E00126583,2026-01-01 08:17:58,V05742,Z007,ENTRY,0,9,40,19.08277,72.832636,25.68,0.0,3,1
E00303234,2026-01-01 08:17:58,V05225,Z016,ENTRY,0,32,124,19.039997,72.913839,25.68,0.0,3,1
E00126584,2026-01-01 08:18:03,V01275,Z007,ENTRY,0,10,40,19.081981,72.832841,25.68,0.0,3,1
E00303235,2026-01-01 08:18:03,V04386,Z016,ENTRY,0,33,124,19.039252,72.914352,25.68,0.0,3,1
E00259256,2026-01-01 08:18:06,V00543,Z015,ENTRY,0,40,116,19.108787,72.917973,25.68,0.0,3,1
E00206459,2026-01-01 08:18:07,V00914,Z013,EXIT,157,27,118,19.133406,72.902241,25.68,0.0,3,1
E00222235,2026-01-01 08:18:07,V05230,Z014,ENTRY,0,41,121,19.123756,72.854461,25.68,0.0,3,1
E00362771,2026-01-01 08:18:09,V03919,Z019,ENTRY,0,23,130,19.035428,72.900331,25.68,0.0,3,1
E00178770,2026-01-01 08:18:09,V02598,Z012,ENTRY,0,38,147,19.058051,72.917015,25.68,0.0,3,1
E00008482,2026-01-01 08:18:11,V05137,Z002,EXIT,94,18,122,19.127903,72.933176,25.68,0.0,3,1
E00362772,2026-01-01 08:18:12,V02147,Z019,ENTRY,0,24,130,19.034973,72.899483,25.68,0.0,3,1
E00008483,2026-01-01 08:18:14,V02132,Z002,ENTRY,0,19,122,19.126631,72.934553,25.68,0.0,3,1
E00135285,2026-01-01 08:18:15,V04141,Z008,ENTRY,0,21,113,19.024093,72.874431,25.68,0.0,3,1
E00389445,2026-01-01 08:18:17,V05681,Z020,EXIT,68,11,84,19.097582,72.833502,25.68,0.0,3,1
E00178771,2026-01-01 08:18:24,V04604,Z012,ENTRY,0,39,147,19.05759,72.918267,25.68,0.0,3,1
E00342409,2026-01-01 08:18:25,V00170,Z017,ENTRY,0,19,91,19.072342,72.863912,25.68,0.0,3,1
E00259257,2026-01-01 08:18:28,V04565,Z015,ENTRY,0,41,116,19.10868,72.916718,25.68,0.0,3,1
E00389446,2026-01-01 08:18:32,V03838,Z020,ENTRY,0,12,84,19.098615,72.834507,25.68,0.0,3,1
E00000030,2026-01-01 08:18:32,V05817,Z001,ENTRY,0,8,40,19.060774,72.90632,25.68,0.0,3,1
E00362773,2026-01-01 08:18:36,V03713,Z019,ENTRY,0,25,130,19.034584,72.900329,25.68,0.0,3,1
E00062899,2026-01-01 08:18:36,V04231,Z005,EXIT,58,33,81,19.069682,72.874108,25.68,0.0,3,1
E00062900,2026-01-01 08:18:43,V03375,Z005,ENTRY,0,34,81,19.068899,72.873553,25.68,0.0,3,1
E00362774,2026-01-01 08:19:05,V01865,Z019,ENTRY,0,26,130,19.033703,72.900531,25.68,0.0,3,1
E00092355,2026-01-01 08:19:08,V05791,Z006,ENTRY,0,39,133,19.044152,72.840165,25.68,0.0,3,1
E00303236,2026-01-01 08:19:10,V01247,Z016,EXIT,61,32,124,19.040269,72.913431,25.68,0.0,3,1
E00206460,2026-01-01 08:19:12,V01529,Z013,ENTRY,0,28,118,19.13333,72.901573,25.68,0.0,3,1
E00163902,2026-01-01 08:19:15,V05590,Z011,ENTRY,0,24,93,19.107281,72.870659,25.68,0.0,3,1
E00362775,2026-01-01 08:19:16,V00157,Z019,ENTRY,0,27,130,19.033657,72.899615,25.68,0.0,3,1
E00041339,2026-01-01 08:19:18,V02258,Z004,ENTRY,0,19,82,19.114686,72.861687,25.68,0.0,3,1
E00206461,2026-01-01 08:19:19,V01524,Z013,ENTRY,0,29,118,19.132562,72.901542,25.68,0.0,3,1
E00178772,2026-01-01 08:19:29,V02692,Z012,ENTRY,0,40,147,19.057952,72.917645,25.68,0.0,3,1
E00041340,2026-01-01 08:19:32,V03641,Z004,ENTRY,0,20,82,19.114856,72.862396,25.68,0.0,3,1
E00092356,2026-01-01 08:19:33,V04520,Z006,ENTRY,0,40,133,19.043599,72.840974,25.68,0.0,3,1
E00062901,2026-01-01 08:19:37,V01163,Z005,EXIT,90,33,81,19.069711,72.874134,25.68,0.0,3,1
E00041341,2026-01-01 08:19:39,V00936,Z004,ENTRY,0,21,82,19.114107,72.862106,25.68,0.0,3,1
E00362776,2026-01-01 08:19:42,V04984,Z019,ENTRY,0,28,130,19.034508,72.899622,25.68,0.0,3,1
E00222236,2026-01-01 08:19:43,V00365,Z014,EXIT,72,40,121,19.123984,72.855675,25.68,0.0,3,1
E00062902,2026-01-01 08:19:48,V04590,Z005,ENTRY,0,34,81,19.069921,72.874341,25.68,0.0,3,1
E00259258,2026-01-01 08:19:51,V00720,Z015,ENTRY,0,42,116,19.109265,72.918178,25.68,0.0,3,1
E00259259,2026-01-01 08:19:54,V00195,Z015,ENTRY,0,43,116,19.110277,72.917541,25.68,0.0,3,1
E00178773,2026-01-01 08:19:55,V00873,Z012,ENTRY,0,41,147,19.059108,72.917326,25.68,0.0,3,1
E00178774,2026-01-01 08:19:55,V05133,Z012,ENTRY,0,42,147,19.058378,72.91702,25.68,0.0,3,1
E00178775,2026-01-01 08:19:57,V03543,Z012,ENTRY,0,43,147,19.058352,72.917933,25.68,0.0,3,1
E00008484,2026-01-01 08:19:58,V00273,Z002,ENTRY,0,20,122,19.127303,72.933141,25.68,0.0,3,1
E00025864,2026-01-01 08:20:05,V05459,Z003,ENTRY,0,28,108,19.092731,72.856462,25.68,0.0,3,1
E00303237,2026-01-01 08:20:08,V04319,Z016,EXIT,125,31,124,19.038596,72.913565,25.68,0.0,3,1
E00259260,2026-01-01 08:20:10,V04485,Z015,ENTRY,0,44,116,19.108942,72.916911,25.68,0.0,3,1
E00092357,2026-01-01 08:20:11,V05307,Z006,ENTRY,0,41,133,19.043049,72.840839,25.68,0.0,3,1
E00025865,2026-01-01 08:20:21,V00009,Z003,EXIT,144,27,108,19.094227,72.857695,25.68,0.0,3,1
E00163903,2026-01-01 08:20:31,V01814,Z011,EXIT,240,23,93,19.106113,72.870406,25.68,0.0,3,1
E00303238,2026-01-01 08:20:34,V01257,Z016,EXIT,37,30,124,19.039594,72.913749,25.68,0.0,3,1
E00303239,2026-01-01 08:20:36,V02976,Z016,ENTRY,0,31,124,19.040335,72.913528,25.68,0.0,3,1
E00222237,2026-01-01 08:20:45,V02420,Z014,EXIT,44,39,121,19.122841,72.854612,25.68,0.0,3,1
E00355434,2026-01-01 08:20:47,V04594,Z018,EXIT,58,8,45,19.02112,72.852271,25.68,0.0,3,1
E00222238,2026-01-01 08:20:51,V03400,Z014,ENTRY,0,40,121,19.122881,72.855621,25.68,0.0,3,1
E00062903,2026-01-01 08:21:03,V01493,Z005,ENTRY,0,35,81,19.069333,72.87372,25.68,0.0,3,1
E00041342,2026-01-01 08:21:04,V00040,Z004,ENTRY,0,22,82,19.115083,72.861336,25.68,0.0,3,1
E00062904,2026-01-01 08:21:10,V03850,Z005,ENTRY,0,36,81,19.069439,72.873384,25.68,0.0,3,1
E00178776,2026-01-01 08:21:11,V00200,Z012,EXIT,53,42,147,19.057982,72.91795,25.68,0.0,3,1
E00259261,2026-01-01 08:21:21,V02566,Z015,EXIT,28,43,116,19.109351,72.918248,25.68,0.0,3,1
E00062905,2026-01-01 08:21:33,V00800,Z005,ENTRY,0,37,81,19.068522,72.873353,25.68,0.0,3,1
E00355435,2026-01-01 08:21:37,V02508,Z018,ENTRY,0,9,45,19.021402,72.853123,25.68,0.0,3,1
E00303240,2026-01-01 08:21:40,V03830,Z016,ENTRY,0,32,124,19.038964,72.914508,25.68,0.0,3,1
E00303241,2026-01-01 08:21:50,V00508,Z016,ENTRY,0,33,124,19.039013,72.915063,25.68,0.0,3,1
E00092358,2026-01-01 08:21:53,V04909,Z006,ENTRY,0,42,133,19.042736,72.840195,25.68,0.0,3,1
E00008485,2026-01-01 08:21:57,V02501,Z002,ENTRY,0,21,122,19.127245,72.932922,25.68,0.0,3,1
E00222239,2026-01-01 08:22:00,V04788,Z014,ENTRY,0,41,121,19.123278,72.854883,25.68,0.0,3,1
E00362777,2026-01-01 08:22:01,V02359,Z019,ENTRY,0,29,130,19.034063,72.899546,25.68,0.0,3,1
E00259262,2026-01-01 08:22:03,V02883,Z015,ENTRY,0,44,116,19.109768,72.916945,25.68,0.0,3,1
E00259263,2026-01-01 08:22:07,V01071,Z015,ENTRY,0,45,116,19.108787,72.917437,25.68,0.0,3,1
E00062906,2026-01-01 08:22:11,V01255,Z005,ENTRY,0,38,81,19.06951,72.874512,25.68,0.0,3,1
E00000031,2026-01-01 08:22:13,V05140,Z001,ENTRY,0,9,40,19.059853,72.906182,25.68,0.0,3,1
E00092359,2026-01-01 08:22:15,V01439,Z006,EXIT,104,41,133,19.044253,72.840418,25.68,0.0,3,1
E00062907,2026-01-01 08:22:15,V05161,Z005,EXIT,41,37,81,19.069597,72.873206,25.68,0.0,3,1
E00303242,2026-01-01 08:22:21,V01204,Z016,ENTRY,0,34,124,19.039318,72.91465,25.68,0.0,3,1
E00222240,2026-01-01 08:22:28,V02269,Z014,ENTRY,0,42,121,19.123084,72.855922,25.68,0.0,3,1
E00008486,2026-01-01 08:22:31,V05489,Z002,ENTRY,0,22,122,19.126611,72.933977,25.68,0.0,3,1
E00062908,2026-01-01 08:22:35,V04355,Z005,ENTRY,0,38,81,19.069879,72.874386,25.68,0.0,3,1
E00259264,2026-01-01 08:22:35,V02206,Z015,EXIT,79,44,116,19.109496,72.918303,25.68,0.0,3,1
E00206462,2026-01-01 08:22:36,V04084,Z013,ENTRY,0,30,118,19.132282,72.901186,25.68,0.0,3,1
E00025866,2026-01-01 08:22:39,V02088,Z003,ENTRY,0,28,108,19.092819,72.856885,25.68,0.0,3,1
E00222241,2026-01-01 08:22:39,V04587,Z014,EXIT,34,41,121,19.123823,72.854466,25.68,0.0,3,1
E00303243,2026-01-01 08:22:43,V03428,Z016,EXIT,49,33,124,19.039511,72.914502,25.68,0.0,3,1
E00178777,2026-01-01 08:22:46,V02066,Z012,ENTRY,0,43,147,19.059526,72.918273,25.68,0.0,3,1
E00062909,2026-01-01 08:22:47,V05285,Z005,EXIT,33,37,81,19.06883,72.874433,25.68,0.0,3,1
E00008487,2026-01-01 08:22:51,V03235,Z002,ENTRY,0,23,122,19.126654,72.934585,25.68,0.0,3,1
E00222242,2026-01-01 08:22:53,V05575,Z014,ENTRY,0,42,121,19.122263,72.855681,25.68,0.0,3,1
E00303244,2026-01-01 08:22:54,V01050,Z016,ENTRY,0,34,124,19.03927,72.9133,25.68,0.0,3,1
E00362778,2026-01-01 08:22:54,V03257,Z019,EXIT,37,28,130,19.034578,72.899163,25.68,0.0,3,1
E00126585,2026-01-01 08:22:56,V04324,Z007,ENTRY,0,11,40,19.083024,72.832724,25.68,0.0,3,1
E00135286,2026-01-01 08:22:58,V01344,Z008,ENTRY,0,22,113,19.02426,72.874055,25.68,0.0,3,1
E00062910,2026-01-01 08:23:00,V02001,Z005,EXIT,35,36,81,19.068651,72.874526,25.68,0.0,3,1
E00062911,2026-01-01 08:23:00,V00965,Z005,EXIT,26,35,81,19.069224,72.874939,25.68,0.0,3,1
E00163904,2026-01-01 08:23:31,V03287,Z011,ENTRY,0,24,93,19.106818,72.870923,25.68,0.0,3,1
E00152415,2026-01-01 08:23:32,V02139,Z009,EXIT,103,7,54,19.116203,72.845426,25.68,0.0,3,1
E00041343,2026-01-01 08:23:36,V00996,Z004,ENTRY,0,23,82,19.115002,72.861574,25.68,0.0,3,1
E00342410,2026-01-01 08:23:38,V03350,Z017,ENTRY,0,20,91,19.07264,72.864756,25.68,0.0,3,1
E00152416,2026-01-01 08:23:47,V05392,Z009,ENTRY,0,8,54,19.115943,72.845358,25.68,0.0,3,1
E00389447,2026-01-01 08:23:47,V00759,Z020,ENTRY,0,13,84,19.097281,72.834763,25.68,0.0,3,1
E00178778,2026-01-01 08:23:50,V00714,Z012,ENTRY,0,44,147,19.059182,72.917602,25.68,0.0,3,1
E00303245,2026-01-01 08:23:50,V02388,Z016,ENTRY,0,35,124,19.038436,72.914922,25.68,0.0,3,1
E00222243,2026-01-01 08:24:01,V00755,Z014,ENTRY,0,43,121,19.122667,72.856156,25.68,0.0,3,1
E00041344,2026-01-01 08:24:09,V03511,Z004,ENTRY,0,24,82,19.115415,72.862876,25.68,0.0,3,1
E00362779,2026-01-01 08:24:09,V02685,Z019,ENTRY,0,29,130,19.033537,72.900573,25.68,0.0,3,1
E00303246,2026-01-01 08:24:10,V05281,Z016,EXIT,33,34,124,19.03943,72.915217,25.68,0.0,3,1
E00222244,2026-01-01 08:24:10,V04742,Z014,EXIT,34,42,121,19.123528,72.855771,25.68,0.0,3,1
E00222245,2026-01-01 08:24:14,V01554,Z014,EXIT,94,41,121,19.124055,72.855508,25.68,0.0,3,1
E00092360,2026-01-01 08:24:17,V02820,Z006,ENTRY,0,42,133,19.042353,72.840929,25.68,0.0,3,1
E00092361,2026-01-01 08:24:18,V01102,Z006,ENTRY,0,43,133,19.042875,72.841361,25.68,0.0,3,1
E00041345,2026-01-01 08:24:20,V00720,Z004,ENTRY,0,25,82,19.114441,72.861365,25.68,0.0,3,1
E00092362,2026-01-01 08:24:24,V01605,Z006,EXIT,121,42,133,19.043027,72.841384,25.68,0.0,3,1
E00303247,2026-01-01 08:24:27,V04362,Z016,ENTRY,0,35,124,19.038633,72.914323,25.68,0.0,3,1
E00025867,2026-01-01 08:24:34,V05904,Z003,ENTRY,0,29,108,19.093366,72.856398,25.68,0.0,3,1
E00008488,2026-01-01 08:24:46,V05962,Z002,ENTRY,0,24,122,19.126403,72.934447,25.68,0.0,3,1
E00342411,2026-01-01 08:24:52,V02078,Z017,ENTRY,0,21,91,19.07113,72.863624,25.68,0.0,3,1
E00092363,2026-01-01 08:25:00,V02373,Z006,ENTRY,0,43,133,19.04279,72.84107,25.68,0.0,3,1
E00362780,2026-01-01 08:25:04,V03149,Z019,ENTRY,0,30,130,19.034189,72.899126,25.68,0.0,3,1
E00303248,2026-01-01 08:25:06,V02257,Z016,ENTRY,0,36,124,19.038707,72.914354,25.68,0.0,3,1
E00362781,2026-01-01 08:25:09,V00627,Z019,ENTRY,0,31,130,19.033895,72.900291,25.68,0.0,3,1
E00041346,2026-01-01 08:25:12,V04403,Z004,ENTRY,0,26,82,19.115724,72.8617,25.68,0.0,3,1
E00092364,2026-01-01 08:25:15,V02793,Z006,EXIT,22,42,133,19.043319,72.840725,25.68,0.0,3,1
E00163905,2026-01-01 08:25:16,V03709,Z011,ENTRY,0,25,93,19.106191,72.870675,25.68,0.0,3,1
E00062912,2026-01-01 08:25:22,V02181,Z005,ENTRY,0,36,81,19.06874,72.874387,25.68,0.0,3,1
E00303249,2026-01-01 08:25:27,V03298,Z016,ENTRY,0,37,124,19.039699,72.913609,25.68,0.0,3,1
E00000032,2026-01-01 08:25:29,V01413,Z001,ENTRY,0,10,40,19.059676,72.907613,25.68,0.0,3,1
E00092365,2026-01-01 08:25:31,V01228,Z006,ENTRY,0,43,133,19.04299,72.839687,25.68,0.0,3,1
E00259265,2026-01-01 08:25:33,V02047,Z015,ENTRY,0,45,116,19.108977,72.917626,25.68,0.0,3,1
E00062913,2026-01-01 08:25:35,V01668,Z005,ENTRY,0,37,81,19.070126,72.873083,25.68,0.0,3,1
E00362782,2026-01-01 08:25:35,V01478,Z019,EXIT,158,30,130,19.033687,72.900451,25.68,0.0,3,1
E00259266,2026-01-01 08:25:39,V01058,Z015,ENTRY,0,46,116,19.110164,72.916888,25.68,0.0,3,1
E00135287,2026-01-01 08:25:39,V02022,Z008,ENTRY,0,23,113,19.023312,72.874542,25.68,0.0,3,1
E00259267,2026-01-01 08:25:43,V00295,Z015,EXIT,97,45,116,19.108517,72.918545,25.68,0.0,3,1
E00303250,2026-01-01 08:25:47,V02120,Z016,ENTRY,0,38,124,19.039403,72.914771,25.68,0.0,3,1
E00222246,2026-01-01 08:25:56,V00443,Z014,ENTRY,0,42,121,19.123497,72.854385,25.68,0.0,3,1
E00178779,2026-01-01 08:25:59,V04692,Z012,ENTRY,0,45,147,19.058449,72.916741,25.68,0.0,3,1
E00159547,2026-01-01 08:26:05,V02948,Z010,ENTRY,0,13,41,19.091992,72.897158,25.68,0.0,3,1
E00062914,2026-01-01 08:26:11,V03667,Z005,ENTRY,0,38,81,19.069074,72.874052,25.68,0.0,3,1
E00135288,2026-01-01 08:26:12,V01301,Z008,ENTRY,0,24,113,19.022722,72.874752,25.68,0.0,3,1
E00092366,2026-01-01 08:26:14,V00297,Z006,ENTRY,0,44,133,19.043213,72.839825,25.68,0.0,3,1
E00222247,2026-01-01 08:26:24,V05153,Z014,ENTRY,0,43,121,19.123686,72.855585,25.68,0.0,3,1
E00092367,2026-01-01 08:26:25,V05000,Z006,EXIT,100,43,133,19.043245,72.839729,25.68,0.0,3,1
E00092368,2026-01-01 08:26:28,V02163,Z006,EXIT,149,42,133,19.042415,72.840045,25.68,0.0,3,1
E00259268,2026-01-01 08:26:32,V04898,Z015,ENTRY,0,46,116,19.109621,72.916579,25.68,0.0,3,1
E00259269,2026-01-01 08:26:34,V00158,Z015,ENTRY,0,47,116,19.110101,72.918251,25.68,0.0,3,1
E00178780,2026-01-01 08:26:37,V01817,Z012,ENTRY,0,46,147,19.058708,72.918548,25.68,0.0,3,1
E00000033,2026-01-01 08:26:38,V01251,Z001,ENTRY,0,11,40,19.060628,72.907365,25.68,0.0,3,1
E00159548,2026-01-01 08:26:38,V00746,Z010,EXIT,72,12,41,19.090993,72.898696,25.68,0.0,3,1
E00092369,2026-01-01 08:27:02,V05965,Z006,ENTRY,0,43,133,19.044217,72.839706,25.68,0.0,3,1
E00303251,2026-01-01 08:27:03,V05486,Z016,ENTRY,0,39,124,19.039052,72.913785,25.68,0.0,3,1
E00062915,2026-01-01 08:27:15,V05936,Z005,EXIT,25,37,81,19.069077,72.874744,25.68,0.0,3,1
E00008489,2026-01-01 08:27:18,V04850,Z002,EXIT,81,23,122,19.126305,72.93376,25.68,0.0,3,1
E00062916,2026-01-01 08:27:20,V03609,Z005,ENTRY,0,38,81,19.069973,72.874372,25.68,0.0,3,1
E00222248,2026-01-01 08:27:23,V01565,Z014,ENTRY,0,44,121,19.12255,72.855608,25.68,0.0,3,1
E00163906,2026-01-01 08:27:23,V01300,Z011,EXIT,67,24,93,19.106687,72.870952,25.68,0.0,3,1
E00135289,2026-01-01 08:27:23,V05436,Z008,EXIT,98,23,113,19.024417,72.875761,25.68,0.0,3,1
E00303252,2026-01-01 08:27:32,V05917,Z016,ENTRY,0,40,124,19.039861,72.914181,25.68,0.0,3,1
E00389448,2026-01-01 08:27:34,V01557,Z020,ENTRY,0,14,84,19.096972,72.835467,25.68,0.0,3,1
E00342412,2026-01-01 08:27:36,V04976,Z017,EXIT,93,20,91,19.07291,72.864386,25.68,0.0,3,1
E00062917,2026-01-01 08:27:37,V04896,Z005,EXIT,12,37,81,19.069884,72.874691,25.68,0.0,3,1
E00222249,2026-01-01 08:27:38,V00396,Z014,ENTRY,0,45,121,19.122238,72.854873,25.68,0.0,3,1
E00259270,2026-01-01 08:27:45,V03858,Z015,EXIT,24,46,116,19.109625,72.917301,25.68,0.0,3,1
E00092370,2026-01-01 08:27:54,V04129,Z006,ENTRY,0,44,133,19.04376,72.839566,25.68,0.0,3,1
E00342413,2026-01-01 08:27:54,V05766,Z017,ENTRY,0,21,91,19.071225,72.863831,25.68,0.0,3,1
E00062918,2026-01-01 08:27:55,V00121,Z005,EXIT,25,36,81,19.070021,72.874847,25.68,0.0,3,1
E00206463,2026-01-01 08:27:55,V00518,Z013,ENTRY,0,31,118,19.132443,72.901414,25.68,0.0,3,1
E00152417,2026-01-01 08:27:58,V04243,Z009,ENTRY,0,9,54,19.115963,72.844938,25.68,0.0,3,1
E00362783,2026-01-01 08:27:59,V01351,Z019,ENTRY,0,31,130,19.035184,72.900367,25.68,0.0,3,1
E00259271,2026-01-01 08:28:01,V02893,Z015,ENTRY,0,47,116,19.109036,72.917514,25.68,0.0,3,1
E00000034,2026-01-01 08:28:03,V03761,Z001,ENTRY,0,12,40,19.060727,72.907745,25.68,0.0,3,1
E00135290,2026-01-01 08:28:04,V03309,Z008,ENTRY,0,24,113,19.024361,72.873887,25.68,0.0,3,1
E00041347,2026-01-01 08:28:06,V01975,Z004,EXIT,58,25,82,19.115176,72.862405,25.68,0.0,3,1
E00178781,2026-01-01 08:28:06,V05107,Z012,ENTRY,0,47,147,19.057641,72.916695,25.68,0.0,3,1
E00159549,2026-01-01 08:28:09,V01405,Z010,ENTRY,0,13,41,19.092561,72.897948,25.68,0.0,3,1
E00222250,2026-01-01 08:28:13,V02509,Z014,ENTRY,0,46,121,19.123614,72.855359,25.68,0.0,3,1
E00178782,2026-01-01 08:28:15,V03646,Z012,ENTRY,0,48,147,19.058194,72.916898,25.68,0.0,3,1
E00135291,2026-01-01 08:28:16,V05719,Z008,ENTRY,0,25,113,19.023464,72.875292,25.68,0.0,3,1
E00178783,2026-01-01 08:28:21,V04395,Z012,EXIT,100,47,147,19.057929,72.917296,25.68,0.0,3,1
E00259272,2026-01-01 08:28:27,V01329,Z015,EXIT,48,46,116,19.108707,72.917093,25.68,0.0,3,1
E00163907,2026-01-01 08:28:37,V02020,Z011,ENTRY,0,25,93,19.107735,72.870516,25.68,0.0,3,1
E00062919,2026-01-01 08:28:44,V05029,Z005,EXIT,48,35,81,19.069518,72.874372,25.68,0.0,3,1
E00178784,2026-01-01 08:28:44,V00833,Z012,ENTRY,0,48,147,19.057694,72.917948,25.68,0.0,3,1
E00000035,2026-01-01 08:28:47,V04691,Z001,ENTRY,0,13,40,19.06113,72.907193,25.68,0.0,3,1
E00178785,2026-01-01 08:28:50,V02112,Z012,EXIT,35,47,147,19.058359,72.91752,25.68,0.0,3,1
E00222251,2026-01-01 08:28:55,V05985,Z014,EXIT,73,45,121,19.122806,72.854286,25.68,0.0,3,1
E00362784,2026-01-01 08:29:00,V00624,Z019,ENTRY,0,32,130,19.03511,72.899405,25.68,0.0,3,1
E00303253,2026-01-01 08:29:04,V03807,Z016,ENTRY,0,41,124,19.038642,72.914886,25.68,0.0,3,1
E00092371,2026-01-01 08:29:08,V04343,Z006,ENTRY,0,45,133,19.042731,72.841237,25.68,0.0,3,1
E00362785,2026-01-01 08:29:11,V05059,Z019,EXIT,59,31,130,19.033934,72.899986,25.68,0.0,3,1
E00303254,2026-01-01 08:29:11,V03601,Z016,ENTRY,0,42,124,19.039753,72.914397,25.68,0.0,3,1
E00135292,2026-01-01 08:29:12,V04018,Z008,ENTRY,0,26,113,19.024631,72.874378,25.68,0.0,3,1
E00389449,2026-01-01 08:29:15,V03428,Z020,ENTRY,0,15,84,19.097939,72.835017,25.68,0.0,3,1
E00303255,2026-01-01 08:29:20,V05533,Z016,ENTRY,0,43,124,19.038784,72.914402,25.68,0.0,3,1
E00092372,2026-01-01 08:29:20,V05873,Z006,ENTRY,0,46,133,19.043581,72.841099,25.68,0.0,3,1
E00062920,2026-01-01 08:29:24,V04437,Z005,ENTRY,0,36,81,19.069725,72.874775,25.68,0.0,3,1
E00062921,2026-01-01 08:29:26,V04410,Z005,ENTRY,0,37,81,19.069387,72.874622,25.68,0.0,3,1
E00092373,2026-01-01 08:29:26,V02492,Z006,ENTRY,0,47,133,19.043639,72.840102,25.68,0.0,3,1
E00178786,2026-01-01 08:29:35,V05774,Z012,ENTRY,0,48,147,19.059426,72.916682,25.68,0.0,3,1
E00259273,2026-01-01 08:29:38,V01382,Z015,EXIT,29,45,116,19.108742,72.918116,25.68,0.0,3,1
E00259274,2026-01-01 08:30:00,V04889,Z015,ENTRY,0,46,116,19.108491,72.917379,25.68,0.0,3,1
E00008490,2026-01-01 08:30:05,V05129,Z002,ENTRY,0,24,122,19.126891,72.934139,25.68,0.0,3,1
E00163908,2026-01-01 08:30:06,V00751,Z011,ENTRY,0,26,93,19.106241,72.87105,25.68,0.0,3,1
E00259275,2026-01-01 08:30:07,V01092,Z015,EXIT,63,45,116,19.109663,72.918372,25.68,0.0,3,1
E00135293,2026-01-01 08:30:09,V02865,Z008,ENTRY,0,27,113,19.024438,72.873872,25.68,0.0,3,1
E00062922,2026-01-01 08:30:13,V02152,Z005,EXIT,25,36,81,19.068666,72.87311,25.68,0.0,3,1
E00259276,2026-01-01 08:30:17,V04381,Z015,ENTRY,0,46,116,19.110353,72.918088,25.68,0.0,3,1
E00025868,2026-01-01 08:30:21,V05701,Z003,ENTRY,0,30,108,19.09345,72.857783,25.68,0.0,3,1
E00062923,2026-01-01 08:30:23,V02264,Z005,ENTRY,0,37,81,19.068555,72.873134,25.68,0.0,3,1
E00259277,2026-01-01 08:30:23,V04561,Z015,ENTRY,0,47,116,19.10961,72.917837,25.68,0.0,3,1
E00259278,2026-01-01 08:30:26,V00615,Z015,ENTRY,0,48,116,19.109264,72.91758,25.68,0.0,3,1
E00178787,2026-01-01 08:30:28,V05090,Z012,ENTRY,0,49,147,19.057756,72.918173,25.68,0.0,3,1
E00092374,2026-01-01 08:30:39,V05986,Z006,ENTRY,0,48,133,19.043959,72.840722,25.68,0.0,3,1
E00135294,2026-01-01 08:30:41,V02259,Z008,ENTRY,0,28,113,19.024518,72.874775,25.68,0.0,3,1
E00259279,2026-01-01 08:30:47,V04766,Z015,ENTRY,0,49,116,19.109385,72.917894,25.68,0.0,3,1
E00135295,2026-01-01 08:30:50,V05889,Z008,ENTRY,0,29,113,19.024594,72.874186,25.68,0.0,3,1
E00062924,2026-01-01 08:30:50,V05315,Z005,EXIT,36,36,81,19.069565,72.873246,25.68,0.0,3,1
E00008491,2026-01-01 08:30:53,V00196,Z002,ENTRY,0,25,122,19.126587,72.933952,25.68,0.0,3,1
E00008492,2026-01-01 08:31:02,V00880,Z002,EXIT,210,24,122,19.126496,72.934257,25.68,0.0,3,1
E00041348,2026-01-01 08:31:16,V05358,Z004,EXIT,80,24,82,19.114911,72.861267,25.68,0.0,3,1
E00062925,2026-01-01 08:31:17,V02973,Z005,ENTRY,0,37,81,19.069122,72.873515,25.68,0.0,3,1
E00178788,2026-01-01 08:31:20,V01600,Z012,EXIT,140,48,147,19.059484,72.91699,25.68,0.0,3,1
E00259280,2026-01-01 08:31:24,V02665,Z015,ENTRY,0,50,116,19.109545,72.916798,25.68,0.0,3,1
E00008493,2026-01-01 08:31:35,V05308,Z002,ENTRY,0,25,122,19.127059,72.933551,25.68,0.0,3,1
E00303256,2026-01-01 08:31:36,V04931,Z016,ENTRY,0,44,124,19.038647,72.913281,25.68,0.0,3,1
E00092375,2026-01-01 08:31:40,V05046,Z006,EXIT,44,47,133,19.043347,72.840165,25.68,0.0,3,1
E00303257,2026-01-01 08:31:55,V03180,Z016,EXIT,51,43,124,19.0389,72.914833,25.68,0.0,3,1
E00303258,2026-01-01 08:32:04,V01767,Z016,ENTRY,0,44,124,19.039616,72.914058,25.68,0.0,3,1
E00062926,2026-01-01 08:32:09,V00819,Z005,EXIT,30,36,81,19.068671,72.874625,25.68,0.0,3,1
E00152418,2026-01-01 08:32:13,V04161,Z009,ENTRY,0,10,54,19.114363,72.844062,25.68,0.0,3,1
E00126586,2026-01-01 08:32:27,V04381,Z007,ENTRY,0,12,40,19.082814,72.832944,25.68,0.0,3,1
E00259281,2026-01-01 08:32:29,V00575,Z015,EXIT,30,49,116,19.108776,72.918068,25.68,0.0,3,1
E00389450,2026-01-01 08:32:31,V00554,Z020,ENTRY,0,16,84,19.098903,72.834827,25.68,0.0,3,1
E00008494,2026-01-01 08:32:33,V01210,Z002,ENTRY,0,26,122,19.126936,72.933021,25.68,0.0,3,1
E00206464,2026-01-01 08:32:36,V01310,Z013,ENTRY,0,32,118,19.131722,72.901731,25.68,0.0,3,1
E00062927,2026-01-01 08:32:39,V02451,Z005,EXIT,46,35,81,19.068934,72.874258,25.68,0.0,3,1
E00092376,2026-01-01 08:32:39,V03484,Z006,ENTRY,0,48,133,19.042675,72.840573,25.68,0.0,3,1
E00362786,2026-01-01 08:32:40,V01801,Z019,ENTRY,0,32,130,19.0348,72.900264,25.68,0.0,3,1
E00362787,2026-01-01 08:32:43,V04642,Z019,ENTRY,0,33,130,19.035059,72.898838,25.68,0.0,3,1
E00222252,2026-01-01 08:32:48,V03970,Z014,EXIT,61,44,121,19.122641,72.854248,25.68,0.0,3,1
E00152419,2026-01-01 08:33:00,V02687,Z009,ENTRY,0,11,54,19.114912,72.844736,25.68,0.0,3,1
E00008495,2026-01-01 08:33:01,V05525,Z002,ENTRY,0,27,122,19.128036,72.934792,25.68,0.0,3,1
E00259282,2026-01-01 08:33:04,V05042,Z015,ENTRY,0,50,116,19.110347,72.918265,25.68,0.0,3,1
E00222253,2026-01-01 08:33:09,V01402,Z014,EXIT,22,43,121,19.123566,72.854219,25.68,0.0,3,1
E00062928,2026-01-01 08:33:10,V03778,Z005,ENTRY,0,36,81,19.070089,72.873575,25.68,0.0,3,1
E00303259,2026-01-01 08:33:17,V04581,Z016,EXIT,30,43,124,19.03956,72.914045,25.68,0.0,3,1
E00062929,2026-01-01 08:33:18,V05034,Z005,ENTRY,0,37,81,19.06947,72.873913,25.68,0.0,3,1
E00303260,2026-01-01 08:33:20,V03198,Z016,ENTRY,0,44,124,19.040288,72.915088,25.68,0.0,3,1
E00206465,2026-01-01 08:33:20,V04859,Z013,EXIT,169,31,118,19.132592,72.901186,25.68,0.0,3,1
E00259283,2026-01-01 08:33:22,V05848,Z015,ENTRY,0,51,116,19.110072,72.917975,25.68,0.0,3,1
E00342414,2026-01-01 08:33:23,V03014,Z017,ENTRY,0,22,91,19.071575,72.864445,25.68,0.0,3,1
E00206466,2026-01-01 08:33:24,V01370,Z013,ENTRY,0,32,118,19.133344,72.902479,25.68,0.0,3,1
E00362788,2026-01-01 08:33:26,V01599,Z019,EXIT,105,32,130,19.034726,72.898728,25.68,0.0,3,1
E00259284,2026-01-01 08:33:27,V05095,Z015,EXIT,63,50,116,19.10987,72.917813,25.68,0.0,3,1
E00222254,2026-01-01 08:33:29,V01720,Z014,ENTRY,0,44,121,19.122456,72.855233,25.68,0.0,3,1
E00092377,2026-01-01 08:33:33,V02683,Z006,ENTRY,0,49,133,19.043542,72.839635,25.68,0.0,3,1
E00092378,2026-01-01 08:33:36,V01965,Z006,EXIT,117,48,133,19.044018,72.840839,25.68,0.0,3,1
E00259285,2026-01-01 08:33:44,V05152,Z015,EXIT,46,49,116,19.109043,72.917718,25.68,0.0,3,1
E00062930,2026-01-01 08:33:59,V01975,Z005,EXIT,25,36,81,19.068534,72.87383,25.68,0.0,3,1
E00178789,2026-01-01 08:33:59,V04393,Z012,ENTRY,0,49,147,19.058772,72.918609,25.68,0.0,3,1
E00062931,2026-01-01 08:34:00,V04466,Z005,ENTRY,0,37,81,19.069423,72.873155,25.68,0.0,3,1
E00222255,2026-01-01 08:34:01,V03090,Z014,ENTRY,0,45,121,19.122458,72.855115,25.68,0.0,3,1
E00342415,2026-01-01 08:34:01,V00737,Z017,ENTRY,0,23,91,19.072108,72.864623,25.68,0.0,3,1
E00389451,2026-01-01 08:34:04,V05718,Z020,ENTRY,0,17,84,19.098695,72.834074,25.68,0.0,3,1
E00389452,2026-01-01 08:34:07,V04562,Z020,ENTRY,0,18,84,19.097759,72.834784,25.68,0.0,3,1
E00159550,2026-01-01 08:34:08,V03974,Z010,EXIT,113,12,41,19.09234,72.898254,25.68,0.0,3,1
E00362789,2026-01-01 08:34:10,V00652,Z019,ENTRY,0,33,130,19.034273,72.898647,25.68,0.0,3,1
E00008496,2026-01-01 08:34:13,V03283,Z002,EXIT,95,26,122,19.127734,72.933848,25.68,0.0,3,1
E00178790,2026-01-01 08:34:13,V03634,Z012,EXIT,178,48,147,19.058881,72.916792,25.68,0.0,3,1
E00303261,2026-01-01 08:34:27,V02911,Z016,EXIT,42,43,124,19.039277,72.915147,25.68,0.0,3,1
E00041349,2026-01-01 08:34:31,V01702,Z004,ENTRY,0,25,82,19.114266,72.862394,25.68,0.0,3,1
E00062932,2026-01-01 08:34:39,V04156,Z005,EXIT,57,36,81,19.069763,72.873143,25.68,0.0,3,1
E00342416,2026-01-01 08:34:41,V03010,Z017,EXIT,72,22,91,19.072078,72.863388,25.68,0.0,3,1
E00222256,2026-01-01 08:34:42,V01729,Z014,EXIT,25,44,121,19.122272,72.854542,25.68,0.0,3,1
E00000036,2026-01-01 08:34:42,V03152,Z001,ENTRY,0,14,40,19.059722,72.907497,25.68,0.0,3,1
E00092379,2026-01-01 08:34:45,V05645,Z006,EXIT,48,47,133,19.044036,72.841358,25.68,0.0,3,1
E00259286,2026-01-01 08:34:45,V02320,Z015,ENTRY,0,50,116,19.108553,72.916595,25.68,0.0,3,1
E00152420,2026-01-01 08:34:47,V04455,Z009,ENTRY,0,12,54,19.115751,72.844157,25.68,0.0,3,1
E00000037,2026-01-01 08:34:47,V04827,Z001,ENTRY,0,15,40,19.060561,72.906662,25.68,0.0,3,1
E00008497,2026-01-01 08:34:48,V03921,Z002,EXIT,69,25,122,19.127311,72.934282,25.68,0.0,3,1
E00163909,2026-01-01 08:34:52,V00214,Z011,ENTRY,0,27,93,19.107108,72.870275,25.68,0.0,3,1
E00135296,2026-01-01 08:34:55,V02880,Z008,ENTRY,0,30,113,19.023901,72.875686,25.68,0.0,3,1
E00062933,2026-01-01 08:35:11,V02405,Z005,ENTRY,0,37,81,19.068662,72.873488,25.68,0.0,3,1
E00362790,2026-01-01 08:35:11,V05301,Z019,ENTRY,0,34,130,19.033776,72.900028,25.68,0.0,3,1
E00342417,2026-01-01 08:35:13,V03601,Z017,EXIT,118,21,91,19.071587,72.86419,25.68,0.0,3,1
E00178791,2026-01-01 08:35:15,V01346,Z012,ENTRY,0,49,147,19.058685,72.917256,25.68,0.0,3,1
E00342418,2026-01-01 08:35:15,V03149,Z017,ENTRY,0,22,91,19.072366,72.864841,25.68,0.0,3,1
E00178792,2026-01-01 08:35:17,V01935,Z012,ENTRY,0,50,147,19.058163,72.917914,25.68,0.0,3,1
E00222257,2026-01-01 08:35:20,V01287,Z014,EXIT,84,43,121,19.122975,72.855423,25.68,0.0,3,1
E00355436,2026-01-01 08:35:20,V03574,Z018,EXIT,99,8,45,19.021208,72.852032,25.68,0.0,3,1
E00222258,2026-01-01 08:35:24,V00356,Z014,ENTRY,0,44,121,19.124146,72.854974,25.68,0.0,3,1
E00303262,2026-01-01 08:35:26,V00713,Z016,ENTRY,0,44,124,19.039074,72.913303,25.68,0.0,3,1
E00092380,2026-01-01 08:35:27,V02131,Z006,ENTRY,0,48,133,19.044121,72.840616,25.68,0.0,3,1
E00362791,2026-01-01 08:35:30,V05867,Z019,ENTRY,0,35,130,19.033557,72.899323,25.68,0.0,3,1
E00062934,2026-01-01 08:35:30,V00829,Z005,ENTRY,0,38,81,19.069995,72.873144,25.68,0.0,3,1
E00041350,2026-01-01 08:35:31,V03111,Z004,ENTRY,0,26,82,19.11546,72.863116,25.68,0.0,3,1
E00222259,2026-01-01 08:35:36,V03470,Z014,ENTRY,0,45,121,19.122809,72.855638,25.68,0.0,3,1
E00362792,2026-01-01 08:35:41,V03696,Z019,ENTRY,0,36,130,19.035266,72.899151,25.68,0.0,3,1
E00041351,2026-01-01 08:35:43,V03720,Z004,ENTRY,0,27,82,19.115581,72.86188,25.68,0.0,3,1
E00222260,2026-01-01 08:35:50,V00033,Z014,ENTRY,0,46,121,19.124012,72.856128,25.68,0.0,3,1
E00303263,2026-01-01 08:35:52,V01382,Z016,ENTRY,0,45,124,19.038634,72.915232,25.68,0.0,3,1
E00362793,2026-01-01 08:35:54,V05129,Z019,ENTRY,0,37,130,19.033615,72.89947,25.68,0.0,3,1
E00178793,2026-01-01 08:35:55,V04669,Z012,EXIT,35,49,147,19.059256,72.917667,25.68,0.0,3,1
E00206467,2026-01-01 08:35:57,V02798,Z013,ENTRY,0,33,118,19.131507,72.901608,25.68,0.0,3,1
E00092381,2026-01-01 08:36:00,V04208,Z006,ENTRY,0,49,133,19.044014,72.83985,25.68,0.0,3,1
E00062935,2026-01-01 08:36:01,V04656,Z005,EXIT,20,37,81,19.068267,72.874722,25.68,0.0,3,1
E00303264,2026-01-01 08:36:02,V00032,Z016,ENTRY,0,46,124,19.039782,72.913892,25.68,0.0,3,1
E00206468,2026-01-01 08:36:05,V01468,Z013,EXIT,127,32,118,19.132544,72.902196,25.68,0.0,3,1
E00041352,2026-01-01 08:36:07,V05999,Z004,ENTRY,0,28,82,19.114133,72.862733,25.68,0.0,3,1
E00062936,2026-01-01 08:36:09,V01466,Z005,EXIT,53,36,81,19.068834,72.874801,25.68,0.0,3,1
E00303265,2026-01-01 08:36:09,V02472,Z016,ENTRY,0,47,124,19.03902,72.915051,25.68,0.0,3,1
E00206469,2026-01-01 08:36:10,V00940,Z013,ENTRY,0,33,118,19.132235,72.90164,25.68,0.0,3,1
E00206470,2026-01-01 08:36:16,V02188,Z013,EXIT,106,32,118,19.131563,72.902136,25.68,0.0,3,1
E00008498,2026-01-01 08:36:22,V04225,Z002,EXIT,162,24,122,19.127399,72.933202,25.68,0.0,3,1
E00355437,2026-01-01 08:36:25,V04621,Z018,ENTRY,0,9,45,19.02118,72.852274,25.68,0.0,3,1
E00303266,2026-01-01 08:36:29,V03076,Z016,ENTRY,0,48,124,19.038698,72.91513,25.68,0.0,3,1
E00259287,2026-01-01 08:36:29,V02804,Z015,EXIT,107,49,116,19.109274,72.917303,25.68,0.0,3,1
E00303267,2026-01-01 08:36:31,V01973,Z016,ENTRY,0,49,124,19.038495,72.913277,25.68,0.0,3,1
E00362794,2026-01-01 08:36:35,V00752,Z019,ENTRY,0,38,130,19.035458,72.899584,25.68,0.0,3,1
E00303268,2026-01-01 08:36:39,V02375,Z016,ENTRY,0,50,124,19.040109,72.913402,25.68,0.0,3,1
E00362795,2026-01-01 08:36:42,V03292,Z019,ENTRY,0,39,130,19.034677,72.899649,25.68,0.0,3,1
E00259288,2026-01-01 08:36:46,V01349,Z015,ENTRY,0,50,116,19.10893,72.917878,25.68,0.0,3,1
E00362796,2026-01-01 08:36:47,V01479,Z019,ENTRY,0,40,130,19.034895,72.899753,25.68,0.0,3,1
E00062937,2026-01-01 08:36:48,V04478,Z005,ENTRY,0,37,81,19.068383,72.874741,25.68,0.0,3,1
E00389453,2026-01-01 08:36:49,V01090,Z020,ENTRY,0,19,84,19.098881,72.835038,25.68,0.0,3,1
E00259289,2026-01-01 08:36:49,V00971,Z015,EXIT,33,49,116,19.109851,72.918203,25.68,0.0,3,1
E00222261,2026-01-01 08:36:50,V03274,Z014,EXIT,40,45,121,19.124033,72.854756,25.68,0.0,3,1
E00259290,2026-01-01 08:36:54,V04882,Z015,EXIT,30,48,116,19.110333,72.917506,25.68,0.0,3,1
E00092382,2026-01-01 08:37:03,V05486,Z006,ENTRY,0,50,133,19.043056,72.84052,25.68,0.0,3,1
E00222262,2026-01-01 08:37:09,V00285,Z014,ENTRY,0,46,121,19.123727,72.854343,25.68,0.0,3,1
E00206471,2026-01-01 08:37:10,V02456,Z013,EXIT,139,31,118,19.132296,72.902608,25.68,0.0,3,1
E00362797,2026-01-01 08:37:11,V02022,Z019,ENTRY,0,41,130,19.034262,72.89903,25.68,0.0,3,1
E00303269,2026-01-01 08:37:14,V02931,Z016,ENTRY,0,51,124,19.040189,72.913733,25.68,0.0,3,1
E00163910,2026-01-01 08:37:20,V04340,Z011,ENTRY,0,28,93,19.106603,72.869625,25.68,0.0,3,1
E00362798,2026-01-01 08:37:23,V05154,Z019,EXIT,33,40,130,19.034397,72.898765,25.68,0.0,3,1
E00206472,2026-01-01 08:37:23,V00193,Z013,ENTRY,0,32,118,19.131501,72.90224,25.68,0.0,3,1
E00362799,2026-01-01 08:37:25,V04861,Z019,EXIT,81,39,130,19.034821,72.900111,25.68,0.0,3,1
E00303270,2026-01-01 08:37:27,V01800,Z016,EXIT,65,50,124,19.039591,72.914373,25.68,0.0,3,1
E00135297,2026-01-01 08:37:35,V05763,Z008,ENTRY,0,31,113,19.023509,72.87496,25.68,0.0,3,1
E00092383,2026-01-01 08:37:53,V04860,Z006,ENTRY,0,51,133,19.042514,72.839794,25.68,0.0,3,1
E00303271,2026-01-01 08:37:53,V01298,Z016,ENTRY,0,51,124,19.039699,72.913998,25.68,0.0,3,1
E00259291,2026-01-01 08:37:53,V01329,Z015,ENTRY,0,49,116,19.108999,72.918131,25.68,0.0,3,1
